event_id,dimension,participants,n_advantaged,n_disadvantaged,n_missing,threshold,tied_at_threshold
a1r_2019,gender,523,253,270,0,NA,NA
a1r_2019,education,523,0,523,0,4,268
a1r_2019,income,523,0,0,523,NA,NA
a1r_2019,combined,523,0,0,523,NA,NA
oboe_1,gender,87,27,33,27,NA,NA
oboe_1,education,87,37,42,8,4,29
oboe_1,income,87,30,42,15,4,20
oboe_1,combined,87,10,47,30,NA,NA
oboe_24,gender,43,22,19,2,NA,NA
oboe_24,education,43,20,21,2,4,11
oboe_24,income,43,17,23,3,4,8
oboe_24,combined,43,6,34,3,NA,NA
oboe_16,gender,185,84,76,25,NA,NA
oboe_16,education,185,61,101,23,4,42
oboe_16,income,185,54,97,34,4,31
oboe_16,combined,185,15,133,37,NA,NA
oboe_20,gender,330,0,0,330,NA,NA
oboe_20,education,330,136,162,32,4,95
oboe_20,income,330,106,142,82,4,57
oboe_20,combined,330,0,0,330,NA,NA
oboe_10,gender,60,27,29,4,NA,NA
oboe_10,education,60,28,30,2,4,22
oboe_10,income,60,20,36,4,4,18
oboe_10,combined,60,8,46,6,NA,NA
oboe_5,gender,371,146,181,44,NA,NA
oboe_5,education,371,113,208,50,4,87
oboe_5,income,371,112,193,66,4,52
oboe_5,combined,371,31,262,78,NA,NA
oboe_21,gender,304,53,40,211,NA,NA
oboe_21,education,304,108,168,28,4,92
oboe_21,income,304,106,111,87,4,40
oboe_21,combined,304,13,70,221,NA,NA
oboe_6,gender,58,30,25,3,NA,NA
oboe_6,education,58,20,36,2,4,20
oboe_6,income,58,20,30,8,4,9
oboe_6,combined,58,7,42,9,NA,NA
oboe_11,gender,62,19,33,10,NA,NA
oboe_11,education,62,0,51,11,5,26
oboe_11,income,62,25,26,11,3,12
oboe_11,combined,62,0,48,14,NA,NA
oboe_17,gender,21,15,6,0,NA,NA
oboe_17,education,21,7,14,0,4,12
oboe_17,income,21,7,13,1,5,5
oboe_17,combined,21,2,18,1,NA,NA
oboe_13,gender,48,5,15,28,NA,NA
oboe_13,education,48,19,26,3,4,18
oboe_13,income,48,16,22,10,4,10
oboe_13,combined,48,1,19,28,NA,NA
oboe_8,gender,89,49,30,10,NA,NA
oboe_8,education,89,35,48,6,4,21
oboe_8,income,89,27,52,10,4,17
oboe_8,combined,89,7,68,14,NA,NA
oboe_14,gender,56,13,20,23,NA,NA
oboe_14,education,56,0,46,10,5,24
oboe_14,income,56,15,28,13,4,9
oboe_14,combined,56,0,30,26,NA,NA
oboe_7,gender,81,27,17,37,NA,NA
oboe_7,education,81,30,48,3,4,33
oboe_7,income,81,25,46,10,5,13
oboe_7,combined,81,9,34,38,NA,NA
oboe_19,gender,291,74,76,141,NA,NA
oboe_19,education,291,99,140,52,4,77
oboe_19,income,291,86,138,67,4,49
oboe_19,combined,291,23,121,147,NA,NA
oboe_18,gender,398,68,64,266,NA,NA
oboe_18,education,398,125,210,63,4,110
oboe_18,income,398,141,145,112,3,70
oboe_18,combined,398,10,109,279,NA,NA
oboe_15,gender,106,12,10,84,NA,NA
oboe_15,education,106,33,60,13,4,27
oboe_15,income,106,37,45,24,3,9
oboe_15,combined,106,4,15,87,NA,NA
oboe_22,gender,74,31,29,14,NA,NA
oboe_22,education,74,29,40,5,4,24
oboe_22,income,74,30,35,9,4,9
oboe_22,combined,74,7,48,19,NA,NA
oboe_27,gender,87,46,36,5,NA,NA
oboe_27,education,87,39,42,6,4,27
oboe_27,income,87,26,51,10,5,19
oboe_27,combined,87,6,71,10,NA,NA
hongkong_deliberation,gender,6,0,0,6,NA,NA
hongkong_deliberation,education,6,0,0,6,NA,NA
hongkong_deliberation,income,6,0,0,6,NA,NA
hongkong_deliberation,combined,6,0,0,6,NA,NA
hongkong_discussion,gender,6,0,0,6,NA,NA
hongkong_discussion,education,6,0,0,6,NA,NA
hongkong_discussion,income,6,0,0,6,NA,NA
hongkong_discussion,combined,6,0,0,6,NA,NA
tanzania_2015,gender,371,182,188,1,NA,NA
tanzania_2015,education,371,0,0,371,NA,NA
tanzania_2015,income,371,0,0,371,NA,NA
tanzania_2015,combined,371,0,0,371,NA,NA
a1r_climate_2021,gender,962,444,518,0,NA,NA
a1r_climate_2021,education,962,230,732,0,4,263
a1r_climate_2021,income,962,405,557,0,11,99
a1r_climate_2021,combined,962,95,867,0,NA,NA
celaya_2,gender,15,7,8,0,NA,NA
celaya_2,education,15,4,11,0,4,8
celaya_2,income,15,7,8,0,4,1
celaya_2,combined,15,1,14,0,NA,NA
celaya_4,gender,15,7,8,0,NA,NA
celaya_4,education,15,4,11,0,4,7
celaya_4,income,15,6,9,0,5,2
celaya_4,combined,15,0,15,0,NA,NA
celaya_5,gender,15,8,7,0,NA,NA
celaya_5,education,15,7,8,0,4,3
celaya_5,income,15,7,8,0,3,1
celaya_5,combined,15,2,13,0,NA,NA
celaya_7,gender,15,5,10,0,NA,NA
celaya_7,education,15,3,12,0,4,6
celaya_7,income,15,7,8,0,6,3
celaya_7,combined,15,1,14,0,NA,NA
celaya_10,gender,15,3,12,0,NA,NA
celaya_10,education,15,5,10,0,4,5
celaya_10,income,15,6,8,1,5,3
celaya_10,combined,15,0,14,1,NA,NA
celaya_12,gender,14,9,5,0,NA,NA
celaya_12,education,14,2,12,0,4,11
celaya_12,income,14,4,10,0,5,6
celaya_12,combined,14,0,14,0,NA,NA
celaya_13,gender,15,7,8,0,NA,NA
celaya_13,education,15,5,10,0,4,5
celaya_13,income,15,7,8,0,8,1
celaya_13,combined,15,2,13,0,NA,NA
echo_mixed,gender,308,155,153,0,NA,NA
echo_mixed,education,308,0,0,308,NA,NA
echo_mixed,income,308,0,0,308,NA,NA
echo_mixed,combined,308,0,0,308,NA,NA
echo_con,gender,127,86,41,0,NA,NA
echo_con,education,127,0,0,127,NA,NA
echo_con,income,127,0,0,127,NA,NA
echo_con,combined,127,0,0,127,NA,NA
echo_lab,gender,218,99,117,2,NA,NA
echo_lab,education,218,0,0,218,NA,NA
echo_lab,income,218,0,0,218,NA,NA
echo_lab,combined,218,0,0,218,NA,NA
whatsapp_gen_HH,gender,200,134,66,0,NA,NA
whatsapp_gen_HH,education,200,51,149,0,4,91
whatsapp_gen_HH,income,200,100,100,0,57500,0
whatsapp_gen_HH,combined,200,22,178,0,NA,NA
whatsapp_igr_HH,gender,186,100,86,0,NA,NA
whatsapp_igr_HH,education,186,32,154,0,4,74
whatsapp_igr_HH,income,186,86,100,0,50000,8
whatsapp_igr_HH,combined,186,9,177,0,NA,NA
whatsapp_gen_HM,gender,160,122,38,0,NA,NA
whatsapp_gen_HM,education,160,45,115,0,4,64
whatsapp_gen_HM,income,160,75,85,0,35000,6
whatsapp_gen_HM,combined,160,23,137,0,NA,NA
whatsapp_igr_HM,gender,166,112,54,0,NA,NA
whatsapp_igr_HM,education,166,31,135,0,4,77
whatsapp_igr_HM,income,166,83,83,0,33500,0
whatsapp_igr_HM,combined,166,11,155,0,NA,NA
cross_party_2021,gender,294,154,139,1,NA,NA
cross_party_2021,education,294,0,0,294,NA,NA
cross_party_2021,income,294,0,0,294,NA,NA
cross_party_2021,combined,294,0,0,294,NA,NA
consensus_1,gender,116,38,78,0,NA,NA
consensus_1,education,116,0,0,116,NA,NA
consensus_1,income,116,0,0,116,NA,NA
consensus_1,combined,116,0,0,116,NA,NA
consensus_2,gender,136,44,92,0,NA,NA
consensus_2,education,136,0,0,136,NA,NA
consensus_2,income,136,0,0,136,NA,NA
consensus_2,combined,136,0,0,136,NA,NA
diplomacy_control,gender,105,41,63,1,NA,NA
diplomacy_control,education,105,0,0,105,NA,NA
diplomacy_control,income,105,0,0,105,NA,NA
diplomacy_control,combined,105,0,0,105,NA,NA
diplomacy_experimental,gender,105,41,63,1,NA,NA
diplomacy_experimental,education,105,0,0,105,NA,NA
diplomacy_experimental,income,105,0,0,105,NA,NA
diplomacy_experimental,combined,105,0,0,105,NA,NA
shizuoka_2019,gender,65,35,30,0,NA,NA
shizuoka_2019,education,65,32,32,1,2.5,0
shizuoka_2019,income,65,0,0,65,NA,NA
shizuoka_2019,combined,65,0,0,65,NA,NA
