format,construct,timing_class,membership,metric,weighting,pairs,families,mean,positive_fraction,largest_family_share,se,df,lower,upper,inference,omitted_family
casual_discussion,policy,immediate,available,d_combined,pairs,0,0,NA,NA,NA,NA,NA,NA,NA,no eligible pairs,hongkong_2020
casual_discussion,policy,immediate,available,d_combined,equal_family_event,0,0,NA,NA,NA,NA,NA,NA,NA,no eligible pairs,hongkong_2020
casual_discussion,policy,immediate,available,d_education,pairs,0,0,NA,NA,NA,NA,NA,NA,NA,no eligible pairs,hongkong_2020
casual_discussion,policy,immediate,available,d_education,equal_family_event,0,0,NA,NA,NA,NA,NA,NA,NA,no eligible pairs,hongkong_2020
casual_discussion,policy,immediate,available,d_gender,pairs,0,0,NA,NA,NA,NA,NA,NA,NA,no eligible pairs,hongkong_2020
casual_discussion,policy,immediate,available,d_gender,equal_family_event,0,0,NA,NA,NA,NA,NA,NA,NA,no eligible pairs,hongkong_2020
casual_discussion,policy,immediate,available,d_income,pairs,0,0,NA,NA,NA,NA,NA,NA,NA,no eligible pairs,hongkong_2020
casual_discussion,policy,immediate,available,d_income,equal_family_event,0,0,NA,NA,NA,NA,NA,NA,NA,no eligible pairs,hongkong_2020
casual_discussion,policy,immediate,available,h,pairs,0,0,NA,NA,NA,NA,NA,NA,NA,no eligible pairs,hongkong_2020
casual_discussion,policy,immediate,available,h,equal_family_event,0,0,NA,NA,NA,NA,NA,NA,NA,no eligible pairs,hongkong_2020
casual_discussion,policy,immediate,available,p,pairs,0,0,NA,NA,NA,NA,NA,NA,NA,no eligible pairs,hongkong_2020
casual_discussion,policy,immediate,available,p,equal_family_event,0,0,NA,NA,NA,NA,NA,NA,NA,no eligible pairs,hongkong_2020
casual_discussion,policy,immediate,available,p_absolute,pairs,0,0,NA,NA,NA,NA,NA,NA,NA,no eligible pairs,hongkong_2020
casual_discussion,policy,immediate,available,p_absolute,equal_family_event,0,0,NA,NA,NA,NA,NA,NA,NA,no eligible pairs,hongkong_2020
casual_discussion,policy,immediate,paired,d_combined,pairs,0,0,NA,NA,NA,NA,NA,NA,NA,no eligible pairs,hongkong_2020
casual_discussion,policy,immediate,paired,d_combined,equal_family_event,0,0,NA,NA,NA,NA,NA,NA,NA,no eligible pairs,hongkong_2020
casual_discussion,policy,immediate,paired,d_education,pairs,0,0,NA,NA,NA,NA,NA,NA,NA,no eligible pairs,hongkong_2020
casual_discussion,policy,immediate,paired,d_education,equal_family_event,0,0,NA,NA,NA,NA,NA,NA,NA,no eligible pairs,hongkong_2020
casual_discussion,policy,immediate,paired,d_gender,pairs,0,0,NA,NA,NA,NA,NA,NA,NA,no eligible pairs,hongkong_2020
casual_discussion,policy,immediate,paired,d_gender,equal_family_event,0,0,NA,NA,NA,NA,NA,NA,NA,no eligible pairs,hongkong_2020
casual_discussion,policy,immediate,paired,d_income,pairs,0,0,NA,NA,NA,NA,NA,NA,NA,no eligible pairs,hongkong_2020
casual_discussion,policy,immediate,paired,d_income,equal_family_event,0,0,NA,NA,NA,NA,NA,NA,NA,no eligible pairs,hongkong_2020
casual_discussion,policy,immediate,paired,h,pairs,0,0,NA,NA,NA,NA,NA,NA,NA,no eligible pairs,hongkong_2020
casual_discussion,policy,immediate,paired,h,equal_family_event,0,0,NA,NA,NA,NA,NA,NA,NA,no eligible pairs,hongkong_2020
casual_discussion,policy,immediate,paired,p,pairs,0,0,NA,NA,NA,NA,NA,NA,NA,no eligible pairs,hongkong_2020
casual_discussion,policy,immediate,paired,p,equal_family_event,0,0,NA,NA,NA,NA,NA,NA,NA,no eligible pairs,hongkong_2020
casual_discussion,policy,immediate,paired,p_absolute,pairs,0,0,NA,NA,NA,NA,NA,NA,NA,no eligible pairs,hongkong_2020
casual_discussion,policy,immediate,paired,p_absolute,equal_family_event,0,0,NA,NA,NA,NA,NA,NA,NA,no eligible pairs,hongkong_2020
classroom_discussion,policy,immediate,available,d_combined,pairs,0,0,NA,NA,NA,NA,NA,NA,NA,no eligible pairs,consensus
classroom_discussion,policy,immediate,available,d_combined,equal_family_event,0,0,NA,NA,NA,NA,NA,NA,NA,no eligible pairs,consensus
classroom_discussion,policy,immediate,available,d_education,pairs,0,0,NA,NA,NA,NA,NA,NA,NA,no eligible pairs,consensus
classroom_discussion,policy,immediate,available,d_education,equal_family_event,0,0,NA,NA,NA,NA,NA,NA,NA,no eligible pairs,consensus
classroom_discussion,policy,immediate,available,d_gender,pairs,0,0,NA,NA,NA,NA,NA,NA,NA,no eligible pairs,consensus
classroom_discussion,policy,immediate,available,d_gender,equal_family_event,0,0,NA,NA,NA,NA,NA,NA,NA,no eligible pairs,consensus
classroom_discussion,policy,immediate,available,d_income,pairs,0,0,NA,NA,NA,NA,NA,NA,NA,no eligible pairs,consensus
classroom_discussion,policy,immediate,available,d_income,equal_family_event,0,0,NA,NA,NA,NA,NA,NA,NA,no eligible pairs,consensus
classroom_discussion,policy,immediate,available,h,pairs,0,0,NA,NA,NA,NA,NA,NA,NA,no eligible pairs,consensus
classroom_discussion,policy,immediate,available,h,equal_family_event,0,0,NA,NA,NA,NA,NA,NA,NA,no eligible pairs,consensus
classroom_discussion,policy,immediate,available,p,pairs,0,0,NA,NA,NA,NA,NA,NA,NA,no eligible pairs,consensus
classroom_discussion,policy,immediate,available,p,equal_family_event,0,0,NA,NA,NA,NA,NA,NA,NA,no eligible pairs,consensus
classroom_discussion,policy,immediate,available,p_absolute,pairs,0,0,NA,NA,NA,NA,NA,NA,NA,no eligible pairs,consensus
classroom_discussion,policy,immediate,available,p_absolute,equal_family_event,0,0,NA,NA,NA,NA,NA,NA,NA,no eligible pairs,consensus
classroom_discussion,policy,immediate,paired,d_combined,pairs,0,0,NA,NA,NA,NA,NA,NA,NA,no eligible pairs,consensus
classroom_discussion,policy,immediate,paired,d_combined,equal_family_event,0,0,NA,NA,NA,NA,NA,NA,NA,no eligible pairs,consensus
classroom_discussion,policy,immediate,paired,d_education,pairs,0,0,NA,NA,NA,NA,NA,NA,NA,no eligible pairs,consensus
classroom_discussion,policy,immediate,paired,d_education,equal_family_event,0,0,NA,NA,NA,NA,NA,NA,NA,no eligible pairs,consensus
classroom_discussion,policy,immediate,paired,d_gender,pairs,0,0,NA,NA,NA,NA,NA,NA,NA,no eligible pairs,consensus
classroom_discussion,policy,immediate,paired,d_gender,equal_family_event,0,0,NA,NA,NA,NA,NA,NA,NA,no eligible pairs,consensus
classroom_discussion,policy,immediate,paired,d_income,pairs,0,0,NA,NA,NA,NA,NA,NA,NA,no eligible pairs,consensus
classroom_discussion,policy,immediate,paired,d_income,equal_family_event,0,0,NA,NA,NA,NA,NA,NA,NA,no eligible pairs,consensus
classroom_discussion,policy,immediate,paired,h,pairs,0,0,NA,NA,NA,NA,NA,NA,NA,no eligible pairs,consensus
classroom_discussion,policy,immediate,paired,h,equal_family_event,0,0,NA,NA,NA,NA,NA,NA,NA,no eligible pairs,consensus
classroom_discussion,policy,immediate,paired,p,pairs,0,0,NA,NA,NA,NA,NA,NA,NA,no eligible pairs,consensus
classroom_discussion,policy,immediate,paired,p,equal_family_event,0,0,NA,NA,NA,NA,NA,NA,NA,no eligible pairs,consensus
classroom_discussion,policy,immediate,paired,p_absolute,pairs,0,0,NA,NA,NA,NA,NA,NA,NA,no eligible pairs,consensus
classroom_discussion,policy,immediate,paired,p_absolute,equal_family_event,0,0,NA,NA,NA,NA,NA,NA,NA,no eligible pairs,consensus
deliberative_mini_public,belief,immediate,available,d_combined,pairs,0,0,NA,NA,NA,NA,NA,NA,NA,no eligible pairs,shizuoka_2019
deliberative_mini_public,belief,immediate,available,d_combined,equal_family_event,0,0,NA,NA,NA,NA,NA,NA,NA,no eligible pairs,shizuoka_2019
deliberative_mini_public,belief,immediate,available,d_education,pairs,0,0,NA,NA,NA,NA,NA,NA,NA,no eligible pairs,shizuoka_2019
deliberative_mini_public,belief,immediate,available,d_education,equal_family_event,0,0,NA,NA,NA,NA,NA,NA,NA,no eligible pairs,shizuoka_2019
deliberative_mini_public,belief,immediate,available,d_gender,pairs,0,0,NA,NA,NA,NA,NA,NA,NA,no eligible pairs,shizuoka_2019
deliberative_mini_public,belief,immediate,available,d_gender,equal_family_event,0,0,NA,NA,NA,NA,NA,NA,NA,no eligible pairs,shizuoka_2019
deliberative_mini_public,belief,immediate,available,d_income,pairs,0,0,NA,NA,NA,NA,NA,NA,NA,no eligible pairs,shizuoka_2019
deliberative_mini_public,belief,immediate,available,d_income,equal_family_event,0,0,NA,NA,NA,NA,NA,NA,NA,no eligible pairs,shizuoka_2019
deliberative_mini_public,belief,immediate,available,h,pairs,0,0,NA,NA,NA,NA,NA,NA,NA,no eligible pairs,shizuoka_2019
deliberative_mini_public,belief,immediate,available,h,equal_family_event,0,0,NA,NA,NA,NA,NA,NA,NA,no eligible pairs,shizuoka_2019
deliberative_mini_public,belief,immediate,available,p,pairs,0,0,NA,NA,NA,NA,NA,NA,NA,no eligible pairs,shizuoka_2019
deliberative_mini_public,belief,immediate,available,p,equal_family_event,0,0,NA,NA,NA,NA,NA,NA,NA,no eligible pairs,shizuoka_2019
deliberative_mini_public,belief,immediate,available,p_absolute,pairs,0,0,NA,NA,NA,NA,NA,NA,NA,no eligible pairs,shizuoka_2019
deliberative_mini_public,belief,immediate,available,p_absolute,equal_family_event,0,0,NA,NA,NA,NA,NA,NA,NA,no eligible pairs,shizuoka_2019
deliberative_mini_public,belief,immediate,paired,d_combined,pairs,0,0,NA,NA,NA,NA,NA,NA,NA,no eligible pairs,shizuoka_2019
deliberative_mini_public,belief,immediate,paired,d_combined,equal_family_event,0,0,NA,NA,NA,NA,NA,NA,NA,no eligible pairs,shizuoka_2019
deliberative_mini_public,belief,immediate,paired,d_education,pairs,0,0,NA,NA,NA,NA,NA,NA,NA,no eligible pairs,shizuoka_2019
deliberative_mini_public,belief,immediate,paired,d_education,equal_family_event,0,0,NA,NA,NA,NA,NA,NA,NA,no eligible pairs,shizuoka_2019
deliberative_mini_public,belief,immediate,paired,d_gender,pairs,0,0,NA,NA,NA,NA,NA,NA,NA,no eligible pairs,shizuoka_2019
deliberative_mini_public,belief,immediate,paired,d_gender,equal_family_event,0,0,NA,NA,NA,NA,NA,NA,NA,no eligible pairs,shizuoka_2019
deliberative_mini_public,belief,immediate,paired,d_income,pairs,0,0,NA,NA,NA,NA,NA,NA,NA,no eligible pairs,shizuoka_2019
deliberative_mini_public,belief,immediate,paired,d_income,equal_family_event,0,0,NA,NA,NA,NA,NA,NA,NA,no eligible pairs,shizuoka_2019
deliberative_mini_public,belief,immediate,paired,h,pairs,0,0,NA,NA,NA,NA,NA,NA,NA,no eligible pairs,shizuoka_2019
deliberative_mini_public,belief,immediate,paired,h,equal_family_event,0,0,NA,NA,NA,NA,NA,NA,NA,no eligible pairs,shizuoka_2019
deliberative_mini_public,belief,immediate,paired,p,pairs,0,0,NA,NA,NA,NA,NA,NA,NA,no eligible pairs,shizuoka_2019
deliberative_mini_public,belief,immediate,paired,p,equal_family_event,0,0,NA,NA,NA,NA,NA,NA,NA,no eligible pairs,shizuoka_2019
deliberative_mini_public,belief,immediate,paired,p_absolute,pairs,0,0,NA,NA,NA,NA,NA,NA,NA,no eligible pairs,shizuoka_2019
deliberative_mini_public,belief,immediate,paired,p_absolute,equal_family_event,0,0,NA,NA,NA,NA,NA,NA,NA,no eligible pairs,shizuoka_2019
deliberative_mini_public,policy,immediate,available,d_combined,pairs,0,0,NA,NA,NA,NA,NA,NA,NA,no eligible pairs,shizuoka_2019
deliberative_mini_public,policy,immediate,available,d_combined,equal_family_event,0,0,NA,NA,NA,NA,NA,NA,NA,no eligible pairs,shizuoka_2019
deliberative_mini_public,policy,immediate,available,d_education,pairs,0,0,NA,NA,NA,NA,NA,NA,NA,no eligible pairs,shizuoka_2019
deliberative_mini_public,policy,immediate,available,d_education,equal_family_event,0,0,NA,NA,NA,NA,NA,NA,NA,no eligible pairs,shizuoka_2019
deliberative_mini_public,policy,immediate,available,d_gender,pairs,0,0,NA,NA,NA,NA,NA,NA,NA,no eligible pairs,shizuoka_2019
deliberative_mini_public,policy,immediate,available,d_gender,equal_family_event,0,0,NA,NA,NA,NA,NA,NA,NA,no eligible pairs,shizuoka_2019
deliberative_mini_public,policy,immediate,available,d_income,pairs,0,0,NA,NA,NA,NA,NA,NA,NA,no eligible pairs,shizuoka_2019
deliberative_mini_public,policy,immediate,available,d_income,equal_family_event,0,0,NA,NA,NA,NA,NA,NA,NA,no eligible pairs,shizuoka_2019
deliberative_mini_public,policy,immediate,available,h,pairs,0,0,NA,NA,NA,NA,NA,NA,NA,no eligible pairs,shizuoka_2019
deliberative_mini_public,policy,immediate,available,h,equal_family_event,0,0,NA,NA,NA,NA,NA,NA,NA,no eligible pairs,shizuoka_2019
deliberative_mini_public,policy,immediate,available,p,pairs,0,0,NA,NA,NA,NA,NA,NA,NA,no eligible pairs,shizuoka_2019
deliberative_mini_public,policy,immediate,available,p,equal_family_event,0,0,NA,NA,NA,NA,NA,NA,NA,no eligible pairs,shizuoka_2019
deliberative_mini_public,policy,immediate,available,p_absolute,pairs,0,0,NA,NA,NA,NA,NA,NA,NA,no eligible pairs,shizuoka_2019
deliberative_mini_public,policy,immediate,available,p_absolute,equal_family_event,0,0,NA,NA,NA,NA,NA,NA,NA,no eligible pairs,shizuoka_2019
deliberative_mini_public,policy,immediate,paired,d_combined,pairs,0,0,NA,NA,NA,NA,NA,NA,NA,no eligible pairs,shizuoka_2019
deliberative_mini_public,policy,immediate,paired,d_combined,equal_family_event,0,0,NA,NA,NA,NA,NA,NA,NA,no eligible pairs,shizuoka_2019
deliberative_mini_public,policy,immediate,paired,d_education,pairs,0,0,NA,NA,NA,NA,NA,NA,NA,no eligible pairs,shizuoka_2019
deliberative_mini_public,policy,immediate,paired,d_education,equal_family_event,0,0,NA,NA,NA,NA,NA,NA,NA,no eligible pairs,shizuoka_2019
deliberative_mini_public,policy,immediate,paired,d_gender,pairs,0,0,NA,NA,NA,NA,NA,NA,NA,no eligible pairs,shizuoka_2019
deliberative_mini_public,policy,immediate,paired,d_gender,equal_family_event,0,0,NA,NA,NA,NA,NA,NA,NA,no eligible pairs,shizuoka_2019
deliberative_mini_public,policy,immediate,paired,d_income,pairs,0,0,NA,NA,NA,NA,NA,NA,NA,no eligible pairs,shizuoka_2019
deliberative_mini_public,policy,immediate,paired,d_income,equal_family_event,0,0,NA,NA,NA,NA,NA,NA,NA,no eligible pairs,shizuoka_2019
deliberative_mini_public,policy,immediate,paired,h,pairs,0,0,NA,NA,NA,NA,NA,NA,NA,no eligible pairs,shizuoka_2019
deliberative_mini_public,policy,immediate,paired,h,equal_family_event,0,0,NA,NA,NA,NA,NA,NA,NA,no eligible pairs,shizuoka_2019
deliberative_mini_public,policy,immediate,paired,p,pairs,0,0,NA,NA,NA,NA,NA,NA,NA,no eligible pairs,shizuoka_2019
deliberative_mini_public,policy,immediate,paired,p,equal_family_event,0,0,NA,NA,NA,NA,NA,NA,NA,no eligible pairs,shizuoka_2019
deliberative_mini_public,policy,immediate,paired,p_absolute,pairs,0,0,NA,NA,NA,NA,NA,NA,NA,no eligible pairs,shizuoka_2019
deliberative_mini_public,policy,immediate,paired,p_absolute,equal_family_event,0,0,NA,NA,NA,NA,NA,NA,NA,no eligible pairs,shizuoka_2019
deliberative_poll,climate_belief,immediate,available,d_combined,pairs,0,0,NA,NA,NA,NA,NA,NA,NA,no eligible pairs,a1r
deliberative_poll,climate_belief,immediate,available,d_combined,equal_family_event,0,0,NA,NA,NA,NA,NA,NA,NA,no eligible pairs,a1r
deliberative_poll,climate_belief,immediate,available,d_education,pairs,0,0,NA,NA,NA,NA,NA,NA,NA,no eligible pairs,a1r
deliberative_poll,climate_belief,immediate,available,d_education,equal_family_event,0,0,NA,NA,NA,NA,NA,NA,NA,no eligible pairs,a1r
deliberative_poll,climate_belief,immediate,available,d_gender,pairs,0,0,NA,NA,NA,NA,NA,NA,NA,no eligible pairs,a1r
deliberative_poll,climate_belief,immediate,available,d_gender,equal_family_event,0,0,NA,NA,NA,NA,NA,NA,NA,no eligible pairs,a1r
deliberative_poll,climate_belief,immediate,available,d_income,pairs,0,0,NA,NA,NA,NA,NA,NA,NA,no eligible pairs,a1r
deliberative_poll,climate_belief,immediate,available,d_income,equal_family_event,0,0,NA,NA,NA,NA,NA,NA,NA,no eligible pairs,a1r
deliberative_poll,climate_belief,immediate,available,h,pairs,0,0,NA,NA,NA,NA,NA,NA,NA,no eligible pairs,a1r
deliberative_poll,climate_belief,immediate,available,h,equal_family_event,0,0,NA,NA,NA,NA,NA,NA,NA,no eligible pairs,a1r
deliberative_poll,climate_belief,immediate,available,p,pairs,0,0,NA,NA,NA,NA,NA,NA,NA,no eligible pairs,a1r
deliberative_poll,climate_belief,immediate,available,p,equal_family_event,0,0,NA,NA,NA,NA,NA,NA,NA,no eligible pairs,a1r
deliberative_poll,climate_belief,immediate,available,p_absolute,pairs,0,0,NA,NA,NA,NA,NA,NA,NA,no eligible pairs,a1r
deliberative_poll,climate_belief,immediate,available,p_absolute,equal_family_event,0,0,NA,NA,NA,NA,NA,NA,NA,no eligible pairs,a1r
deliberative_poll,climate_belief,immediate,paired,d_combined,pairs,0,0,NA,NA,NA,NA,NA,NA,NA,no eligible pairs,a1r
deliberative_poll,climate_belief,immediate,paired,d_combined,equal_family_event,0,0,NA,NA,NA,NA,NA,NA,NA,no eligible pairs,a1r
deliberative_poll,climate_belief,immediate,paired,d_education,pairs,0,0,NA,NA,NA,NA,NA,NA,NA,no eligible pairs,a1r
deliberative_poll,climate_belief,immediate,paired,d_education,equal_family_event,0,0,NA,NA,NA,NA,NA,NA,NA,no eligible pairs,a1r
deliberative_poll,climate_belief,immediate,paired,d_gender,pairs,0,0,NA,NA,NA,NA,NA,NA,NA,no eligible pairs,a1r
deliberative_poll,climate_belief,immediate,paired,d_gender,equal_family_event,0,0,NA,NA,NA,NA,NA,NA,NA,no eligible pairs,a1r
deliberative_poll,climate_belief,immediate,paired,d_income,pairs,0,0,NA,NA,NA,NA,NA,NA,NA,no eligible pairs,a1r
deliberative_poll,climate_belief,immediate,paired,d_income,equal_family_event,0,0,NA,NA,NA,NA,NA,NA,NA,no eligible pairs,a1r
deliberative_poll,climate_belief,immediate,paired,h,pairs,0,0,NA,NA,NA,NA,NA,NA,NA,no eligible pairs,a1r
deliberative_poll,climate_belief,immediate,paired,h,equal_family_event,0,0,NA,NA,NA,NA,NA,NA,NA,no eligible pairs,a1r
deliberative_poll,climate_belief,immediate,paired,p,pairs,0,0,NA,NA,NA,NA,NA,NA,NA,no eligible pairs,a1r
deliberative_poll,climate_belief,immediate,paired,p,equal_family_event,0,0,NA,NA,NA,NA,NA,NA,NA,no eligible pairs,a1r
deliberative_poll,climate_belief,immediate,paired,p_absolute,pairs,0,0,NA,NA,NA,NA,NA,NA,NA,no eligible pairs,a1r
deliberative_poll,climate_belief,immediate,paired,p_absolute,equal_family_event,0,0,NA,NA,NA,NA,NA,NA,NA,no eligible pairs,a1r
deliberative_poll,environmental_concern,immediate,available,d_combined,pairs,0,0,NA,NA,NA,NA,NA,NA,NA,no eligible pairs,a1r
deliberative_poll,environmental_concern,immediate,available,d_combined,equal_family_event,0,0,NA,NA,NA,NA,NA,NA,NA,no eligible pairs,a1r
deliberative_poll,environmental_concern,immediate,available,d_education,pairs,0,0,NA,NA,NA,NA,NA,NA,NA,no eligible pairs,a1r
deliberative_poll,environmental_concern,immediate,available,d_education,equal_family_event,0,0,NA,NA,NA,NA,NA,NA,NA,no eligible pairs,a1r
deliberative_poll,environmental_concern,immediate,available,d_gender,pairs,0,0,NA,NA,NA,NA,NA,NA,NA,no eligible pairs,a1r
deliberative_poll,environmental_concern,immediate,available,d_gender,equal_family_event,0,0,NA,NA,NA,NA,NA,NA,NA,no eligible pairs,a1r
deliberative_poll,environmental_concern,immediate,available,d_income,pairs,0,0,NA,NA,NA,NA,NA,NA,NA,no eligible pairs,a1r
deliberative_poll,environmental_concern,immediate,available,d_income,equal_family_event,0,0,NA,NA,NA,NA,NA,NA,NA,no eligible pairs,a1r
deliberative_poll,environmental_concern,immediate,available,h,pairs,0,0,NA,NA,NA,NA,NA,NA,NA,no eligible pairs,a1r
deliberative_poll,environmental_concern,immediate,available,h,equal_family_event,0,0,NA,NA,NA,NA,NA,NA,NA,no eligible pairs,a1r
deliberative_poll,environmental_concern,immediate,available,p,pairs,0,0,NA,NA,NA,NA,NA,NA,NA,no eligible pairs,a1r
deliberative_poll,environmental_concern,immediate,available,p,equal_family_event,0,0,NA,NA,NA,NA,NA,NA,NA,no eligible pairs,a1r
deliberative_poll,environmental_concern,immediate,available,p_absolute,pairs,0,0,NA,NA,NA,NA,NA,NA,NA,no eligible pairs,a1r
deliberative_poll,environmental_concern,immediate,available,p_absolute,equal_family_event,0,0,NA,NA,NA,NA,NA,NA,NA,no eligible pairs,a1r
deliberative_poll,environmental_concern,immediate,paired,d_combined,pairs,0,0,NA,NA,NA,NA,NA,NA,NA,no eligible pairs,a1r
deliberative_poll,environmental_concern,immediate,paired,d_combined,equal_family_event,0,0,NA,NA,NA,NA,NA,NA,NA,no eligible pairs,a1r
deliberative_poll,environmental_concern,immediate,paired,d_education,pairs,0,0,NA,NA,NA,NA,NA,NA,NA,no eligible pairs,a1r
deliberative_poll,environmental_concern,immediate,paired,d_education,equal_family_event,0,0,NA,NA,NA,NA,NA,NA,NA,no eligible pairs,a1r
deliberative_poll,environmental_concern,immediate,paired,d_gender,pairs,0,0,NA,NA,NA,NA,NA,NA,NA,no eligible pairs,a1r
deliberative_poll,environmental_concern,immediate,paired,d_gender,equal_family_event,0,0,NA,NA,NA,NA,NA,NA,NA,no eligible pairs,a1r
deliberative_poll,environmental_concern,immediate,paired,d_income,pairs,0,0,NA,NA,NA,NA,NA,NA,NA,no eligible pairs,a1r
deliberative_poll,environmental_concern,immediate,paired,d_income,equal_family_event,0,0,NA,NA,NA,NA,NA,NA,NA,no eligible pairs,a1r
deliberative_poll,environmental_concern,immediate,paired,h,pairs,0,0,NA,NA,NA,NA,NA,NA,NA,no eligible pairs,a1r
deliberative_poll,environmental_concern,immediate,paired,h,equal_family_event,0,0,NA,NA,NA,NA,NA,NA,NA,no eligible pairs,a1r
deliberative_poll,environmental_concern,immediate,paired,p,pairs,0,0,NA,NA,NA,NA,NA,NA,NA,no eligible pairs,a1r
deliberative_poll,environmental_concern,immediate,paired,p,equal_family_event,0,0,NA,NA,NA,NA,NA,NA,NA,no eligible pairs,a1r
deliberative_poll,environmental_concern,immediate,paired,p_absolute,pairs,0,0,NA,NA,NA,NA,NA,NA,NA,no eligible pairs,a1r
deliberative_poll,environmental_concern,immediate,paired,p_absolute,equal_family_event,0,0,NA,NA,NA,NA,NA,NA,NA,no eligible pairs,a1r
deliberative_poll,policy,delayed,available,d_combined,pairs,0,0,NA,NA,NA,NA,NA,NA,NA,no eligible pairs,tanzania_2015
deliberative_poll,policy,delayed,available,d_combined,equal_family_event,0,0,NA,NA,NA,NA,NA,NA,NA,no eligible pairs,tanzania_2015
deliberative_poll,policy,delayed,available,d_education,pairs,0,0,NA,NA,NA,NA,NA,NA,NA,no eligible pairs,tanzania_2015
deliberative_poll,policy,delayed,available,d_education,equal_family_event,0,0,NA,NA,NA,NA,NA,NA,NA,no eligible pairs,tanzania_2015
deliberative_poll,policy,delayed,available,d_gender,pairs,0,0,NA,NA,NA,NA,NA,NA,NA,no eligible pairs,tanzania_2015
deliberative_poll,policy,delayed,available,d_gender,equal_family_event,0,0,NA,NA,NA,NA,NA,NA,NA,no eligible pairs,tanzania_2015
deliberative_poll,policy,delayed,available,d_income,pairs,0,0,NA,NA,NA,NA,NA,NA,NA,no eligible pairs,tanzania_2015
deliberative_poll,policy,delayed,available,d_income,equal_family_event,0,0,NA,NA,NA,NA,NA,NA,NA,no eligible pairs,tanzania_2015
deliberative_poll,policy,delayed,available,h,pairs,0,0,NA,NA,NA,NA,NA,NA,NA,no eligible pairs,tanzania_2015
deliberative_poll,policy,delayed,available,h,equal_family_event,0,0,NA,NA,NA,NA,NA,NA,NA,no eligible pairs,tanzania_2015
deliberative_poll,policy,delayed,available,p,pairs,0,0,NA,NA,NA,NA,NA,NA,NA,no eligible pairs,tanzania_2015
deliberative_poll,policy,delayed,available,p,equal_family_event,0,0,NA,NA,NA,NA,NA,NA,NA,no eligible pairs,tanzania_2015
deliberative_poll,policy,delayed,available,p_absolute,pairs,0,0,NA,NA,NA,NA,NA,NA,NA,no eligible pairs,tanzania_2015
deliberative_poll,policy,delayed,available,p_absolute,equal_family_event,0,0,NA,NA,NA,NA,NA,NA,NA,no eligible pairs,tanzania_2015
deliberative_poll,policy,delayed,paired,d_combined,pairs,0,0,NA,NA,NA,NA,NA,NA,NA,no eligible pairs,tanzania_2015
deliberative_poll,policy,delayed,paired,d_combined,equal_family_event,0,0,NA,NA,NA,NA,NA,NA,NA,no eligible pairs,tanzania_2015
deliberative_poll,policy,delayed,paired,d_education,pairs,0,0,NA,NA,NA,NA,NA,NA,NA,no eligible pairs,tanzania_2015
deliberative_poll,policy,delayed,paired,d_education,equal_family_event,0,0,NA,NA,NA,NA,NA,NA,NA,no eligible pairs,tanzania_2015
deliberative_poll,policy,delayed,paired,d_gender,pairs,0,0,NA,NA,NA,NA,NA,NA,NA,no eligible pairs,tanzania_2015
deliberative_poll,policy,delayed,paired,d_gender,equal_family_event,0,0,NA,NA,NA,NA,NA,NA,NA,no eligible pairs,tanzania_2015
deliberative_poll,policy,delayed,paired,d_income,pairs,0,0,NA,NA,NA,NA,NA,NA,NA,no eligible pairs,tanzania_2015
deliberative_poll,policy,delayed,paired,d_income,equal_family_event,0,0,NA,NA,NA,NA,NA,NA,NA,no eligible pairs,tanzania_2015
deliberative_poll,policy,delayed,paired,h,pairs,0,0,NA,NA,NA,NA,NA,NA,NA,no eligible pairs,tanzania_2015
deliberative_poll,policy,delayed,paired,h,equal_family_event,0,0,NA,NA,NA,NA,NA,NA,NA,no eligible pairs,tanzania_2015
deliberative_poll,policy,delayed,paired,p,pairs,0,0,NA,NA,NA,NA,NA,NA,NA,no eligible pairs,tanzania_2015
deliberative_poll,policy,delayed,paired,p,equal_family_event,0,0,NA,NA,NA,NA,NA,NA,NA,no eligible pairs,tanzania_2015
deliberative_poll,policy,delayed,paired,p_absolute,pairs,0,0,NA,NA,NA,NA,NA,NA,NA,no eligible pairs,tanzania_2015
deliberative_poll,policy,delayed,paired,p_absolute,equal_family_event,0,0,NA,NA,NA,NA,NA,NA,NA,no eligible pairs,tanzania_2015
deliberative_poll,policy,immediate,available,d_combined,pairs,0,0,NA,NA,NA,NA,NA,NA,NA,no eligible pairs,a1r
deliberative_poll,policy,immediate,available,d_combined,equal_family_event,0,0,NA,NA,NA,NA,NA,NA,NA,no eligible pairs,a1r
deliberative_poll,policy,immediate,available,d_education,pairs,0,0,NA,NA,NA,NA,NA,NA,NA,no eligible pairs,a1r
deliberative_poll,policy,immediate,available,d_education,equal_family_event,0,0,NA,NA,NA,NA,NA,NA,NA,no eligible pairs,a1r
deliberative_poll,policy,immediate,available,d_gender,pairs,0,0,NA,NA,NA,NA,NA,NA,NA,no eligible pairs,a1r
deliberative_poll,policy,immediate,available,d_gender,equal_family_event,0,0,NA,NA,NA,NA,NA,NA,NA,no eligible pairs,a1r
deliberative_poll,policy,immediate,available,d_income,pairs,0,0,NA,NA,NA,NA,NA,NA,NA,no eligible pairs,a1r
deliberative_poll,policy,immediate,available,d_income,equal_family_event,0,0,NA,NA,NA,NA,NA,NA,NA,no eligible pairs,a1r
deliberative_poll,policy,immediate,available,h,pairs,0,0,NA,NA,NA,NA,NA,NA,NA,no eligible pairs,a1r
deliberative_poll,policy,immediate,available,h,equal_family_event,0,0,NA,NA,NA,NA,NA,NA,NA,no eligible pairs,a1r
deliberative_poll,policy,immediate,available,p,pairs,0,0,NA,NA,NA,NA,NA,NA,NA,no eligible pairs,a1r
deliberative_poll,policy,immediate,available,p,equal_family_event,0,0,NA,NA,NA,NA,NA,NA,NA,no eligible pairs,a1r
deliberative_poll,policy,immediate,available,p_absolute,pairs,0,0,NA,NA,NA,NA,NA,NA,NA,no eligible pairs,a1r
deliberative_poll,policy,immediate,available,p_absolute,equal_family_event,0,0,NA,NA,NA,NA,NA,NA,NA,no eligible pairs,a1r
deliberative_poll,policy,immediate,paired,d_combined,pairs,0,0,NA,NA,NA,NA,NA,NA,NA,no eligible pairs,a1r
deliberative_poll,policy,immediate,paired,d_combined,equal_family_event,0,0,NA,NA,NA,NA,NA,NA,NA,no eligible pairs,a1r
deliberative_poll,policy,immediate,paired,d_education,pairs,0,0,NA,NA,NA,NA,NA,NA,NA,no eligible pairs,a1r
deliberative_poll,policy,immediate,paired,d_education,equal_family_event,0,0,NA,NA,NA,NA,NA,NA,NA,no eligible pairs,a1r
deliberative_poll,policy,immediate,paired,d_gender,pairs,0,0,NA,NA,NA,NA,NA,NA,NA,no eligible pairs,a1r
deliberative_poll,policy,immediate,paired,d_gender,equal_family_event,0,0,NA,NA,NA,NA,NA,NA,NA,no eligible pairs,a1r
deliberative_poll,policy,immediate,paired,d_income,pairs,0,0,NA,NA,NA,NA,NA,NA,NA,no eligible pairs,a1r
deliberative_poll,policy,immediate,paired,d_income,equal_family_event,0,0,NA,NA,NA,NA,NA,NA,NA,no eligible pairs,a1r
deliberative_poll,policy,immediate,paired,h,pairs,0,0,NA,NA,NA,NA,NA,NA,NA,no eligible pairs,a1r
deliberative_poll,policy,immediate,paired,h,equal_family_event,0,0,NA,NA,NA,NA,NA,NA,NA,no eligible pairs,a1r
deliberative_poll,policy,immediate,paired,p,pairs,0,0,NA,NA,NA,NA,NA,NA,NA,no eligible pairs,a1r
deliberative_poll,policy,immediate,paired,p,equal_family_event,0,0,NA,NA,NA,NA,NA,NA,NA,no eligible pairs,a1r
deliberative_poll,policy,immediate,paired,p_absolute,pairs,0,0,NA,NA,NA,NA,NA,NA,NA,no eligible pairs,a1r
deliberative_poll,policy,immediate,paired,p_absolute,equal_family_event,0,0,NA,NA,NA,NA,NA,NA,NA,no eligible pairs,a1r
dyadic_cross_party,affect,immediate,available,d_combined,pairs,0,0,NA,NA,NA,NA,NA,NA,NA,no eligible pairs,cross_party_2021
dyadic_cross_party,affect,immediate,available,d_combined,equal_family_event,0,0,NA,NA,NA,NA,NA,NA,NA,no eligible pairs,cross_party_2021
dyadic_cross_party,affect,immediate,available,d_education,pairs,0,0,NA,NA,NA,NA,NA,NA,NA,no eligible pairs,cross_party_2021
dyadic_cross_party,affect,immediate,available,d_education,equal_family_event,0,0,NA,NA,NA,NA,NA,NA,NA,no eligible pairs,cross_party_2021
dyadic_cross_party,affect,immediate,available,d_gender,pairs,0,0,NA,NA,NA,NA,NA,NA,NA,no eligible pairs,cross_party_2021
dyadic_cross_party,affect,immediate,available,d_gender,equal_family_event,0,0,NA,NA,NA,NA,NA,NA,NA,no eligible pairs,cross_party_2021
dyadic_cross_party,affect,immediate,available,d_income,pairs,0,0,NA,NA,NA,NA,NA,NA,NA,no eligible pairs,cross_party_2021
dyadic_cross_party,affect,immediate,available,d_income,equal_family_event,0,0,NA,NA,NA,NA,NA,NA,NA,no eligible pairs,cross_party_2021
dyadic_cross_party,affect,immediate,available,h,pairs,0,0,NA,NA,NA,NA,NA,NA,NA,no eligible pairs,cross_party_2021
dyadic_cross_party,affect,immediate,available,h,equal_family_event,0,0,NA,NA,NA,NA,NA,NA,NA,no eligible pairs,cross_party_2021
dyadic_cross_party,affect,immediate,available,p,pairs,0,0,NA,NA,NA,NA,NA,NA,NA,no eligible pairs,cross_party_2021
dyadic_cross_party,affect,immediate,available,p,equal_family_event,0,0,NA,NA,NA,NA,NA,NA,NA,no eligible pairs,cross_party_2021
dyadic_cross_party,affect,immediate,available,p_absolute,pairs,0,0,NA,NA,NA,NA,NA,NA,NA,no eligible pairs,cross_party_2021
dyadic_cross_party,affect,immediate,available,p_absolute,equal_family_event,0,0,NA,NA,NA,NA,NA,NA,NA,no eligible pairs,cross_party_2021
dyadic_cross_party,affect,immediate,paired,d_combined,pairs,0,0,NA,NA,NA,NA,NA,NA,NA,no eligible pairs,cross_party_2021
dyadic_cross_party,affect,immediate,paired,d_combined,equal_family_event,0,0,NA,NA,NA,NA,NA,NA,NA,no eligible pairs,cross_party_2021
dyadic_cross_party,affect,immediate,paired,d_education,pairs,0,0,NA,NA,NA,NA,NA,NA,NA,no eligible pairs,cross_party_2021
dyadic_cross_party,affect,immediate,paired,d_education,equal_family_event,0,0,NA,NA,NA,NA,NA,NA,NA,no eligible pairs,cross_party_2021
dyadic_cross_party,affect,immediate,paired,d_gender,pairs,0,0,NA,NA,NA,NA,NA,NA,NA,no eligible pairs,cross_party_2021
dyadic_cross_party,affect,immediate,paired,d_gender,equal_family_event,0,0,NA,NA,NA,NA,NA,NA,NA,no eligible pairs,cross_party_2021
dyadic_cross_party,affect,immediate,paired,d_income,pairs,0,0,NA,NA,NA,NA,NA,NA,NA,no eligible pairs,cross_party_2021
dyadic_cross_party,affect,immediate,paired,d_income,equal_family_event,0,0,NA,NA,NA,NA,NA,NA,NA,no eligible pairs,cross_party_2021
dyadic_cross_party,affect,immediate,paired,h,pairs,0,0,NA,NA,NA,NA,NA,NA,NA,no eligible pairs,cross_party_2021
dyadic_cross_party,affect,immediate,paired,h,equal_family_event,0,0,NA,NA,NA,NA,NA,NA,NA,no eligible pairs,cross_party_2021
dyadic_cross_party,affect,immediate,paired,p,pairs,0,0,NA,NA,NA,NA,NA,NA,NA,no eligible pairs,cross_party_2021
dyadic_cross_party,affect,immediate,paired,p,equal_family_event,0,0,NA,NA,NA,NA,NA,NA,NA,no eligible pairs,cross_party_2021
dyadic_cross_party,affect,immediate,paired,p_absolute,pairs,0,0,NA,NA,NA,NA,NA,NA,NA,no eligible pairs,cross_party_2021
dyadic_cross_party,affect,immediate,paired,p_absolute,equal_family_event,0,0,NA,NA,NA,NA,NA,NA,NA,no eligible pairs,cross_party_2021
dyadic_online_gen_HH,affect,immediate,available,d_combined,pairs,0,0,NA,NA,NA,NA,NA,NA,NA,no eligible pairs,whatsapp
dyadic_online_gen_HH,affect,immediate,available,d_combined,equal_family_event,0,0,NA,NA,NA,NA,NA,NA,NA,no eligible pairs,whatsapp
dyadic_online_gen_HH,affect,immediate,available,d_education,pairs,0,0,NA,NA,NA,NA,NA,NA,NA,no eligible pairs,whatsapp
dyadic_online_gen_HH,affect,immediate,available,d_education,equal_family_event,0,0,NA,NA,NA,NA,NA,NA,NA,no eligible pairs,whatsapp
dyadic_online_gen_HH,affect,immediate,available,d_gender,pairs,0,0,NA,NA,NA,NA,NA,NA,NA,no eligible pairs,whatsapp
dyadic_online_gen_HH,affect,immediate,available,d_gender,equal_family_event,0,0,NA,NA,NA,NA,NA,NA,NA,no eligible pairs,whatsapp
dyadic_online_gen_HH,affect,immediate,available,d_income,pairs,0,0,NA,NA,NA,NA,NA,NA,NA,no eligible pairs,whatsapp
dyadic_online_gen_HH,affect,immediate,available,d_income,equal_family_event,0,0,NA,NA,NA,NA,NA,NA,NA,no eligible pairs,whatsapp
dyadic_online_gen_HH,affect,immediate,available,h,pairs,0,0,NA,NA,NA,NA,NA,NA,NA,no eligible pairs,whatsapp
dyadic_online_gen_HH,affect,immediate,available,h,equal_family_event,0,0,NA,NA,NA,NA,NA,NA,NA,no eligible pairs,whatsapp
dyadic_online_gen_HH,affect,immediate,available,p,pairs,0,0,NA,NA,NA,NA,NA,NA,NA,no eligible pairs,whatsapp
dyadic_online_gen_HH,affect,immediate,available,p,equal_family_event,0,0,NA,NA,NA,NA,NA,NA,NA,no eligible pairs,whatsapp
dyadic_online_gen_HH,affect,immediate,available,p_absolute,pairs,0,0,NA,NA,NA,NA,NA,NA,NA,no eligible pairs,whatsapp
dyadic_online_gen_HH,affect,immediate,available,p_absolute,equal_family_event,0,0,NA,NA,NA,NA,NA,NA,NA,no eligible pairs,whatsapp
dyadic_online_gen_HH,affect,immediate,paired,d_combined,pairs,0,0,NA,NA,NA,NA,NA,NA,NA,no eligible pairs,whatsapp
dyadic_online_gen_HH,affect,immediate,paired,d_combined,equal_family_event,0,0,NA,NA,NA,NA,NA,NA,NA,no eligible pairs,whatsapp
dyadic_online_gen_HH,affect,immediate,paired,d_education,pairs,0,0,NA,NA,NA,NA,NA,NA,NA,no eligible pairs,whatsapp
dyadic_online_gen_HH,affect,immediate,paired,d_education,equal_family_event,0,0,NA,NA,NA,NA,NA,NA,NA,no eligible pairs,whatsapp
dyadic_online_gen_HH,affect,immediate,paired,d_gender,pairs,0,0,NA,NA,NA,NA,NA,NA,NA,no eligible pairs,whatsapp
dyadic_online_gen_HH,affect,immediate,paired,d_gender,equal_family_event,0,0,NA,NA,NA,NA,NA,NA,NA,no eligible pairs,whatsapp
dyadic_online_gen_HH,affect,immediate,paired,d_income,pairs,0,0,NA,NA,NA,NA,NA,NA,NA,no eligible pairs,whatsapp
dyadic_online_gen_HH,affect,immediate,paired,d_income,equal_family_event,0,0,NA,NA,NA,NA,NA,NA,NA,no eligible pairs,whatsapp
dyadic_online_gen_HH,affect,immediate,paired,h,pairs,0,0,NA,NA,NA,NA,NA,NA,NA,no eligible pairs,whatsapp
dyadic_online_gen_HH,affect,immediate,paired,h,equal_family_event,0,0,NA,NA,NA,NA,NA,NA,NA,no eligible pairs,whatsapp
dyadic_online_gen_HH,affect,immediate,paired,p,pairs,0,0,NA,NA,NA,NA,NA,NA,NA,no eligible pairs,whatsapp
dyadic_online_gen_HH,affect,immediate,paired,p,equal_family_event,0,0,NA,NA,NA,NA,NA,NA,NA,no eligible pairs,whatsapp
dyadic_online_gen_HH,affect,immediate,paired,p_absolute,pairs,0,0,NA,NA,NA,NA,NA,NA,NA,no eligible pairs,whatsapp
dyadic_online_gen_HH,affect,immediate,paired,p_absolute,equal_family_event,0,0,NA,NA,NA,NA,NA,NA,NA,no eligible pairs,whatsapp
dyadic_online_gen_HH,stereotype_judgment,immediate,available,d_combined,pairs,0,0,NA,NA,NA,NA,NA,NA,NA,no eligible pairs,whatsapp
dyadic_online_gen_HH,stereotype_judgment,immediate,available,d_combined,equal_family_event,0,0,NA,NA,NA,NA,NA,NA,NA,no eligible pairs,whatsapp
dyadic_online_gen_HH,stereotype_judgment,immediate,available,d_education,pairs,0,0,NA,NA,NA,NA,NA,NA,NA,no eligible pairs,whatsapp
dyadic_online_gen_HH,stereotype_judgment,immediate,available,d_education,equal_family_event,0,0,NA,NA,NA,NA,NA,NA,NA,no eligible pairs,whatsapp
dyadic_online_gen_HH,stereotype_judgment,immediate,available,d_gender,pairs,0,0,NA,NA,NA,NA,NA,NA,NA,no eligible pairs,whatsapp
dyadic_online_gen_HH,stereotype_judgment,immediate,available,d_gender,equal_family_event,0,0,NA,NA,NA,NA,NA,NA,NA,no eligible pairs,whatsapp
dyadic_online_gen_HH,stereotype_judgment,immediate,available,d_income,pairs,0,0,NA,NA,NA,NA,NA,NA,NA,no eligible pairs,whatsapp
dyadic_online_gen_HH,stereotype_judgment,immediate,available,d_income,equal_family_event,0,0,NA,NA,NA,NA,NA,NA,NA,no eligible pairs,whatsapp
dyadic_online_gen_HH,stereotype_judgment,immediate,available,h,pairs,0,0,NA,NA,NA,NA,NA,NA,NA,no eligible pairs,whatsapp
dyadic_online_gen_HH,stereotype_judgment,immediate,available,h,equal_family_event,0,0,NA,NA,NA,NA,NA,NA,NA,no eligible pairs,whatsapp
dyadic_online_gen_HH,stereotype_judgment,immediate,available,p,pairs,0,0,NA,NA,NA,NA,NA,NA,NA,no eligible pairs,whatsapp
dyadic_online_gen_HH,stereotype_judgment,immediate,available,p,equal_family_event,0,0,NA,NA,NA,NA,NA,NA,NA,no eligible pairs,whatsapp
dyadic_online_gen_HH,stereotype_judgment,immediate,available,p_absolute,pairs,0,0,NA,NA,NA,NA,NA,NA,NA,no eligible pairs,whatsapp
dyadic_online_gen_HH,stereotype_judgment,immediate,available,p_absolute,equal_family_event,0,0,NA,NA,NA,NA,NA,NA,NA,no eligible pairs,whatsapp
dyadic_online_gen_HH,stereotype_judgment,immediate,paired,d_combined,pairs,0,0,NA,NA,NA,NA,NA,NA,NA,no eligible pairs,whatsapp
dyadic_online_gen_HH,stereotype_judgment,immediate,paired,d_combined,equal_family_event,0,0,NA,NA,NA,NA,NA,NA,NA,no eligible pairs,whatsapp
dyadic_online_gen_HH,stereotype_judgment,immediate,paired,d_education,pairs,0,0,NA,NA,NA,NA,NA,NA,NA,no eligible pairs,whatsapp
dyadic_online_gen_HH,stereotype_judgment,immediate,paired,d_education,equal_family_event,0,0,NA,NA,NA,NA,NA,NA,NA,no eligible pairs,whatsapp
dyadic_online_gen_HH,stereotype_judgment,immediate,paired,d_gender,pairs,0,0,NA,NA,NA,NA,NA,NA,NA,no eligible pairs,whatsapp
dyadic_online_gen_HH,stereotype_judgment,immediate,paired,d_gender,equal_family_event,0,0,NA,NA,NA,NA,NA,NA,NA,no eligible pairs,whatsapp
dyadic_online_gen_HH,stereotype_judgment,immediate,paired,d_income,pairs,0,0,NA,NA,NA,NA,NA,NA,NA,no eligible pairs,whatsapp
dyadic_online_gen_HH,stereotype_judgment,immediate,paired,d_income,equal_family_event,0,0,NA,NA,NA,NA,NA,NA,NA,no eligible pairs,whatsapp
dyadic_online_gen_HH,stereotype_judgment,immediate,paired,h,pairs,0,0,NA,NA,NA,NA,NA,NA,NA,no eligible pairs,whatsapp
dyadic_online_gen_HH,stereotype_judgment,immediate,paired,h,equal_family_event,0,0,NA,NA,NA,NA,NA,NA,NA,no eligible pairs,whatsapp
dyadic_online_gen_HH,stereotype_judgment,immediate,paired,p,pairs,0,0,NA,NA,NA,NA,NA,NA,NA,no eligible pairs,whatsapp
dyadic_online_gen_HH,stereotype_judgment,immediate,paired,p,equal_family_event,0,0,NA,NA,NA,NA,NA,NA,NA,no eligible pairs,whatsapp
dyadic_online_gen_HH,stereotype_judgment,immediate,paired,p_absolute,pairs,0,0,NA,NA,NA,NA,NA,NA,NA,no eligible pairs,whatsapp
dyadic_online_gen_HH,stereotype_judgment,immediate,paired,p_absolute,equal_family_event,0,0,NA,NA,NA,NA,NA,NA,NA,no eligible pairs,whatsapp
dyadic_online_gen_HM,affect,immediate,available,d_combined,pairs,0,0,NA,NA,NA,NA,NA,NA,NA,no eligible pairs,whatsapp
dyadic_online_gen_HM,affect,immediate,available,d_combined,equal_family_event,0,0,NA,NA,NA,NA,NA,NA,NA,no eligible pairs,whatsapp
dyadic_online_gen_HM,affect,immediate,available,d_education,pairs,0,0,NA,NA,NA,NA,NA,NA,NA,no eligible pairs,whatsapp
dyadic_online_gen_HM,affect,immediate,available,d_education,equal_family_event,0,0,NA,NA,NA,NA,NA,NA,NA,no eligible pairs,whatsapp
dyadic_online_gen_HM,affect,immediate,available,d_gender,pairs,0,0,NA,NA,NA,NA,NA,NA,NA,no eligible pairs,whatsapp
dyadic_online_gen_HM,affect,immediate,available,d_gender,equal_family_event,0,0,NA,NA,NA,NA,NA,NA,NA,no eligible pairs,whatsapp
dyadic_online_gen_HM,affect,immediate,available,d_income,pairs,0,0,NA,NA,NA,NA,NA,NA,NA,no eligible pairs,whatsapp
dyadic_online_gen_HM,affect,immediate,available,d_income,equal_family_event,0,0,NA,NA,NA,NA,NA,NA,NA,no eligible pairs,whatsapp
dyadic_online_gen_HM,affect,immediate,available,h,pairs,0,0,NA,NA,NA,NA,NA,NA,NA,no eligible pairs,whatsapp
dyadic_online_gen_HM,affect,immediate,available,h,equal_family_event,0,0,NA,NA,NA,NA,NA,NA,NA,no eligible pairs,whatsapp
dyadic_online_gen_HM,affect,immediate,available,p,pairs,0,0,NA,NA,NA,NA,NA,NA,NA,no eligible pairs,whatsapp
dyadic_online_gen_HM,affect,immediate,available,p,equal_family_event,0,0,NA,NA,NA,NA,NA,NA,NA,no eligible pairs,whatsapp
dyadic_online_gen_HM,affect,immediate,available,p_absolute,pairs,0,0,NA,NA,NA,NA,NA,NA,NA,no eligible pairs,whatsapp
dyadic_online_gen_HM,affect,immediate,available,p_absolute,equal_family_event,0,0,NA,NA,NA,NA,NA,NA,NA,no eligible pairs,whatsapp
dyadic_online_gen_HM,affect,immediate,paired,d_combined,pairs,0,0,NA,NA,NA,NA,NA,NA,NA,no eligible pairs,whatsapp
dyadic_online_gen_HM,affect,immediate,paired,d_combined,equal_family_event,0,0,NA,NA,NA,NA,NA,NA,NA,no eligible pairs,whatsapp
dyadic_online_gen_HM,affect,immediate,paired,d_education,pairs,0,0,NA,NA,NA,NA,NA,NA,NA,no eligible pairs,whatsapp
dyadic_online_gen_HM,affect,immediate,paired,d_education,equal_family_event,0,0,NA,NA,NA,NA,NA,NA,NA,no eligible pairs,whatsapp
dyadic_online_gen_HM,affect,immediate,paired,d_gender,pairs,0,0,NA,NA,NA,NA,NA,NA,NA,no eligible pairs,whatsapp
dyadic_online_gen_HM,affect,immediate,paired,d_gender,equal_family_event,0,0,NA,NA,NA,NA,NA,NA,NA,no eligible pairs,whatsapp
dyadic_online_gen_HM,affect,immediate,paired,d_income,pairs,0,0,NA,NA,NA,NA,NA,NA,NA,no eligible pairs,whatsapp
dyadic_online_gen_HM,affect,immediate,paired,d_income,equal_family_event,0,0,NA,NA,NA,NA,NA,NA,NA,no eligible pairs,whatsapp
dyadic_online_gen_HM,affect,immediate,paired,h,pairs,0,0,NA,NA,NA,NA,NA,NA,NA,no eligible pairs,whatsapp
dyadic_online_gen_HM,affect,immediate,paired,h,equal_family_event,0,0,NA,NA,NA,NA,NA,NA,NA,no eligible pairs,whatsapp
dyadic_online_gen_HM,affect,immediate,paired,p,pairs,0,0,NA,NA,NA,NA,NA,NA,NA,no eligible pairs,whatsapp
dyadic_online_gen_HM,affect,immediate,paired,p,equal_family_event,0,0,NA,NA,NA,NA,NA,NA,NA,no eligible pairs,whatsapp
dyadic_online_gen_HM,affect,immediate,paired,p_absolute,pairs,0,0,NA,NA,NA,NA,NA,NA,NA,no eligible pairs,whatsapp
dyadic_online_gen_HM,affect,immediate,paired,p_absolute,equal_family_event,0,0,NA,NA,NA,NA,NA,NA,NA,no eligible pairs,whatsapp
dyadic_online_gen_HM,stereotype_judgment,immediate,available,d_combined,pairs,0,0,NA,NA,NA,NA,NA,NA,NA,no eligible pairs,whatsapp
dyadic_online_gen_HM,stereotype_judgment,immediate,available,d_combined,equal_family_event,0,0,NA,NA,NA,NA,NA,NA,NA,no eligible pairs,whatsapp
dyadic_online_gen_HM,stereotype_judgment,immediate,available,d_education,pairs,0,0,NA,NA,NA,NA,NA,NA,NA,no eligible pairs,whatsapp
dyadic_online_gen_HM,stereotype_judgment,immediate,available,d_education,equal_family_event,0,0,NA,NA,NA,NA,NA,NA,NA,no eligible pairs,whatsapp
dyadic_online_gen_HM,stereotype_judgment,immediate,available,d_gender,pairs,0,0,NA,NA,NA,NA,NA,NA,NA,no eligible pairs,whatsapp
dyadic_online_gen_HM,stereotype_judgment,immediate,available,d_gender,equal_family_event,0,0,NA,NA,NA,NA,NA,NA,NA,no eligible pairs,whatsapp
dyadic_online_gen_HM,stereotype_judgment,immediate,available,d_income,pairs,0,0,NA,NA,NA,NA,NA,NA,NA,no eligible pairs,whatsapp
dyadic_online_gen_HM,stereotype_judgment,immediate,available,d_income,equal_family_event,0,0,NA,NA,NA,NA,NA,NA,NA,no eligible pairs,whatsapp
dyadic_online_gen_HM,stereotype_judgment,immediate,available,h,pairs,0,0,NA,NA,NA,NA,NA,NA,NA,no eligible pairs,whatsapp
dyadic_online_gen_HM,stereotype_judgment,immediate,available,h,equal_family_event,0,0,NA,NA,NA,NA,NA,NA,NA,no eligible pairs,whatsapp
dyadic_online_gen_HM,stereotype_judgment,immediate,available,p,pairs,0,0,NA,NA,NA,NA,NA,NA,NA,no eligible pairs,whatsapp
dyadic_online_gen_HM,stereotype_judgment,immediate,available,p,equal_family_event,0,0,NA,NA,NA,NA,NA,NA,NA,no eligible pairs,whatsapp
dyadic_online_gen_HM,stereotype_judgment,immediate,available,p_absolute,pairs,0,0,NA,NA,NA,NA,NA,NA,NA,no eligible pairs,whatsapp
dyadic_online_gen_HM,stereotype_judgment,immediate,available,p_absolute,equal_family_event,0,0,NA,NA,NA,NA,NA,NA,NA,no eligible pairs,whatsapp
dyadic_online_gen_HM,stereotype_judgment,immediate,paired,d_combined,pairs,0,0,NA,NA,NA,NA,NA,NA,NA,no eligible pairs,whatsapp
dyadic_online_gen_HM,stereotype_judgment,immediate,paired,d_combined,equal_family_event,0,0,NA,NA,NA,NA,NA,NA,NA,no eligible pairs,whatsapp
dyadic_online_gen_HM,stereotype_judgment,immediate,paired,d_education,pairs,0,0,NA,NA,NA,NA,NA,NA,NA,no eligible pairs,whatsapp
dyadic_online_gen_HM,stereotype_judgment,immediate,paired,d_education,equal_family_event,0,0,NA,NA,NA,NA,NA,NA,NA,no eligible pairs,whatsapp
dyadic_online_gen_HM,stereotype_judgment,immediate,paired,d_gender,pairs,0,0,NA,NA,NA,NA,NA,NA,NA,no eligible pairs,whatsapp
dyadic_online_gen_HM,stereotype_judgment,immediate,paired,d_gender,equal_family_event,0,0,NA,NA,NA,NA,NA,NA,NA,no eligible pairs,whatsapp
dyadic_online_gen_HM,stereotype_judgment,immediate,paired,d_income,pairs,0,0,NA,NA,NA,NA,NA,NA,NA,no eligible pairs,whatsapp
dyadic_online_gen_HM,stereotype_judgment,immediate,paired,d_income,equal_family_event,0,0,NA,NA,NA,NA,NA,NA,NA,no eligible pairs,whatsapp
dyadic_online_gen_HM,stereotype_judgment,immediate,paired,h,pairs,0,0,NA,NA,NA,NA,NA,NA,NA,no eligible pairs,whatsapp
dyadic_online_gen_HM,stereotype_judgment,immediate,paired,h,equal_family_event,0,0,NA,NA,NA,NA,NA,NA,NA,no eligible pairs,whatsapp
dyadic_online_gen_HM,stereotype_judgment,immediate,paired,p,pairs,0,0,NA,NA,NA,NA,NA,NA,NA,no eligible pairs,whatsapp
dyadic_online_gen_HM,stereotype_judgment,immediate,paired,p,equal_family_event,0,0,NA,NA,NA,NA,NA,NA,NA,no eligible pairs,whatsapp
dyadic_online_gen_HM,stereotype_judgment,immediate,paired,p_absolute,pairs,0,0,NA,NA,NA,NA,NA,NA,NA,no eligible pairs,whatsapp
dyadic_online_gen_HM,stereotype_judgment,immediate,paired,p_absolute,equal_family_event,0,0,NA,NA,NA,NA,NA,NA,NA,no eligible pairs,whatsapp
dyadic_online_igr_HH,affect,immediate,available,d_combined,pairs,0,0,NA,NA,NA,NA,NA,NA,NA,no eligible pairs,whatsapp
dyadic_online_igr_HH,affect,immediate,available,d_combined,equal_family_event,0,0,NA,NA,NA,NA,NA,NA,NA,no eligible pairs,whatsapp
dyadic_online_igr_HH,affect,immediate,available,d_education,pairs,0,0,NA,NA,NA,NA,NA,NA,NA,no eligible pairs,whatsapp
dyadic_online_igr_HH,affect,immediate,available,d_education,equal_family_event,0,0,NA,NA,NA,NA,NA,NA,NA,no eligible pairs,whatsapp
dyadic_online_igr_HH,affect,immediate,available,d_gender,pairs,0,0,NA,NA,NA,NA,NA,NA,NA,no eligible pairs,whatsapp
dyadic_online_igr_HH,affect,immediate,available,d_gender,equal_family_event,0,0,NA,NA,NA,NA,NA,NA,NA,no eligible pairs,whatsapp
dyadic_online_igr_HH,affect,immediate,available,d_income,pairs,0,0,NA,NA,NA,NA,NA,NA,NA,no eligible pairs,whatsapp
dyadic_online_igr_HH,affect,immediate,available,d_income,equal_family_event,0,0,NA,NA,NA,NA,NA,NA,NA,no eligible pairs,whatsapp
dyadic_online_igr_HH,affect,immediate,available,h,pairs,0,0,NA,NA,NA,NA,NA,NA,NA,no eligible pairs,whatsapp
dyadic_online_igr_HH,affect,immediate,available,h,equal_family_event,0,0,NA,NA,NA,NA,NA,NA,NA,no eligible pairs,whatsapp
dyadic_online_igr_HH,affect,immediate,available,p,pairs,0,0,NA,NA,NA,NA,NA,NA,NA,no eligible pairs,whatsapp
dyadic_online_igr_HH,affect,immediate,available,p,equal_family_event,0,0,NA,NA,NA,NA,NA,NA,NA,no eligible pairs,whatsapp
dyadic_online_igr_HH,affect,immediate,available,p_absolute,pairs,0,0,NA,NA,NA,NA,NA,NA,NA,no eligible pairs,whatsapp
dyadic_online_igr_HH,affect,immediate,available,p_absolute,equal_family_event,0,0,NA,NA,NA,NA,NA,NA,NA,no eligible pairs,whatsapp
dyadic_online_igr_HH,affect,immediate,paired,d_combined,pairs,0,0,NA,NA,NA,NA,NA,NA,NA,no eligible pairs,whatsapp
dyadic_online_igr_HH,affect,immediate,paired,d_combined,equal_family_event,0,0,NA,NA,NA,NA,NA,NA,NA,no eligible pairs,whatsapp
dyadic_online_igr_HH,affect,immediate,paired,d_education,pairs,0,0,NA,NA,NA,NA,NA,NA,NA,no eligible pairs,whatsapp
dyadic_online_igr_HH,affect,immediate,paired,d_education,equal_family_event,0,0,NA,NA,NA,NA,NA,NA,NA,no eligible pairs,whatsapp
dyadic_online_igr_HH,affect,immediate,paired,d_gender,pairs,0,0,NA,NA,NA,NA,NA,NA,NA,no eligible pairs,whatsapp
dyadic_online_igr_HH,affect,immediate,paired,d_gender,equal_family_event,0,0,NA,NA,NA,NA,NA,NA,NA,no eligible pairs,whatsapp
dyadic_online_igr_HH,affect,immediate,paired,d_income,pairs,0,0,NA,NA,NA,NA,NA,NA,NA,no eligible pairs,whatsapp
dyadic_online_igr_HH,affect,immediate,paired,d_income,equal_family_event,0,0,NA,NA,NA,NA,NA,NA,NA,no eligible pairs,whatsapp
dyadic_online_igr_HH,affect,immediate,paired,h,pairs,0,0,NA,NA,NA,NA,NA,NA,NA,no eligible pairs,whatsapp
dyadic_online_igr_HH,affect,immediate,paired,h,equal_family_event,0,0,NA,NA,NA,NA,NA,NA,NA,no eligible pairs,whatsapp
dyadic_online_igr_HH,affect,immediate,paired,p,pairs,0,0,NA,NA,NA,NA,NA,NA,NA,no eligible pairs,whatsapp
dyadic_online_igr_HH,affect,immediate,paired,p,equal_family_event,0,0,NA,NA,NA,NA,NA,NA,NA,no eligible pairs,whatsapp
dyadic_online_igr_HH,affect,immediate,paired,p_absolute,pairs,0,0,NA,NA,NA,NA,NA,NA,NA,no eligible pairs,whatsapp
dyadic_online_igr_HH,affect,immediate,paired,p_absolute,equal_family_event,0,0,NA,NA,NA,NA,NA,NA,NA,no eligible pairs,whatsapp
dyadic_online_igr_HH,stereotype_judgment,immediate,available,d_combined,pairs,0,0,NA,NA,NA,NA,NA,NA,NA,no eligible pairs,whatsapp
dyadic_online_igr_HH,stereotype_judgment,immediate,available,d_combined,equal_family_event,0,0,NA,NA,NA,NA,NA,NA,NA,no eligible pairs,whatsapp
dyadic_online_igr_HH,stereotype_judgment,immediate,available,d_education,pairs,0,0,NA,NA,NA,NA,NA,NA,NA,no eligible pairs,whatsapp
dyadic_online_igr_HH,stereotype_judgment,immediate,available,d_education,equal_family_event,0,0,NA,NA,NA,NA,NA,NA,NA,no eligible pairs,whatsapp
dyadic_online_igr_HH,stereotype_judgment,immediate,available,d_gender,pairs,0,0,NA,NA,NA,NA,NA,NA,NA,no eligible pairs,whatsapp
dyadic_online_igr_HH,stereotype_judgment,immediate,available,d_gender,equal_family_event,0,0,NA,NA,NA,NA,NA,NA,NA,no eligible pairs,whatsapp
dyadic_online_igr_HH,stereotype_judgment,immediate,available,d_income,pairs,0,0,NA,NA,NA,NA,NA,NA,NA,no eligible pairs,whatsapp
dyadic_online_igr_HH,stereotype_judgment,immediate,available,d_income,equal_family_event,0,0,NA,NA,NA,NA,NA,NA,NA,no eligible pairs,whatsapp
dyadic_online_igr_HH,stereotype_judgment,immediate,available,h,pairs,0,0,NA,NA,NA,NA,NA,NA,NA,no eligible pairs,whatsapp
dyadic_online_igr_HH,stereotype_judgment,immediate,available,h,equal_family_event,0,0,NA,NA,NA,NA,NA,NA,NA,no eligible pairs,whatsapp
dyadic_online_igr_HH,stereotype_judgment,immediate,available,p,pairs,0,0,NA,NA,NA,NA,NA,NA,NA,no eligible pairs,whatsapp
dyadic_online_igr_HH,stereotype_judgment,immediate,available,p,equal_family_event,0,0,NA,NA,NA,NA,NA,NA,NA,no eligible pairs,whatsapp
dyadic_online_igr_HH,stereotype_judgment,immediate,available,p_absolute,pairs,0,0,NA,NA,NA,NA,NA,NA,NA,no eligible pairs,whatsapp
dyadic_online_igr_HH,stereotype_judgment,immediate,available,p_absolute,equal_family_event,0,0,NA,NA,NA,NA,NA,NA,NA,no eligible pairs,whatsapp
dyadic_online_igr_HH,stereotype_judgment,immediate,paired,d_combined,pairs,0,0,NA,NA,NA,NA,NA,NA,NA,no eligible pairs,whatsapp
dyadic_online_igr_HH,stereotype_judgment,immediate,paired,d_combined,equal_family_event,0,0,NA,NA,NA,NA,NA,NA,NA,no eligible pairs,whatsapp
dyadic_online_igr_HH,stereotype_judgment,immediate,paired,d_education,pairs,0,0,NA,NA,NA,NA,NA,NA,NA,no eligible pairs,whatsapp
dyadic_online_igr_HH,stereotype_judgment,immediate,paired,d_education,equal_family_event,0,0,NA,NA,NA,NA,NA,NA,NA,no eligible pairs,whatsapp
dyadic_online_igr_HH,stereotype_judgment,immediate,paired,d_gender,pairs,0,0,NA,NA,NA,NA,NA,NA,NA,no eligible pairs,whatsapp
dyadic_online_igr_HH,stereotype_judgment,immediate,paired,d_gender,equal_family_event,0,0,NA,NA,NA,NA,NA,NA,NA,no eligible pairs,whatsapp
dyadic_online_igr_HH,stereotype_judgment,immediate,paired,d_income,pairs,0,0,NA,NA,NA,NA,NA,NA,NA,no eligible pairs,whatsapp
dyadic_online_igr_HH,stereotype_judgment,immediate,paired,d_income,equal_family_event,0,0,NA,NA,NA,NA,NA,NA,NA,no eligible pairs,whatsapp
dyadic_online_igr_HH,stereotype_judgment,immediate,paired,h,pairs,0,0,NA,NA,NA,NA,NA,NA,NA,no eligible pairs,whatsapp
dyadic_online_igr_HH,stereotype_judgment,immediate,paired,h,equal_family_event,0,0,NA,NA,NA,NA,NA,NA,NA,no eligible pairs,whatsapp
dyadic_online_igr_HH,stereotype_judgment,immediate,paired,p,pairs,0,0,NA,NA,NA,NA,NA,NA,NA,no eligible pairs,whatsapp
dyadic_online_igr_HH,stereotype_judgment,immediate,paired,p,equal_family_event,0,0,NA,NA,NA,NA,NA,NA,NA,no eligible pairs,whatsapp
dyadic_online_igr_HH,stereotype_judgment,immediate,paired,p_absolute,pairs,0,0,NA,NA,NA,NA,NA,NA,NA,no eligible pairs,whatsapp
dyadic_online_igr_HH,stereotype_judgment,immediate,paired,p_absolute,equal_family_event,0,0,NA,NA,NA,NA,NA,NA,NA,no eligible pairs,whatsapp
dyadic_online_igr_HM,affect,immediate,available,d_combined,pairs,0,0,NA,NA,NA,NA,NA,NA,NA,no eligible pairs,whatsapp
dyadic_online_igr_HM,affect,immediate,available,d_combined,equal_family_event,0,0,NA,NA,NA,NA,NA,NA,NA,no eligible pairs,whatsapp
dyadic_online_igr_HM,affect,immediate,available,d_education,pairs,0,0,NA,NA,NA,NA,NA,NA,NA,no eligible pairs,whatsapp
dyadic_online_igr_HM,affect,immediate,available,d_education,equal_family_event,0,0,NA,NA,NA,NA,NA,NA,NA,no eligible pairs,whatsapp
dyadic_online_igr_HM,affect,immediate,available,d_gender,pairs,0,0,NA,NA,NA,NA,NA,NA,NA,no eligible pairs,whatsapp
dyadic_online_igr_HM,affect,immediate,available,d_gender,equal_family_event,0,0,NA,NA,NA,NA,NA,NA,NA,no eligible pairs,whatsapp
dyadic_online_igr_HM,affect,immediate,available,d_income,pairs,0,0,NA,NA,NA,NA,NA,NA,NA,no eligible pairs,whatsapp
dyadic_online_igr_HM,affect,immediate,available,d_income,equal_family_event,0,0,NA,NA,NA,NA,NA,NA,NA,no eligible pairs,whatsapp
dyadic_online_igr_HM,affect,immediate,available,h,pairs,0,0,NA,NA,NA,NA,NA,NA,NA,no eligible pairs,whatsapp
dyadic_online_igr_HM,affect,immediate,available,h,equal_family_event,0,0,NA,NA,NA,NA,NA,NA,NA,no eligible pairs,whatsapp
dyadic_online_igr_HM,affect,immediate,available,p,pairs,0,0,NA,NA,NA,NA,NA,NA,NA,no eligible pairs,whatsapp
dyadic_online_igr_HM,affect,immediate,available,p,equal_family_event,0,0,NA,NA,NA,NA,NA,NA,NA,no eligible pairs,whatsapp
dyadic_online_igr_HM,affect,immediate,available,p_absolute,pairs,0,0,NA,NA,NA,NA,NA,NA,NA,no eligible pairs,whatsapp
dyadic_online_igr_HM,affect,immediate,available,p_absolute,equal_family_event,0,0,NA,NA,NA,NA,NA,NA,NA,no eligible pairs,whatsapp
dyadic_online_igr_HM,affect,immediate,paired,d_combined,pairs,0,0,NA,NA,NA,NA,NA,NA,NA,no eligible pairs,whatsapp
dyadic_online_igr_HM,affect,immediate,paired,d_combined,equal_family_event,0,0,NA,NA,NA,NA,NA,NA,NA,no eligible pairs,whatsapp
dyadic_online_igr_HM,affect,immediate,paired,d_education,pairs,0,0,NA,NA,NA,NA,NA,NA,NA,no eligible pairs,whatsapp
dyadic_online_igr_HM,affect,immediate,paired,d_education,equal_family_event,0,0,NA,NA,NA,NA,NA,NA,NA,no eligible pairs,whatsapp
dyadic_online_igr_HM,affect,immediate,paired,d_gender,pairs,0,0,NA,NA,NA,NA,NA,NA,NA,no eligible pairs,whatsapp
dyadic_online_igr_HM,affect,immediate,paired,d_gender,equal_family_event,0,0,NA,NA,NA,NA,NA,NA,NA,no eligible pairs,whatsapp
dyadic_online_igr_HM,affect,immediate,paired,d_income,pairs,0,0,NA,NA,NA,NA,NA,NA,NA,no eligible pairs,whatsapp
dyadic_online_igr_HM,affect,immediate,paired,d_income,equal_family_event,0,0,NA,NA,NA,NA,NA,NA,NA,no eligible pairs,whatsapp
dyadic_online_igr_HM,affect,immediate,paired,h,pairs,0,0,NA,NA,NA,NA,NA,NA,NA,no eligible pairs,whatsapp
dyadic_online_igr_HM,affect,immediate,paired,h,equal_family_event,0,0,NA,NA,NA,NA,NA,NA,NA,no eligible pairs,whatsapp
dyadic_online_igr_HM,affect,immediate,paired,p,pairs,0,0,NA,NA,NA,NA,NA,NA,NA,no eligible pairs,whatsapp
dyadic_online_igr_HM,affect,immediate,paired,p,equal_family_event,0,0,NA,NA,NA,NA,NA,NA,NA,no eligible pairs,whatsapp
dyadic_online_igr_HM,affect,immediate,paired,p_absolute,pairs,0,0,NA,NA,NA,NA,NA,NA,NA,no eligible pairs,whatsapp
dyadic_online_igr_HM,affect,immediate,paired,p_absolute,equal_family_event,0,0,NA,NA,NA,NA,NA,NA,NA,no eligible pairs,whatsapp
dyadic_online_igr_HM,stereotype_judgment,immediate,available,d_combined,pairs,0,0,NA,NA,NA,NA,NA,NA,NA,no eligible pairs,whatsapp
dyadic_online_igr_HM,stereotype_judgment,immediate,available,d_combined,equal_family_event,0,0,NA,NA,NA,NA,NA,NA,NA,no eligible pairs,whatsapp
dyadic_online_igr_HM,stereotype_judgment,immediate,available,d_education,pairs,0,0,NA,NA,NA,NA,NA,NA,NA,no eligible pairs,whatsapp
dyadic_online_igr_HM,stereotype_judgment,immediate,available,d_education,equal_family_event,0,0,NA,NA,NA,NA,NA,NA,NA,no eligible pairs,whatsapp
dyadic_online_igr_HM,stereotype_judgment,immediate,available,d_gender,pairs,0,0,NA,NA,NA,NA,NA,NA,NA,no eligible pairs,whatsapp
dyadic_online_igr_HM,stereotype_judgment,immediate,available,d_gender,equal_family_event,0,0,NA,NA,NA,NA,NA,NA,NA,no eligible pairs,whatsapp
dyadic_online_igr_HM,stereotype_judgment,immediate,available,d_income,pairs,0,0,NA,NA,NA,NA,NA,NA,NA,no eligible pairs,whatsapp
dyadic_online_igr_HM,stereotype_judgment,immediate,available,d_income,equal_family_event,0,0,NA,NA,NA,NA,NA,NA,NA,no eligible pairs,whatsapp
dyadic_online_igr_HM,stereotype_judgment,immediate,available,h,pairs,0,0,NA,NA,NA,NA,NA,NA,NA,no eligible pairs,whatsapp
dyadic_online_igr_HM,stereotype_judgment,immediate,available,h,equal_family_event,0,0,NA,NA,NA,NA,NA,NA,NA,no eligible pairs,whatsapp
dyadic_online_igr_HM,stereotype_judgment,immediate,available,p,pairs,0,0,NA,NA,NA,NA,NA,NA,NA,no eligible pairs,whatsapp
dyadic_online_igr_HM,stereotype_judgment,immediate,available,p,equal_family_event,0,0,NA,NA,NA,NA,NA,NA,NA,no eligible pairs,whatsapp
dyadic_online_igr_HM,stereotype_judgment,immediate,available,p_absolute,pairs,0,0,NA,NA,NA,NA,NA,NA,NA,no eligible pairs,whatsapp
dyadic_online_igr_HM,stereotype_judgment,immediate,available,p_absolute,equal_family_event,0,0,NA,NA,NA,NA,NA,NA,NA,no eligible pairs,whatsapp
dyadic_online_igr_HM,stereotype_judgment,immediate,paired,d_combined,pairs,0,0,NA,NA,NA,NA,NA,NA,NA,no eligible pairs,whatsapp
dyadic_online_igr_HM,stereotype_judgment,immediate,paired,d_combined,equal_family_event,0,0,NA,NA,NA,NA,NA,NA,NA,no eligible pairs,whatsapp
dyadic_online_igr_HM,stereotype_judgment,immediate,paired,d_education,pairs,0,0,NA,NA,NA,NA,NA,NA,NA,no eligible pairs,whatsapp
dyadic_online_igr_HM,stereotype_judgment,immediate,paired,d_education,equal_family_event,0,0,NA,NA,NA,NA,NA,NA,NA,no eligible pairs,whatsapp
dyadic_online_igr_HM,stereotype_judgment,immediate,paired,d_gender,pairs,0,0,NA,NA,NA,NA,NA,NA,NA,no eligible pairs,whatsapp
dyadic_online_igr_HM,stereotype_judgment,immediate,paired,d_gender,equal_family_event,0,0,NA,NA,NA,NA,NA,NA,NA,no eligible pairs,whatsapp
dyadic_online_igr_HM,stereotype_judgment,immediate,paired,d_income,pairs,0,0,NA,NA,NA,NA,NA,NA,NA,no eligible pairs,whatsapp
dyadic_online_igr_HM,stereotype_judgment,immediate,paired,d_income,equal_family_event,0,0,NA,NA,NA,NA,NA,NA,NA,no eligible pairs,whatsapp
dyadic_online_igr_HM,stereotype_judgment,immediate,paired,h,pairs,0,0,NA,NA,NA,NA,NA,NA,NA,no eligible pairs,whatsapp
dyadic_online_igr_HM,stereotype_judgment,immediate,paired,h,equal_family_event,0,0,NA,NA,NA,NA,NA,NA,NA,no eligible pairs,whatsapp
dyadic_online_igr_HM,stereotype_judgment,immediate,paired,p,pairs,0,0,NA,NA,NA,NA,NA,NA,NA,no eligible pairs,whatsapp
dyadic_online_igr_HM,stereotype_judgment,immediate,paired,p,equal_family_event,0,0,NA,NA,NA,NA,NA,NA,NA,no eligible pairs,whatsapp
dyadic_online_igr_HM,stereotype_judgment,immediate,paired,p_absolute,pairs,0,0,NA,NA,NA,NA,NA,NA,NA,no eligible pairs,whatsapp
dyadic_online_igr_HM,stereotype_judgment,immediate,paired,p_absolute,equal_family_event,0,0,NA,NA,NA,NA,NA,NA,NA,no eligible pairs,whatsapp
facilitated_discussion,policy,immediate,available,d_combined,pairs,0,0,NA,NA,NA,NA,NA,NA,NA,no eligible pairs,celaya_2018
facilitated_discussion,policy,immediate,available,d_combined,equal_family_event,0,0,NA,NA,NA,NA,NA,NA,NA,no eligible pairs,celaya_2018
facilitated_discussion,policy,immediate,available,d_combined,pairs,30,1,-0.014444444444444439,0.36666666666666664,1,NA,NA,NA,NA,fewer than two independent families,hongkong_2020
facilitated_discussion,policy,immediate,available,d_combined,equal_family_event,30,1,-0.013318452380952379,0.3705357142857143,1,NA,NA,NA,NA,fewer than two independent families,hongkong_2020
facilitated_discussion,policy,immediate,available,d_education,pairs,0,0,NA,NA,NA,NA,NA,NA,NA,no eligible pairs,celaya_2018
facilitated_discussion,policy,immediate,available,d_education,equal_family_event,0,0,NA,NA,NA,NA,NA,NA,NA,no eligible pairs,celaya_2018
facilitated_discussion,policy,immediate,available,d_education,pairs,52,1,-0.018612637362637362,0.3269230769230769,1,NA,NA,NA,NA,fewer than two independent families,hongkong_2020
facilitated_discussion,policy,immediate,available,d_education,equal_family_event,52,1,-0.018154761904761885,0.3307823129251697,1,NA,NA,NA,NA,fewer than two independent families,hongkong_2020
facilitated_discussion,policy,immediate,available,d_gender,pairs,0,0,NA,NA,NA,NA,NA,NA,NA,no eligible pairs,celaya_2018
facilitated_discussion,policy,immediate,available,d_gender,equal_family_event,0,0,NA,NA,NA,NA,NA,NA,NA,no eligible pairs,celaya_2018
facilitated_discussion,policy,immediate,available,d_gender,pairs,54,1,-0.010802469135802463,0.4074074074074074,1,NA,NA,NA,NA,fewer than two independent families,hongkong_2020
facilitated_discussion,policy,immediate,available,d_gender,equal_family_event,54,1,-0.01061507936507935,0.4107142857142853,1,NA,NA,NA,NA,fewer than two independent families,hongkong_2020
facilitated_discussion,policy,immediate,available,d_income,pairs,0,0,NA,NA,NA,NA,NA,NA,NA,no eligible pairs,celaya_2018
facilitated_discussion,policy,immediate,available,d_income,equal_family_event,0,0,NA,NA,NA,NA,NA,NA,NA,no eligible pairs,celaya_2018
facilitated_discussion,policy,immediate,available,d_income,pairs,53,1,-0.016801437556154535,0.3584905660377358,1,NA,NA,NA,NA,fewer than two independent families,hongkong_2020
facilitated_discussion,policy,immediate,available,d_income,equal_family_event,53,1,-0.015136054421768684,0.37142857142857094,1,NA,NA,NA,NA,fewer than two independent families,hongkong_2020
facilitated_discussion,policy,immediate,available,h,pairs,1,1,-0.14461132959494832,0,1,NA,NA,NA,NA,fewer than two independent families,celaya_2018
facilitated_discussion,policy,immediate,available,h,equal_family_event,1,1,-0.14461132959494832,0,1,NA,NA,NA,NA,fewer than two independent families,celaya_2018
facilitated_discussion,policy,immediate,available,h,pairs,56,1,-0.015039695306280338,0.3392857142857143,1,NA,NA,NA,NA,fewer than two independent families,hongkong_2020
facilitated_discussion,policy,immediate,available,h,equal_family_event,56,1,-0.015039695306280323,0.3392857142857138,1,NA,NA,NA,NA,fewer than two independent families,hongkong_2020
facilitated_discussion,policy,immediate,available,p,pairs,1,1,0,0,1,NA,NA,NA,NA,fewer than two independent families,celaya_2018
facilitated_discussion,policy,immediate,available,p,equal_family_event,1,1,0,0,1,NA,NA,NA,NA,fewer than two independent families,celaya_2018
facilitated_discussion,policy,immediate,available,p,pairs,53,1,-0.030592991913746648,0.2830188679245283,1,NA,NA,NA,NA,fewer than two independent families,hongkong_2020
facilitated_discussion,policy,immediate,available,p,equal_family_event,53,1,-0.02957766439909295,0.2874149659863942,1,NA,NA,NA,NA,fewer than two independent families,hongkong_2020
facilitated_discussion,policy,immediate,available,p_absolute,pairs,1,1,0,0,1,NA,NA,NA,NA,fewer than two independent families,celaya_2018
facilitated_discussion,policy,immediate,available,p_absolute,equal_family_event,1,1,0,0,1,NA,NA,NA,NA,fewer than two independent families,celaya_2018
facilitated_discussion,policy,immediate,available,p_absolute,pairs,56,1,-0.013095238095238102,0.375,1,NA,NA,NA,NA,fewer than two independent families,hongkong_2020
facilitated_discussion,policy,immediate,available,p_absolute,equal_family_event,56,1,-0.01309523809523808,0.3749999999999995,1,NA,NA,NA,NA,fewer than two independent families,hongkong_2020
facilitated_discussion,policy,immediate,paired,d_combined,pairs,0,0,NA,NA,NA,NA,NA,NA,NA,no eligible pairs,celaya_2018
facilitated_discussion,policy,immediate,paired,d_combined,equal_family_event,0,0,NA,NA,NA,NA,NA,NA,NA,no eligible pairs,celaya_2018
facilitated_discussion,policy,immediate,paired,d_combined,pairs,30,1,-0.014444444444444439,0.36666666666666664,1,NA,NA,NA,NA,fewer than two independent families,hongkong_2020
facilitated_discussion,policy,immediate,paired,d_combined,equal_family_event,30,1,-0.013318452380952379,0.3705357142857143,1,NA,NA,NA,NA,fewer than two independent families,hongkong_2020
facilitated_discussion,policy,immediate,paired,d_education,pairs,0,0,NA,NA,NA,NA,NA,NA,NA,no eligible pairs,celaya_2018
facilitated_discussion,policy,immediate,paired,d_education,equal_family_event,0,0,NA,NA,NA,NA,NA,NA,NA,no eligible pairs,celaya_2018
facilitated_discussion,policy,immediate,paired,d_education,pairs,52,1,-0.018612637362637362,0.3269230769230769,1,NA,NA,NA,NA,fewer than two independent families,hongkong_2020
facilitated_discussion,policy,immediate,paired,d_education,equal_family_event,52,1,-0.018154761904761885,0.3307823129251697,1,NA,NA,NA,NA,fewer than two independent families,hongkong_2020
facilitated_discussion,policy,immediate,paired,d_gender,pairs,0,0,NA,NA,NA,NA,NA,NA,NA,no eligible pairs,celaya_2018
facilitated_discussion,policy,immediate,paired,d_gender,equal_family_event,0,0,NA,NA,NA,NA,NA,NA,NA,no eligible pairs,celaya_2018
facilitated_discussion,policy,immediate,paired,d_gender,pairs,54,1,-0.010802469135802463,0.4074074074074074,1,NA,NA,NA,NA,fewer than two independent families,hongkong_2020
facilitated_discussion,policy,immediate,paired,d_gender,equal_family_event,54,1,-0.01061507936507935,0.4107142857142853,1,NA,NA,NA,NA,fewer than two independent families,hongkong_2020
facilitated_discussion,policy,immediate,paired,d_income,pairs,0,0,NA,NA,NA,NA,NA,NA,NA,no eligible pairs,celaya_2018
facilitated_discussion,policy,immediate,paired,d_income,equal_family_event,0,0,NA,NA,NA,NA,NA,NA,NA,no eligible pairs,celaya_2018
facilitated_discussion,policy,immediate,paired,d_income,pairs,53,1,-0.016801437556154535,0.3584905660377358,1,NA,NA,NA,NA,fewer than two independent families,hongkong_2020
facilitated_discussion,policy,immediate,paired,d_income,equal_family_event,53,1,-0.015136054421768684,0.37142857142857094,1,NA,NA,NA,NA,fewer than two independent families,hongkong_2020
facilitated_discussion,policy,immediate,paired,h,pairs,1,1,-0.14461132959494832,0,1,NA,NA,NA,NA,fewer than two independent families,celaya_2018
facilitated_discussion,policy,immediate,paired,h,equal_family_event,1,1,-0.14461132959494832,0,1,NA,NA,NA,NA,fewer than two independent families,celaya_2018
facilitated_discussion,policy,immediate,paired,h,pairs,56,1,-0.015039695306280338,0.3392857142857143,1,NA,NA,NA,NA,fewer than two independent families,hongkong_2020
facilitated_discussion,policy,immediate,paired,h,equal_family_event,56,1,-0.015039695306280323,0.3392857142857138,1,NA,NA,NA,NA,fewer than two independent families,hongkong_2020
facilitated_discussion,policy,immediate,paired,p,pairs,1,1,0,0,1,NA,NA,NA,NA,fewer than two independent families,celaya_2018
facilitated_discussion,policy,immediate,paired,p,equal_family_event,1,1,0,0,1,NA,NA,NA,NA,fewer than two independent families,celaya_2018
facilitated_discussion,policy,immediate,paired,p,pairs,53,1,-0.030592991913746648,0.2830188679245283,1,NA,NA,NA,NA,fewer than two independent families,hongkong_2020
facilitated_discussion,policy,immediate,paired,p,equal_family_event,53,1,-0.02957766439909295,0.2874149659863942,1,NA,NA,NA,NA,fewer than two independent families,hongkong_2020
facilitated_discussion,policy,immediate,paired,p_absolute,pairs,1,1,0,0,1,NA,NA,NA,NA,fewer than two independent families,celaya_2018
facilitated_discussion,policy,immediate,paired,p_absolute,equal_family_event,1,1,0,0,1,NA,NA,NA,NA,fewer than two independent families,celaya_2018
facilitated_discussion,policy,immediate,paired,p_absolute,pairs,56,1,-0.013095238095238102,0.375,1,NA,NA,NA,NA,fewer than two independent families,hongkong_2020
facilitated_discussion,policy,immediate,paired,p_absolute,equal_family_event,56,1,-0.01309523809523808,0.3749999999999995,1,NA,NA,NA,NA,fewer than two independent families,hongkong_2020
laboratory_discussion,policy,immediate,available,d_combined,pairs,0,0,NA,NA,NA,NA,NA,NA,NA,no eligible pairs,consensus
laboratory_discussion,policy,immediate,available,d_combined,equal_family_event,0,0,NA,NA,NA,NA,NA,NA,NA,no eligible pairs,consensus
laboratory_discussion,policy,immediate,available,d_education,pairs,0,0,NA,NA,NA,NA,NA,NA,NA,no eligible pairs,consensus
laboratory_discussion,policy,immediate,available,d_education,equal_family_event,0,0,NA,NA,NA,NA,NA,NA,NA,no eligible pairs,consensus
laboratory_discussion,policy,immediate,available,d_gender,pairs,0,0,NA,NA,NA,NA,NA,NA,NA,no eligible pairs,consensus
laboratory_discussion,policy,immediate,available,d_gender,equal_family_event,0,0,NA,NA,NA,NA,NA,NA,NA,no eligible pairs,consensus
laboratory_discussion,policy,immediate,available,d_income,pairs,0,0,NA,NA,NA,NA,NA,NA,NA,no eligible pairs,consensus
laboratory_discussion,policy,immediate,available,d_income,equal_family_event,0,0,NA,NA,NA,NA,NA,NA,NA,no eligible pairs,consensus
laboratory_discussion,policy,immediate,available,h,pairs,0,0,NA,NA,NA,NA,NA,NA,NA,no eligible pairs,consensus
laboratory_discussion,policy,immediate,available,h,equal_family_event,0,0,NA,NA,NA,NA,NA,NA,NA,no eligible pairs,consensus
laboratory_discussion,policy,immediate,available,p,pairs,0,0,NA,NA,NA,NA,NA,NA,NA,no eligible pairs,consensus
laboratory_discussion,policy,immediate,available,p,equal_family_event,0,0,NA,NA,NA,NA,NA,NA,NA,no eligible pairs,consensus
laboratory_discussion,policy,immediate,available,p_absolute,pairs,0,0,NA,NA,NA,NA,NA,NA,NA,no eligible pairs,consensus
laboratory_discussion,policy,immediate,available,p_absolute,equal_family_event,0,0,NA,NA,NA,NA,NA,NA,NA,no eligible pairs,consensus
laboratory_discussion,policy,immediate,paired,d_combined,pairs,0,0,NA,NA,NA,NA,NA,NA,NA,no eligible pairs,consensus
laboratory_discussion,policy,immediate,paired,d_combined,equal_family_event,0,0,NA,NA,NA,NA,NA,NA,NA,no eligible pairs,consensus
laboratory_discussion,policy,immediate,paired,d_education,pairs,0,0,NA,NA,NA,NA,NA,NA,NA,no eligible pairs,consensus
laboratory_discussion,policy,immediate,paired,d_education,equal_family_event,0,0,NA,NA,NA,NA,NA,NA,NA,no eligible pairs,consensus
laboratory_discussion,policy,immediate,paired,d_gender,pairs,0,0,NA,NA,NA,NA,NA,NA,NA,no eligible pairs,consensus
laboratory_discussion,policy,immediate,paired,d_gender,equal_family_event,0,0,NA,NA,NA,NA,NA,NA,NA,no eligible pairs,consensus
laboratory_discussion,policy,immediate,paired,d_income,pairs,0,0,NA,NA,NA,NA,NA,NA,NA,no eligible pairs,consensus
laboratory_discussion,policy,immediate,paired,d_income,equal_family_event,0,0,NA,NA,NA,NA,NA,NA,NA,no eligible pairs,consensus
laboratory_discussion,policy,immediate,paired,h,pairs,0,0,NA,NA,NA,NA,NA,NA,NA,no eligible pairs,consensus
laboratory_discussion,policy,immediate,paired,h,equal_family_event,0,0,NA,NA,NA,NA,NA,NA,NA,no eligible pairs,consensus
laboratory_discussion,policy,immediate,paired,p,pairs,0,0,NA,NA,NA,NA,NA,NA,NA,no eligible pairs,consensus
laboratory_discussion,policy,immediate,paired,p,equal_family_event,0,0,NA,NA,NA,NA,NA,NA,NA,no eligible pairs,consensus
laboratory_discussion,policy,immediate,paired,p_absolute,pairs,0,0,NA,NA,NA,NA,NA,NA,NA,no eligible pairs,consensus
laboratory_discussion,policy,immediate,paired,p_absolute,equal_family_event,0,0,NA,NA,NA,NA,NA,NA,NA,no eligible pairs,consensus
mixed_partisan_discussion,policy,immediate,available,d_combined,pairs,0,0,NA,NA,NA,NA,NA,NA,NA,no eligible pairs,echo_2021
mixed_partisan_discussion,policy,immediate,available,d_combined,equal_family_event,0,0,NA,NA,NA,NA,NA,NA,NA,no eligible pairs,echo_2021
mixed_partisan_discussion,policy,immediate,available,d_education,pairs,0,0,NA,NA,NA,NA,NA,NA,NA,no eligible pairs,echo_2021
mixed_partisan_discussion,policy,immediate,available,d_education,equal_family_event,0,0,NA,NA,NA,NA,NA,NA,NA,no eligible pairs,echo_2021
mixed_partisan_discussion,policy,immediate,available,d_gender,pairs,0,0,NA,NA,NA,NA,NA,NA,NA,no eligible pairs,echo_2021
mixed_partisan_discussion,policy,immediate,available,d_gender,equal_family_event,0,0,NA,NA,NA,NA,NA,NA,NA,no eligible pairs,echo_2021
mixed_partisan_discussion,policy,immediate,available,d_income,pairs,0,0,NA,NA,NA,NA,NA,NA,NA,no eligible pairs,echo_2021
mixed_partisan_discussion,policy,immediate,available,d_income,equal_family_event,0,0,NA,NA,NA,NA,NA,NA,NA,no eligible pairs,echo_2021
mixed_partisan_discussion,policy,immediate,available,h,pairs,0,0,NA,NA,NA,NA,NA,NA,NA,no eligible pairs,echo_2021
mixed_partisan_discussion,policy,immediate,available,h,equal_family_event,0,0,NA,NA,NA,NA,NA,NA,NA,no eligible pairs,echo_2021
mixed_partisan_discussion,policy,immediate,available,p,pairs,0,0,NA,NA,NA,NA,NA,NA,NA,no eligible pairs,echo_2021
mixed_partisan_discussion,policy,immediate,available,p,equal_family_event,0,0,NA,NA,NA,NA,NA,NA,NA,no eligible pairs,echo_2021
mixed_partisan_discussion,policy,immediate,available,p_absolute,pairs,0,0,NA,NA,NA,NA,NA,NA,NA,no eligible pairs,echo_2021
mixed_partisan_discussion,policy,immediate,available,p_absolute,equal_family_event,0,0,NA,NA,NA,NA,NA,NA,NA,no eligible pairs,echo_2021
mixed_partisan_discussion,policy,immediate,paired,d_combined,pairs,0,0,NA,NA,NA,NA,NA,NA,NA,no eligible pairs,echo_2021
mixed_partisan_discussion,policy,immediate,paired,d_combined,equal_family_event,0,0,NA,NA,NA,NA,NA,NA,NA,no eligible pairs,echo_2021
mixed_partisan_discussion,policy,immediate,paired,d_education,pairs,0,0,NA,NA,NA,NA,NA,NA,NA,no eligible pairs,echo_2021
mixed_partisan_discussion,policy,immediate,paired,d_education,equal_family_event,0,0,NA,NA,NA,NA,NA,NA,NA,no eligible pairs,echo_2021
mixed_partisan_discussion,policy,immediate,paired,d_gender,pairs,0,0,NA,NA,NA,NA,NA,NA,NA,no eligible pairs,echo_2021
mixed_partisan_discussion,policy,immediate,paired,d_gender,equal_family_event,0,0,NA,NA,NA,NA,NA,NA,NA,no eligible pairs,echo_2021
mixed_partisan_discussion,policy,immediate,paired,d_income,pairs,0,0,NA,NA,NA,NA,NA,NA,NA,no eligible pairs,echo_2021
mixed_partisan_discussion,policy,immediate,paired,d_income,equal_family_event,0,0,NA,NA,NA,NA,NA,NA,NA,no eligible pairs,echo_2021
mixed_partisan_discussion,policy,immediate,paired,h,pairs,0,0,NA,NA,NA,NA,NA,NA,NA,no eligible pairs,echo_2021
mixed_partisan_discussion,policy,immediate,paired,h,equal_family_event,0,0,NA,NA,NA,NA,NA,NA,NA,no eligible pairs,echo_2021
mixed_partisan_discussion,policy,immediate,paired,p,pairs,0,0,NA,NA,NA,NA,NA,NA,NA,no eligible pairs,echo_2021
mixed_partisan_discussion,policy,immediate,paired,p,equal_family_event,0,0,NA,NA,NA,NA,NA,NA,NA,no eligible pairs,echo_2021
mixed_partisan_discussion,policy,immediate,paired,p_absolute,pairs,0,0,NA,NA,NA,NA,NA,NA,NA,no eligible pairs,echo_2021
mixed_partisan_discussion,policy,immediate,paired,p_absolute,equal_family_event,0,0,NA,NA,NA,NA,NA,NA,NA,no eligible pairs,echo_2021
partisan_discussion,policy,immediate,available,d_combined,pairs,0,0,NA,NA,NA,NA,NA,NA,NA,no eligible pairs,echo_2021
partisan_discussion,policy,immediate,available,d_combined,equal_family_event,0,0,NA,NA,NA,NA,NA,NA,NA,no eligible pairs,echo_2021
partisan_discussion,policy,immediate,available,d_education,pairs,0,0,NA,NA,NA,NA,NA,NA,NA,no eligible pairs,echo_2021
partisan_discussion,policy,immediate,available,d_education,equal_family_event,0,0,NA,NA,NA,NA,NA,NA,NA,no eligible pairs,echo_2021
partisan_discussion,policy,immediate,available,d_gender,pairs,0,0,NA,NA,NA,NA,NA,NA,NA,no eligible pairs,echo_2021
partisan_discussion,policy,immediate,available,d_gender,equal_family_event,0,0,NA,NA,NA,NA,NA,NA,NA,no eligible pairs,echo_2021
partisan_discussion,policy,immediate,available,d_income,pairs,0,0,NA,NA,NA,NA,NA,NA,NA,no eligible pairs,echo_2021
partisan_discussion,policy,immediate,available,d_income,equal_family_event,0,0,NA,NA,NA,NA,NA,NA,NA,no eligible pairs,echo_2021
partisan_discussion,policy,immediate,available,h,pairs,0,0,NA,NA,NA,NA,NA,NA,NA,no eligible pairs,echo_2021
partisan_discussion,policy,immediate,available,h,equal_family_event,0,0,NA,NA,NA,NA,NA,NA,NA,no eligible pairs,echo_2021
partisan_discussion,policy,immediate,available,p,pairs,0,0,NA,NA,NA,NA,NA,NA,NA,no eligible pairs,echo_2021
partisan_discussion,policy,immediate,available,p,equal_family_event,0,0,NA,NA,NA,NA,NA,NA,NA,no eligible pairs,echo_2021
partisan_discussion,policy,immediate,available,p_absolute,pairs,0,0,NA,NA,NA,NA,NA,NA,NA,no eligible pairs,echo_2021
partisan_discussion,policy,immediate,available,p_absolute,equal_family_event,0,0,NA,NA,NA,NA,NA,NA,NA,no eligible pairs,echo_2021
partisan_discussion,policy,immediate,paired,d_combined,pairs,0,0,NA,NA,NA,NA,NA,NA,NA,no eligible pairs,echo_2021
partisan_discussion,policy,immediate,paired,d_combined,equal_family_event,0,0,NA,NA,NA,NA,NA,NA,NA,no eligible pairs,echo_2021
partisan_discussion,policy,immediate,paired,d_education,pairs,0,0,NA,NA,NA,NA,NA,NA,NA,no eligible pairs,echo_2021
partisan_discussion,policy,immediate,paired,d_education,equal_family_event,0,0,NA,NA,NA,NA,NA,NA,NA,no eligible pairs,echo_2021
partisan_discussion,policy,immediate,paired,d_gender,pairs,0,0,NA,NA,NA,NA,NA,NA,NA,no eligible pairs,echo_2021
partisan_discussion,policy,immediate,paired,d_gender,equal_family_event,0,0,NA,NA,NA,NA,NA,NA,NA,no eligible pairs,echo_2021
partisan_discussion,policy,immediate,paired,d_income,pairs,0,0,NA,NA,NA,NA,NA,NA,NA,no eligible pairs,echo_2021
partisan_discussion,policy,immediate,paired,d_income,equal_family_event,0,0,NA,NA,NA,NA,NA,NA,NA,no eligible pairs,echo_2021
partisan_discussion,policy,immediate,paired,h,pairs,0,0,NA,NA,NA,NA,NA,NA,NA,no eligible pairs,echo_2021
partisan_discussion,policy,immediate,paired,h,equal_family_event,0,0,NA,NA,NA,NA,NA,NA,NA,no eligible pairs,echo_2021
partisan_discussion,policy,immediate,paired,p,pairs,0,0,NA,NA,NA,NA,NA,NA,NA,no eligible pairs,echo_2021
partisan_discussion,policy,immediate,paired,p,equal_family_event,0,0,NA,NA,NA,NA,NA,NA,NA,no eligible pairs,echo_2021
partisan_discussion,policy,immediate,paired,p_absolute,pairs,0,0,NA,NA,NA,NA,NA,NA,NA,no eligible pairs,echo_2021
partisan_discussion,policy,immediate,paired,p_absolute,equal_family_event,0,0,NA,NA,NA,NA,NA,NA,NA,no eligible pairs,echo_2021
town_meeting,policy,immediate,available,d_combined,pairs,0,0,NA,NA,NA,NA,NA,NA,NA,no eligible pairs,oboe_2010
town_meeting,policy,immediate,available,d_combined,equal_family_event,0,0,NA,NA,NA,NA,NA,NA,NA,no eligible pairs,oboe_2010
town_meeting,policy,immediate,available,d_education,pairs,0,0,NA,NA,NA,NA,NA,NA,NA,no eligible pairs,oboe_2010
town_meeting,policy,immediate,available,d_education,equal_family_event,0,0,NA,NA,NA,NA,NA,NA,NA,no eligible pairs,oboe_2010
town_meeting,policy,immediate,available,d_gender,pairs,0,0,NA,NA,NA,NA,NA,NA,NA,no eligible pairs,oboe_2010
town_meeting,policy,immediate,available,d_gender,equal_family_event,0,0,NA,NA,NA,NA,NA,NA,NA,no eligible pairs,oboe_2010
town_meeting,policy,immediate,available,d_income,pairs,0,0,NA,NA,NA,NA,NA,NA,NA,no eligible pairs,oboe_2010
town_meeting,policy,immediate,available,d_income,equal_family_event,0,0,NA,NA,NA,NA,NA,NA,NA,no eligible pairs,oboe_2010
town_meeting,policy,immediate,available,h,pairs,0,0,NA,NA,NA,NA,NA,NA,NA,no eligible pairs,oboe_2010
town_meeting,policy,immediate,available,h,equal_family_event,0,0,NA,NA,NA,NA,NA,NA,NA,no eligible pairs,oboe_2010
town_meeting,policy,immediate,available,p,pairs,0,0,NA,NA,NA,NA,NA,NA,NA,no eligible pairs,oboe_2010
town_meeting,policy,immediate,available,p,equal_family_event,0,0,NA,NA,NA,NA,NA,NA,NA,no eligible pairs,oboe_2010
town_meeting,policy,immediate,available,p_absolute,pairs,0,0,NA,NA,NA,NA,NA,NA,NA,no eligible pairs,oboe_2010
town_meeting,policy,immediate,available,p_absolute,equal_family_event,0,0,NA,NA,NA,NA,NA,NA,NA,no eligible pairs,oboe_2010
town_meeting,policy,immediate,paired,d_combined,pairs,0,0,NA,NA,NA,NA,NA,NA,NA,no eligible pairs,oboe_2010
town_meeting,policy,immediate,paired,d_combined,equal_family_event,0,0,NA,NA,NA,NA,NA,NA,NA,no eligible pairs,oboe_2010
town_meeting,policy,immediate,paired,d_education,pairs,0,0,NA,NA,NA,NA,NA,NA,NA,no eligible pairs,oboe_2010
town_meeting,policy,immediate,paired,d_education,equal_family_event,0,0,NA,NA,NA,NA,NA,NA,NA,no eligible pairs,oboe_2010
town_meeting,policy,immediate,paired,d_gender,pairs,0,0,NA,NA,NA,NA,NA,NA,NA,no eligible pairs,oboe_2010
town_meeting,policy,immediate,paired,d_gender,equal_family_event,0,0,NA,NA,NA,NA,NA,NA,NA,no eligible pairs,oboe_2010
town_meeting,policy,immediate,paired,d_income,pairs,0,0,NA,NA,NA,NA,NA,NA,NA,no eligible pairs,oboe_2010
town_meeting,policy,immediate,paired,d_income,equal_family_event,0,0,NA,NA,NA,NA,NA,NA,NA,no eligible pairs,oboe_2010
town_meeting,policy,immediate,paired,h,pairs,0,0,NA,NA,NA,NA,NA,NA,NA,no eligible pairs,oboe_2010
town_meeting,policy,immediate,paired,h,equal_family_event,0,0,NA,NA,NA,NA,NA,NA,NA,no eligible pairs,oboe_2010
town_meeting,policy,immediate,paired,p,pairs,0,0,NA,NA,NA,NA,NA,NA,NA,no eligible pairs,oboe_2010
town_meeting,policy,immediate,paired,p,equal_family_event,0,0,NA,NA,NA,NA,NA,NA,NA,no eligible pairs,oboe_2010
town_meeting,policy,immediate,paired,p_absolute,pairs,0,0,NA,NA,NA,NA,NA,NA,NA,no eligible pairs,oboe_2010
town_meeting,policy,immediate,paired,p_absolute,equal_family_event,0,0,NA,NA,NA,NA,NA,NA,NA,no eligible pairs,oboe_2010
triadic_structured_discussion,policy,immediate,available,d_combined,pairs,0,0,NA,NA,NA,NA,NA,NA,NA,no eligible pairs,diplomacy_2020
triadic_structured_discussion,policy,immediate,available,d_combined,equal_family_event,0,0,NA,NA,NA,NA,NA,NA,NA,no eligible pairs,diplomacy_2020
triadic_structured_discussion,policy,immediate,available,d_education,pairs,0,0,NA,NA,NA,NA,NA,NA,NA,no eligible pairs,diplomacy_2020
triadic_structured_discussion,policy,immediate,available,d_education,equal_family_event,0,0,NA,NA,NA,NA,NA,NA,NA,no eligible pairs,diplomacy_2020
triadic_structured_discussion,policy,immediate,available,d_gender,pairs,0,0,NA,NA,NA,NA,NA,NA,NA,no eligible pairs,diplomacy_2020
triadic_structured_discussion,policy,immediate,available,d_gender,equal_family_event,0,0,NA,NA,NA,NA,NA,NA,NA,no eligible pairs,diplomacy_2020
triadic_structured_discussion,policy,immediate,available,d_income,pairs,0,0,NA,NA,NA,NA,NA,NA,NA,no eligible pairs,diplomacy_2020
triadic_structured_discussion,policy,immediate,available,d_income,equal_family_event,0,0,NA,NA,NA,NA,NA,NA,NA,no eligible pairs,diplomacy_2020
triadic_structured_discussion,policy,immediate,available,h,pairs,0,0,NA,NA,NA,NA,NA,NA,NA,no eligible pairs,diplomacy_2020
triadic_structured_discussion,policy,immediate,available,h,equal_family_event,0,0,NA,NA,NA,NA,NA,NA,NA,no eligible pairs,diplomacy_2020
triadic_structured_discussion,policy,immediate,available,p,pairs,0,0,NA,NA,NA,NA,NA,NA,NA,no eligible pairs,diplomacy_2020
triadic_structured_discussion,policy,immediate,available,p,equal_family_event,0,0,NA,NA,NA,NA,NA,NA,NA,no eligible pairs,diplomacy_2020
triadic_structured_discussion,policy,immediate,available,p_absolute,pairs,0,0,NA,NA,NA,NA,NA,NA,NA,no eligible pairs,diplomacy_2020
triadic_structured_discussion,policy,immediate,available,p_absolute,equal_family_event,0,0,NA,NA,NA,NA,NA,NA,NA,no eligible pairs,diplomacy_2020
triadic_structured_discussion,policy,immediate,paired,d_combined,pairs,0,0,NA,NA,NA,NA,NA,NA,NA,no eligible pairs,diplomacy_2020
triadic_structured_discussion,policy,immediate,paired,d_combined,equal_family_event,0,0,NA,NA,NA,NA,NA,NA,NA,no eligible pairs,diplomacy_2020
triadic_structured_discussion,policy,immediate,paired,d_education,pairs,0,0,NA,NA,NA,NA,NA,NA,NA,no eligible pairs,diplomacy_2020
triadic_structured_discussion,policy,immediate,paired,d_education,equal_family_event,0,0,NA,NA,NA,NA,NA,NA,NA,no eligible pairs,diplomacy_2020
triadic_structured_discussion,policy,immediate,paired,d_gender,pairs,0,0,NA,NA,NA,NA,NA,NA,NA,no eligible pairs,diplomacy_2020
triadic_structured_discussion,policy,immediate,paired,d_gender,equal_family_event,0,0,NA,NA,NA,NA,NA,NA,NA,no eligible pairs,diplomacy_2020
triadic_structured_discussion,policy,immediate,paired,d_income,pairs,0,0,NA,NA,NA,NA,NA,NA,NA,no eligible pairs,diplomacy_2020
triadic_structured_discussion,policy,immediate,paired,d_income,equal_family_event,0,0,NA,NA,NA,NA,NA,NA,NA,no eligible pairs,diplomacy_2020
triadic_structured_discussion,policy,immediate,paired,h,pairs,0,0,NA,NA,NA,NA,NA,NA,NA,no eligible pairs,diplomacy_2020
triadic_structured_discussion,policy,immediate,paired,h,equal_family_event,0,0,NA,NA,NA,NA,NA,NA,NA,no eligible pairs,diplomacy_2020
triadic_structured_discussion,policy,immediate,paired,p,pairs,0,0,NA,NA,NA,NA,NA,NA,NA,no eligible pairs,diplomacy_2020
triadic_structured_discussion,policy,immediate,paired,p,equal_family_event,0,0,NA,NA,NA,NA,NA,NA,NA,no eligible pairs,diplomacy_2020
triadic_structured_discussion,policy,immediate,paired,p_absolute,pairs,0,0,NA,NA,NA,NA,NA,NA,NA,no eligible pairs,diplomacy_2020
triadic_structured_discussion,policy,immediate,paired,p_absolute,equal_family_event,0,0,NA,NA,NA,NA,NA,NA,NA,no eligible pairs,diplomacy_2020
triadic_structured_discussion,social_judgment,immediate,available,d_combined,pairs,0,0,NA,NA,NA,NA,NA,NA,NA,no eligible pairs,diplomacy_2020
triadic_structured_discussion,social_judgment,immediate,available,d_combined,equal_family_event,0,0,NA,NA,NA,NA,NA,NA,NA,no eligible pairs,diplomacy_2020
triadic_structured_discussion,social_judgment,immediate,available,d_education,pairs,0,0,NA,NA,NA,NA,NA,NA,NA,no eligible pairs,diplomacy_2020
triadic_structured_discussion,social_judgment,immediate,available,d_education,equal_family_event,0,0,NA,NA,NA,NA,NA,NA,NA,no eligible pairs,diplomacy_2020
triadic_structured_discussion,social_judgment,immediate,available,d_gender,pairs,0,0,NA,NA,NA,NA,NA,NA,NA,no eligible pairs,diplomacy_2020
triadic_structured_discussion,social_judgment,immediate,available,d_gender,equal_family_event,0,0,NA,NA,NA,NA,NA,NA,NA,no eligible pairs,diplomacy_2020
triadic_structured_discussion,social_judgment,immediate,available,d_income,pairs,0,0,NA,NA,NA,NA,NA,NA,NA,no eligible pairs,diplomacy_2020
triadic_structured_discussion,social_judgment,immediate,available,d_income,equal_family_event,0,0,NA,NA,NA,NA,NA,NA,NA,no eligible pairs,diplomacy_2020
triadic_structured_discussion,social_judgment,immediate,available,h,pairs,0,0,NA,NA,NA,NA,NA,NA,NA,no eligible pairs,diplomacy_2020
triadic_structured_discussion,social_judgment,immediate,available,h,equal_family_event,0,0,NA,NA,NA,NA,NA,NA,NA,no eligible pairs,diplomacy_2020
triadic_structured_discussion,social_judgment,immediate,available,p,pairs,0,0,NA,NA,NA,NA,NA,NA,NA,no eligible pairs,diplomacy_2020
triadic_structured_discussion,social_judgment,immediate,available,p,equal_family_event,0,0,NA,NA,NA,NA,NA,NA,NA,no eligible pairs,diplomacy_2020
triadic_structured_discussion,social_judgment,immediate,available,p_absolute,pairs,0,0,NA,NA,NA,NA,NA,NA,NA,no eligible pairs,diplomacy_2020
triadic_structured_discussion,social_judgment,immediate,available,p_absolute,equal_family_event,0,0,NA,NA,NA,NA,NA,NA,NA,no eligible pairs,diplomacy_2020
triadic_structured_discussion,social_judgment,immediate,paired,d_combined,pairs,0,0,NA,NA,NA,NA,NA,NA,NA,no eligible pairs,diplomacy_2020
triadic_structured_discussion,social_judgment,immediate,paired,d_combined,equal_family_event,0,0,NA,NA,NA,NA,NA,NA,NA,no eligible pairs,diplomacy_2020
triadic_structured_discussion,social_judgment,immediate,paired,d_education,pairs,0,0,NA,NA,NA,NA,NA,NA,NA,no eligible pairs,diplomacy_2020
triadic_structured_discussion,social_judgment,immediate,paired,d_education,equal_family_event,0,0,NA,NA,NA,NA,NA,NA,NA,no eligible pairs,diplomacy_2020
triadic_structured_discussion,social_judgment,immediate,paired,d_gender,pairs,0,0,NA,NA,NA,NA,NA,NA,NA,no eligible pairs,diplomacy_2020
triadic_structured_discussion,social_judgment,immediate,paired,d_gender,equal_family_event,0,0,NA,NA,NA,NA,NA,NA,NA,no eligible pairs,diplomacy_2020
triadic_structured_discussion,social_judgment,immediate,paired,d_income,pairs,0,0,NA,NA,NA,NA,NA,NA,NA,no eligible pairs,diplomacy_2020
triadic_structured_discussion,social_judgment,immediate,paired,d_income,equal_family_event,0,0,NA,NA,NA,NA,NA,NA,NA,no eligible pairs,diplomacy_2020
triadic_structured_discussion,social_judgment,immediate,paired,h,pairs,0,0,NA,NA,NA,NA,NA,NA,NA,no eligible pairs,diplomacy_2020
triadic_structured_discussion,social_judgment,immediate,paired,h,equal_family_event,0,0,NA,NA,NA,NA,NA,NA,NA,no eligible pairs,diplomacy_2020
triadic_structured_discussion,social_judgment,immediate,paired,p,pairs,0,0,NA,NA,NA,NA,NA,NA,NA,no eligible pairs,diplomacy_2020
triadic_structured_discussion,social_judgment,immediate,paired,p,equal_family_event,0,0,NA,NA,NA,NA,NA,NA,NA,no eligible pairs,diplomacy_2020
triadic_structured_discussion,social_judgment,immediate,paired,p_absolute,pairs,0,0,NA,NA,NA,NA,NA,NA,NA,no eligible pairs,diplomacy_2020
triadic_structured_discussion,social_judgment,immediate,paired,p_absolute,equal_family_event,0,0,NA,NA,NA,NA,NA,NA,NA,no eligible pairs,diplomacy_2020
triadic_unstructured_discussion,policy,immediate,available,d_combined,pairs,0,0,NA,NA,NA,NA,NA,NA,NA,no eligible pairs,diplomacy_2020
triadic_unstructured_discussion,policy,immediate,available,d_combined,equal_family_event,0,0,NA,NA,NA,NA,NA,NA,NA,no eligible pairs,diplomacy_2020
triadic_unstructured_discussion,policy,immediate,available,d_education,pairs,0,0,NA,NA,NA,NA,NA,NA,NA,no eligible pairs,diplomacy_2020
triadic_unstructured_discussion,policy,immediate,available,d_education,equal_family_event,0,0,NA,NA,NA,NA,NA,NA,NA,no eligible pairs,diplomacy_2020
triadic_unstructured_discussion,policy,immediate,available,d_gender,pairs,0,0,NA,NA,NA,NA,NA,NA,NA,no eligible pairs,diplomacy_2020
triadic_unstructured_discussion,policy,immediate,available,d_gender,equal_family_event,0,0,NA,NA,NA,NA,NA,NA,NA,no eligible pairs,diplomacy_2020
triadic_unstructured_discussion,policy,immediate,available,d_income,pairs,0,0,NA,NA,NA,NA,NA,NA,NA,no eligible pairs,diplomacy_2020
triadic_unstructured_discussion,policy,immediate,available,d_income,equal_family_event,0,0,NA,NA,NA,NA,NA,NA,NA,no eligible pairs,diplomacy_2020
triadic_unstructured_discussion,policy,immediate,available,h,pairs,0,0,NA,NA,NA,NA,NA,NA,NA,no eligible pairs,diplomacy_2020
triadic_unstructured_discussion,policy,immediate,available,h,equal_family_event,0,0,NA,NA,NA,NA,NA,NA,NA,no eligible pairs,diplomacy_2020
triadic_unstructured_discussion,policy,immediate,available,p,pairs,0,0,NA,NA,NA,NA,NA,NA,NA,no eligible pairs,diplomacy_2020
triadic_unstructured_discussion,policy,immediate,available,p,equal_family_event,0,0,NA,NA,NA,NA,NA,NA,NA,no eligible pairs,diplomacy_2020
triadic_unstructured_discussion,policy,immediate,available,p_absolute,pairs,0,0,NA,NA,NA,NA,NA,NA,NA,no eligible pairs,diplomacy_2020
triadic_unstructured_discussion,policy,immediate,available,p_absolute,equal_family_event,0,0,NA,NA,NA,NA,NA,NA,NA,no eligible pairs,diplomacy_2020
triadic_unstructured_discussion,policy,immediate,paired,d_combined,pairs,0,0,NA,NA,NA,NA,NA,NA,NA,no eligible pairs,diplomacy_2020
triadic_unstructured_discussion,policy,immediate,paired,d_combined,equal_family_event,0,0,NA,NA,NA,NA,NA,NA,NA,no eligible pairs,diplomacy_2020
triadic_unstructured_discussion,policy,immediate,paired,d_education,pairs,0,0,NA,NA,NA,NA,NA,NA,NA,no eligible pairs,diplomacy_2020
triadic_unstructured_discussion,policy,immediate,paired,d_education,equal_family_event,0,0,NA,NA,NA,NA,NA,NA,NA,no eligible pairs,diplomacy_2020
triadic_unstructured_discussion,policy,immediate,paired,d_gender,pairs,0,0,NA,NA,NA,NA,NA,NA,NA,no eligible pairs,diplomacy_2020
triadic_unstructured_discussion,policy,immediate,paired,d_gender,equal_family_event,0,0,NA,NA,NA,NA,NA,NA,NA,no eligible pairs,diplomacy_2020
triadic_unstructured_discussion,policy,immediate,paired,d_income,pairs,0,0,NA,NA,NA,NA,NA,NA,NA,no eligible pairs,diplomacy_2020
triadic_unstructured_discussion,policy,immediate,paired,d_income,equal_family_event,0,0,NA,NA,NA,NA,NA,NA,NA,no eligible pairs,diplomacy_2020
triadic_unstructured_discussion,policy,immediate,paired,h,pairs,0,0,NA,NA,NA,NA,NA,NA,NA,no eligible pairs,diplomacy_2020
triadic_unstructured_discussion,policy,immediate,paired,h,equal_family_event,0,0,NA,NA,NA,NA,NA,NA,NA,no eligible pairs,diplomacy_2020
triadic_unstructured_discussion,policy,immediate,paired,p,pairs,0,0,NA,NA,NA,NA,NA,NA,NA,no eligible pairs,diplomacy_2020
triadic_unstructured_discussion,policy,immediate,paired,p,equal_family_event,0,0,NA,NA,NA,NA,NA,NA,NA,no eligible pairs,diplomacy_2020
triadic_unstructured_discussion,policy,immediate,paired,p_absolute,pairs,0,0,NA,NA,NA,NA,NA,NA,NA,no eligible pairs,diplomacy_2020
triadic_unstructured_discussion,policy,immediate,paired,p_absolute,equal_family_event,0,0,NA,NA,NA,NA,NA,NA,NA,no eligible pairs,diplomacy_2020
triadic_unstructured_discussion,social_judgment,immediate,available,d_combined,pairs,0,0,NA,NA,NA,NA,NA,NA,NA,no eligible pairs,diplomacy_2020
triadic_unstructured_discussion,social_judgment,immediate,available,d_combined,equal_family_event,0,0,NA,NA,NA,NA,NA,NA,NA,no eligible pairs,diplomacy_2020
triadic_unstructured_discussion,social_judgment,immediate,available,d_education,pairs,0,0,NA,NA,NA,NA,NA,NA,NA,no eligible pairs,diplomacy_2020
triadic_unstructured_discussion,social_judgment,immediate,available,d_education,equal_family_event,0,0,NA,NA,NA,NA,NA,NA,NA,no eligible pairs,diplomacy_2020
triadic_unstructured_discussion,social_judgment,immediate,available,d_gender,pairs,0,0,NA,NA,NA,NA,NA,NA,NA,no eligible pairs,diplomacy_2020
triadic_unstructured_discussion,social_judgment,immediate,available,d_gender,equal_family_event,0,0,NA,NA,NA,NA,NA,NA,NA,no eligible pairs,diplomacy_2020
triadic_unstructured_discussion,social_judgment,immediate,available,d_income,pairs,0,0,NA,NA,NA,NA,NA,NA,NA,no eligible pairs,diplomacy_2020
triadic_unstructured_discussion,social_judgment,immediate,available,d_income,equal_family_event,0,0,NA,NA,NA,NA,NA,NA,NA,no eligible pairs,diplomacy_2020
triadic_unstructured_discussion,social_judgment,immediate,available,h,pairs,0,0,NA,NA,NA,NA,NA,NA,NA,no eligible pairs,diplomacy_2020
triadic_unstructured_discussion,social_judgment,immediate,available,h,equal_family_event,0,0,NA,NA,NA,NA,NA,NA,NA,no eligible pairs,diplomacy_2020
triadic_unstructured_discussion,social_judgment,immediate,available,p,pairs,0,0,NA,NA,NA,NA,NA,NA,NA,no eligible pairs,diplomacy_2020
triadic_unstructured_discussion,social_judgment,immediate,available,p,equal_family_event,0,0,NA,NA,NA,NA,NA,NA,NA,no eligible pairs,diplomacy_2020
triadic_unstructured_discussion,social_judgment,immediate,available,p_absolute,pairs,0,0,NA,NA,NA,NA,NA,NA,NA,no eligible pairs,diplomacy_2020
triadic_unstructured_discussion,social_judgment,immediate,available,p_absolute,equal_family_event,0,0,NA,NA,NA,NA,NA,NA,NA,no eligible pairs,diplomacy_2020
triadic_unstructured_discussion,social_judgment,immediate,paired,d_combined,pairs,0,0,NA,NA,NA,NA,NA,NA,NA,no eligible pairs,diplomacy_2020
triadic_unstructured_discussion,social_judgment,immediate,paired,d_combined,equal_family_event,0,0,NA,NA,NA,NA,NA,NA,NA,no eligible pairs,diplomacy_2020
triadic_unstructured_discussion,social_judgment,immediate,paired,d_education,pairs,0,0,NA,NA,NA,NA,NA,NA,NA,no eligible pairs,diplomacy_2020
triadic_unstructured_discussion,social_judgment,immediate,paired,d_education,equal_family_event,0,0,NA,NA,NA,NA,NA,NA,NA,no eligible pairs,diplomacy_2020
triadic_unstructured_discussion,social_judgment,immediate,paired,d_gender,pairs,0,0,NA,NA,NA,NA,NA,NA,NA,no eligible pairs,diplomacy_2020
triadic_unstructured_discussion,social_judgment,immediate,paired,d_gender,equal_family_event,0,0,NA,NA,NA,NA,NA,NA,NA,no eligible pairs,diplomacy_2020
triadic_unstructured_discussion,social_judgment,immediate,paired,d_income,pairs,0,0,NA,NA,NA,NA,NA,NA,NA,no eligible pairs,diplomacy_2020
triadic_unstructured_discussion,social_judgment,immediate,paired,d_income,equal_family_event,0,0,NA,NA,NA,NA,NA,NA,NA,no eligible pairs,diplomacy_2020
triadic_unstructured_discussion,social_judgment,immediate,paired,h,pairs,0,0,NA,NA,NA,NA,NA,NA,NA,no eligible pairs,diplomacy_2020
triadic_unstructured_discussion,social_judgment,immediate,paired,h,equal_family_event,0,0,NA,NA,NA,NA,NA,NA,NA,no eligible pairs,diplomacy_2020
triadic_unstructured_discussion,social_judgment,immediate,paired,p,pairs,0,0,NA,NA,NA,NA,NA,NA,NA,no eligible pairs,diplomacy_2020
triadic_unstructured_discussion,social_judgment,immediate,paired,p,equal_family_event,0,0,NA,NA,NA,NA,NA,NA,NA,no eligible pairs,diplomacy_2020
triadic_unstructured_discussion,social_judgment,immediate,paired,p_absolute,pairs,0,0,NA,NA,NA,NA,NA,NA,NA,no eligible pairs,diplomacy_2020
triadic_unstructured_discussion,social_judgment,immediate,paired,p_absolute,equal_family_event,0,0,NA,NA,NA,NA,NA,NA,NA,no eligible pairs,diplomacy_2020
