event_id,family_id,format,construct,membership,metric,pairs,mean,positive_fraction
a1r_2019,a1r,deliberative_poll,policy,paired,d_combined,0,NA,NA
a1r_2019,a1r,deliberative_poll,policy,paired,d_education,0,NA,NA
a1r_2019,a1r,deliberative_poll,policy,paired,d_gender,1853,0.006968575587032138,0.5018888289260658
a1r_2019,a1r,deliberative_poll,policy,paired,d_income,0,NA,NA
a1r_2019,a1r,deliberative_poll,policy,paired,h,1880,0.034405451603256525,0.6930851063829787
a1r_2019,a1r,deliberative_poll,policy,paired,p,1854,0.014421923665451204,0.5814455231930961
a1r_2019,a1r,deliberative_poll,policy,paired,p_absolute,1880,0.0470754011059862,0.674468085106383
a1r_climate_2021,a1r,deliberative_poll,environmental_concern,paired,d_combined,173,0.008568661588892813,0.5144508670520231
a1r_climate_2021,a1r,deliberative_poll,environmental_concern,paired,d_education,272,0.018246086801990784,0.6066176470588235
a1r_climate_2021,a1r,deliberative_poll,environmental_concern,paired,d_gender,295,-0.0026551594522681225,0.4610169491525424
a1r_climate_2021,a1r,deliberative_poll,environmental_concern,paired,d_income,281,0.011597010146832204,0.5409252669039146
a1r_climate_2021,a1r,deliberative_poll,environmental_concern,paired,h,300,0.0357740462942074,0.7
a1r_climate_2021,a1r,deliberative_poll,environmental_concern,paired,p,295,0.03887349561925832,0.7050847457627119
a1r_climate_2021,a1r,deliberative_poll,environmental_concern,paired,p_absolute,300,0.050779379879379874,0.7533333333333333
a1r_climate_2021,a1r,deliberative_poll,policy,paired,d_combined,3607,0.005752405363843102,0.4904352647629609
a1r_climate_2021,a1r,deliberative_poll,policy,paired,d_education,5649,0.009565510236295248,0.5169056470171712
a1r_climate_2021,a1r,deliberative_poll,policy,paired,d_gender,6073,0.0015393747108860966,0.4773588012514408
a1r_climate_2021,a1r,deliberative_poll,policy,paired,d_income,5995,0.004912195993292956,0.48940783986655545
a1r_climate_2021,a1r,deliberative_poll,policy,paired,h,6291,0.030793253156004837,0.6515657288189477
a1r_climate_2021,a1r,deliberative_poll,policy,paired,p,6208,0.02685085381831047,0.6230670103092784
a1r_climate_2021,a1r,deliberative_poll,policy,paired,p_absolute,6291,0.040898065496932194,0.6641233508186298
a1r_climate_2021,a1r,deliberative_poll,climate_belief,paired,d_combined,228,0.015237690657582294,0.5263157894736842
a1r_climate_2021,a1r,deliberative_poll,climate_belief,paired,d_education,361,0.018660498496126644,0.556786703601108
a1r_climate_2021,a1r,deliberative_poll,climate_belief,paired,d_gender,384,0.0025106658430417658,0.4322916666666667
a1r_climate_2021,a1r,deliberative_poll,climate_belief,paired,d_income,376,0.009161059854309223,0.5186170212765957
a1r_climate_2021,a1r,deliberative_poll,climate_belief,paired,h,396,0.04479220898659126,0.7373737373737373
a1r_climate_2021,a1r,deliberative_poll,climate_belief,paired,p,395,0.049640426401595404,0.7493670886075949
a1r_climate_2021,a1r,deliberative_poll,climate_belief,paired,p_absolute,396,0.0502766558843876,0.7525252525252525
celaya_10,celaya_2018,facilitated_discussion,policy,paired,d_combined,0,NA,NA
celaya_10,celaya_2018,facilitated_discussion,policy,paired,d_education,8,-0.029166666666666664,0.25
celaya_10,celaya_2018,facilitated_discussion,policy,paired,d_gender,8,-0.058333333333333334,0.25
celaya_10,celaya_2018,facilitated_discussion,policy,paired,d_income,8,-0.02232142857142856,0.375
celaya_10,celaya_2018,facilitated_discussion,policy,paired,h,8,-0.009909485868279574,0.375
celaya_10,celaya_2018,facilitated_discussion,policy,paired,p,8,-0.07083333333333333,0.125
celaya_10,celaya_2018,facilitated_discussion,policy,paired,p_absolute,8,-0.029166666666666688,0.375
celaya_12,celaya_2018,facilitated_discussion,policy,paired,d_combined,0,NA,NA
celaya_12,celaya_2018,facilitated_discussion,policy,paired,d_education,6,-0.002976190476190456,0.3333333333333333
celaya_12,celaya_2018,facilitated_discussion,policy,paired,d_gender,8,-1.5612511283791264e-17,0.375
celaya_12,celaya_2018,facilitated_discussion,policy,paired,d_income,5,0.014285714285714285,0.6
celaya_12,celaya_2018,facilitated_discussion,policy,paired,h,8,-0.03291979910762337,0
celaya_12,celaya_2018,facilitated_discussion,policy,paired,p,8,-0.040178571428571425,0.25
celaya_12,celaya_2018,facilitated_discussion,policy,paired,p_absolute,8,-0.031249999999999993,0.25
celaya_13,celaya_2018,facilitated_discussion,policy,paired,d_combined,8,-0.04583333333333332,0.25
celaya_13,celaya_2018,facilitated_discussion,policy,paired,d_education,7,-0.03333333333333333,0.42857142857142855
celaya_13,celaya_2018,facilitated_discussion,policy,paired,d_gender,8,-0.0125,0.375
celaya_13,celaya_2018,facilitated_discussion,policy,paired,d_income,8,-0.025,0.5
celaya_13,celaya_2018,facilitated_discussion,policy,paired,h,8,-0.04479724042355222,0.25
celaya_13,celaya_2018,facilitated_discussion,policy,paired,p,8,-0.008333333333333312,0.375
celaya_13,celaya_2018,facilitated_discussion,policy,paired,p_absolute,8,0.008333333333333347,0.375
celaya_2,celaya_2018,facilitated_discussion,policy,paired,d_combined,7,0.023809523809523815,0.5714285714285714
celaya_2,celaya_2018,facilitated_discussion,policy,paired,d_education,8,-0.027083333333333348,0.25
celaya_2,celaya_2018,facilitated_discussion,policy,paired,d_gender,8,0.014583333333333354,0.625
celaya_2,celaya_2018,facilitated_discussion,policy,paired,d_income,8,-0.01874999999999999,0.375
celaya_2,celaya_2018,facilitated_discussion,policy,paired,h,8,-0.009676218283182915,0.25
celaya_2,celaya_2018,facilitated_discussion,policy,paired,p,7,-0.023809523809523815,0.42857142857142855
celaya_2,celaya_2018,facilitated_discussion,policy,paired,p_absolute,8,-0.014583333333333347,0.5
celaya_4,celaya_2018,facilitated_discussion,policy,paired,d_combined,0,NA,NA
celaya_4,celaya_2018,facilitated_discussion,policy,paired,d_education,8,-0.002083333333333326,0.25
celaya_4,celaya_2018,facilitated_discussion,policy,paired,d_gender,8,-0.010416666666666657,0.375
celaya_4,celaya_2018,facilitated_discussion,policy,paired,d_income,8,-0.002083333333333326,0.25
celaya_4,celaya_2018,facilitated_discussion,policy,paired,h,8,-0.016176541829200225,0.25
celaya_4,celaya_2018,facilitated_discussion,policy,paired,p,8,-0.014583333333333351,0.25
celaya_4,celaya_2018,facilitated_discussion,policy,paired,p_absolute,8,-0.0062500000000000125,0.25
celaya_5,celaya_2018,facilitated_discussion,policy,paired,d_combined,8,-0.014583333333333323,0.375
celaya_5,celaya_2018,facilitated_discussion,policy,paired,d_education,8,-0.02291666666666668,0.375
celaya_5,celaya_2018,facilitated_discussion,policy,paired,d_gender,8,-0.0020833333333333355,0.375
celaya_5,celaya_2018,facilitated_discussion,policy,paired,d_income,8,-0.027083333333333334,0.375
celaya_5,celaya_2018,facilitated_discussion,policy,paired,h,8,0.024396863427978144,0.875
celaya_5,celaya_2018,facilitated_discussion,policy,paired,p,8,-0.043750000000000004,0.25
celaya_5,celaya_2018,facilitated_discussion,policy,paired,p_absolute,8,-0.022916666666666675,0.375
celaya_7,celaya_2018,facilitated_discussion,policy,paired,d_combined,7,-0.016666666666666656,0.2857142857142857
celaya_7,celaya_2018,facilitated_discussion,policy,paired,d_education,7,-0.009523809523809525,0.42857142857142855
celaya_7,celaya_2018,facilitated_discussion,policy,paired,d_gender,6,-0.005555555555555539,0.5
celaya_7,celaya_2018,facilitated_discussion,policy,paired,d_income,8,-0.025,0.125
celaya_7,celaya_2018,facilitated_discussion,policy,paired,h,8,-0.01619544506010223,0.375
celaya_7,celaya_2018,facilitated_discussion,policy,paired,p,6,-0.005555555555555557,0.3333333333333333
celaya_7,celaya_2018,facilitated_discussion,policy,paired,p_absolute,8,0.00416666666666668,0.5
consensus_1,consensus,classroom_discussion,policy,paired,d_combined,0,NA,NA
consensus_1,consensus,classroom_discussion,policy,paired,d_education,0,NA,NA
consensus_1,consensus,classroom_discussion,policy,paired,d_gender,12,-0.07222222222222223,0.16666666666666666
consensus_1,consensus,classroom_discussion,policy,paired,d_income,0,NA,NA
consensus_1,consensus,classroom_discussion,policy,paired,h,12,0.04793417710325914,0.6666666666666666
consensus_1,consensus,classroom_discussion,policy,paired,p,0,NA,NA
consensus_1,consensus,classroom_discussion,policy,paired,p_absolute,0,NA,NA
consensus_2,consensus,laboratory_discussion,policy,paired,d_combined,0,NA,NA
consensus_2,consensus,laboratory_discussion,policy,paired,d_education,0,NA,NA
consensus_2,consensus,laboratory_discussion,policy,paired,d_gender,0,NA,NA
consensus_2,consensus,laboratory_discussion,policy,paired,d_income,0,NA,NA
consensus_2,consensus,laboratory_discussion,policy,paired,h,0,NA,NA
consensus_2,consensus,laboratory_discussion,policy,paired,p,0,NA,NA
consensus_2,consensus,laboratory_discussion,policy,paired,p_absolute,0,NA,NA
cross_party_2021,cross_party_2021,dyadic_cross_party,affect,paired,d_combined,0,NA,NA
cross_party_2021,cross_party_2021,dyadic_cross_party,affect,paired,d_education,0,NA,NA
cross_party_2021,cross_party_2021,dyadic_cross_party,affect,paired,d_gender,0,NA,NA
cross_party_2021,cross_party_2021,dyadic_cross_party,affect,paired,d_income,0,NA,NA
cross_party_2021,cross_party_2021,dyadic_cross_party,affect,paired,h,0,NA,NA
cross_party_2021,cross_party_2021,dyadic_cross_party,affect,paired,p,0,NA,NA
cross_party_2021,cross_party_2021,dyadic_cross_party,affect,paired,p_absolute,0,NA,NA
diplomacy_control,diplomacy_2020,triadic_unstructured_discussion,policy,paired,d_combined,0,NA,NA
diplomacy_control,diplomacy_2020,triadic_unstructured_discussion,policy,paired,d_education,0,NA,NA
diplomacy_control,diplomacy_2020,triadic_unstructured_discussion,policy,paired,d_gender,0,NA,NA
diplomacy_control,diplomacy_2020,triadic_unstructured_discussion,policy,paired,d_income,0,NA,NA
diplomacy_control,diplomacy_2020,triadic_unstructured_discussion,policy,paired,h,0,NA,NA
diplomacy_control,diplomacy_2020,triadic_unstructured_discussion,policy,paired,p,0,NA,NA
diplomacy_control,diplomacy_2020,triadic_unstructured_discussion,policy,paired,p_absolute,0,NA,NA
diplomacy_control,diplomacy_2020,triadic_unstructured_discussion,social_judgment,paired,d_combined,0,NA,NA
diplomacy_control,diplomacy_2020,triadic_unstructured_discussion,social_judgment,paired,d_education,0,NA,NA
diplomacy_control,diplomacy_2020,triadic_unstructured_discussion,social_judgment,paired,d_gender,0,NA,NA
diplomacy_control,diplomacy_2020,triadic_unstructured_discussion,social_judgment,paired,d_income,0,NA,NA
diplomacy_control,diplomacy_2020,triadic_unstructured_discussion,social_judgment,paired,h,0,NA,NA
diplomacy_control,diplomacy_2020,triadic_unstructured_discussion,social_judgment,paired,p,0,NA,NA
diplomacy_control,diplomacy_2020,triadic_unstructured_discussion,social_judgment,paired,p_absolute,0,NA,NA
diplomacy_experimental,diplomacy_2020,triadic_structured_discussion,policy,paired,d_combined,0,NA,NA
diplomacy_experimental,diplomacy_2020,triadic_structured_discussion,policy,paired,d_education,0,NA,NA
diplomacy_experimental,diplomacy_2020,triadic_structured_discussion,policy,paired,d_gender,0,NA,NA
diplomacy_experimental,diplomacy_2020,triadic_structured_discussion,policy,paired,d_income,0,NA,NA
diplomacy_experimental,diplomacy_2020,triadic_structured_discussion,policy,paired,h,0,NA,NA
diplomacy_experimental,diplomacy_2020,triadic_structured_discussion,policy,paired,p,0,NA,NA
diplomacy_experimental,diplomacy_2020,triadic_structured_discussion,policy,paired,p_absolute,0,NA,NA
diplomacy_experimental,diplomacy_2020,triadic_structured_discussion,social_judgment,paired,d_combined,0,NA,NA
diplomacy_experimental,diplomacy_2020,triadic_structured_discussion,social_judgment,paired,d_education,0,NA,NA
diplomacy_experimental,diplomacy_2020,triadic_structured_discussion,social_judgment,paired,d_gender,0,NA,NA
diplomacy_experimental,diplomacy_2020,triadic_structured_discussion,social_judgment,paired,d_income,0,NA,NA
diplomacy_experimental,diplomacy_2020,triadic_structured_discussion,social_judgment,paired,h,0,NA,NA
diplomacy_experimental,diplomacy_2020,triadic_structured_discussion,social_judgment,paired,p,0,NA,NA
diplomacy_experimental,diplomacy_2020,triadic_structured_discussion,social_judgment,paired,p_absolute,0,NA,NA
echo_con,echo_2021,partisan_discussion,policy,paired,d_combined,0,NA,NA
echo_con,echo_2021,partisan_discussion,policy,paired,d_education,0,NA,NA
echo_con,echo_2021,partisan_discussion,policy,paired,d_gender,56,0.0011352040816326565,0.5178571428571429
echo_con,echo_2021,partisan_discussion,policy,paired,d_income,0,NA,NA
echo_con,echo_2021,partisan_discussion,policy,paired,h,72,0.02737420204663652,0.6666666666666666
echo_con,echo_2021,partisan_discussion,policy,paired,p,72,0.006455026455026453,0.5277777777777778
echo_con,echo_2021,partisan_discussion,policy,paired,p_absolute,72,0.007248677248677245,0.5416666666666666
echo_lab,echo_2021,partisan_discussion,policy,paired,d_combined,0,NA,NA
echo_lab,echo_2021,partisan_discussion,policy,paired,d_education,0,NA,NA
echo_lab,echo_2021,partisan_discussion,policy,paired,d_gender,106,-0.030159478885893987,0.3867924528301887
echo_lab,echo_2021,partisan_discussion,policy,paired,d_income,0,NA,NA
echo_lab,echo_2021,partisan_discussion,policy,paired,h,112,0.06736214174363997,0.7946428571428571
echo_lab,echo_2021,partisan_discussion,policy,paired,p,112,0.09517113095238096,0.9107142857142857
echo_lab,echo_2021,partisan_discussion,policy,paired,p_absolute,112,0.09517113095238096,0.9107142857142857
echo_mixed,echo_2021,mixed_partisan_discussion,policy,paired,d_combined,0,NA,NA
echo_mixed,echo_2021,mixed_partisan_discussion,policy,paired,d_education,0,NA,NA
echo_mixed,echo_2021,mixed_partisan_discussion,policy,paired,d_gender,156,-0.0059737484737484615,0.4166666666666667
echo_mixed,echo_2021,mixed_partisan_discussion,policy,paired,d_income,0,NA,NA
echo_mixed,echo_2021,mixed_partisan_discussion,policy,paired,h,160,0.0052370420347014075,0.54375
echo_mixed,echo_2021,mixed_partisan_discussion,policy,paired,p,149,-0.012682166826462136,0.40268456375838924
echo_mixed,echo_2021,mixed_partisan_discussion,policy,paired,p_absolute,160,0.014916666666666661,0.525
hongkong_deliberation,hongkong_2020,facilitated_discussion,policy,paired,d_combined,0,NA,NA
hongkong_deliberation,hongkong_2020,facilitated_discussion,policy,paired,d_education,0,NA,NA
hongkong_deliberation,hongkong_2020,facilitated_discussion,policy,paired,d_gender,0,NA,NA
hongkong_deliberation,hongkong_2020,facilitated_discussion,policy,paired,d_income,0,NA,NA
hongkong_deliberation,hongkong_2020,facilitated_discussion,policy,paired,h,1,-0.14461132959494832,0
hongkong_deliberation,hongkong_2020,facilitated_discussion,policy,paired,p,1,0,0
hongkong_deliberation,hongkong_2020,facilitated_discussion,policy,paired,p_absolute,1,0,0
hongkong_discussion,hongkong_2020,casual_discussion,policy,paired,d_combined,0,NA,NA
hongkong_discussion,hongkong_2020,casual_discussion,policy,paired,d_education,0,NA,NA
hongkong_discussion,hongkong_2020,casual_discussion,policy,paired,d_gender,0,NA,NA
hongkong_discussion,hongkong_2020,casual_discussion,policy,paired,d_income,0,NA,NA
hongkong_discussion,hongkong_2020,casual_discussion,policy,paired,h,1,-0.04034096487552652,0
hongkong_discussion,hongkong_2020,casual_discussion,policy,paired,p,0,NA,NA
hongkong_discussion,hongkong_2020,casual_discussion,policy,paired,p_absolute,1,0.033333333333333326,1
oboe_1,oboe_2010,town_meeting,policy,paired,d_combined,17,-0.016596638655462185,0.35294117647058826
oboe_1,oboe_2010,town_meeting,policy,paired,d_education,54,0.01335427689594357,0.46296296296296297
oboe_1,oboe_2010,town_meeting,policy,paired,d_gender,35,0.017610544217687082,0.5142857142857142
oboe_1,oboe_2010,town_meeting,policy,paired,d_income,40,-0.023750000000000014,0.425
oboe_1,oboe_2010,town_meeting,policy,paired,h,54,0.02389402414300319,0.5370370370370371
oboe_1,oboe_2010,town_meeting,policy,paired,p,50,0.0026388888888888963,0.5
oboe_1,oboe_2010,town_meeting,policy,paired,p_absolute,54,0.0459729570840682,0.6111111111111112
oboe_10,oboe_2010,town_meeting,policy,paired,d_combined,21,0.00941043083900226,0.5714285714285714
oboe_10,oboe_2010,town_meeting,policy,paired,d_education,39,-0.009004884004884016,0.48717948717948717
oboe_10,oboe_2010,town_meeting,policy,paired,d_gender,40,-0.06029761904761905,0.3
oboe_10,oboe_2010,town_meeting,policy,paired,d_income,35,0.015340136054421768,0.42857142857142855
oboe_10,oboe_2010,town_meeting,policy,paired,h,42,0.007282563448509698,0.47619047619047616
oboe_10,oboe_2010,town_meeting,policy,paired,p,39,-0.025030525030525025,0.4358974358974359
oboe_10,oboe_2010,town_meeting,policy,paired,p_absolute,42,0.034608843537414974,0.5714285714285714
oboe_11,oboe_2010,town_meeting,policy,paired,d_combined,0,NA,NA
oboe_11,oboe_2010,town_meeting,policy,paired,d_education,0,NA,NA
oboe_11,oboe_2010,town_meeting,policy,paired,d_gender,29,-0.028048029556650235,0.20689655172413793
oboe_11,oboe_2010,town_meeting,policy,paired,d_income,23,0.018012422360248446,0.34782608695652173
oboe_11,oboe_2010,town_meeting,policy,paired,h,39,0.0011761225343896852,0.46153846153846156
oboe_11,oboe_2010,town_meeting,policy,paired,p,38,-0.007761591478696745,0.42105263157894735
oboe_11,oboe_2010,town_meeting,policy,paired,p_absolute,39,0.02854853479853479,0.5128205128205128
oboe_13,oboe_2010,town_meeting,policy,paired,d_combined,6,-0.04166666666666668,0.3333333333333333
oboe_13,oboe_2010,town_meeting,policy,paired,d_education,28,-0.017644557823129244,0.42857142857142855
oboe_13,oboe_2010,town_meeting,policy,paired,d_gender,12,-0.07410714285714284,0.25
oboe_13,oboe_2010,town_meeting,policy,paired,d_income,26,0.04861492673992674,0.5769230769230769
oboe_13,oboe_2010,town_meeting,policy,paired,h,36,-0.02189473149283563,0.3333333333333333
oboe_13,oboe_2010,town_meeting,policy,paired,p,35,-0.07346938775510205,0.34285714285714286
oboe_13,oboe_2010,town_meeting,policy,paired,p_absolute,36,0.009589947089947082,0.5
oboe_14,oboe_2010,town_meeting,policy,paired,d_combined,0,NA,NA
oboe_14,oboe_2010,town_meeting,policy,paired,d_education,0,NA,NA
oboe_14,oboe_2010,town_meeting,policy,paired,d_gender,22,0.026623376623376622,0.5454545454545454
oboe_14,oboe_2010,town_meeting,policy,paired,d_income,21,0.009523809523809526,0.42857142857142855
oboe_14,oboe_2010,town_meeting,policy,paired,h,36,0.013062148092690231,0.4722222222222222
oboe_14,oboe_2010,town_meeting,policy,paired,p,34,0.0051820728291316525,0.47058823529411764
oboe_14,oboe_2010,town_meeting,policy,paired,p_absolute,36,0.028439153439153434,0.5
oboe_15,oboe_2010,town_meeting,policy,paired,d_combined,4,-0.1,0
oboe_15,oboe_2010,town_meeting,policy,paired,d_education,44,0.012040043290043287,0.5227272727272727
oboe_15,oboe_2010,town_meeting,policy,paired,d_gender,4,-0.024999999999999994,0.25
oboe_15,oboe_2010,town_meeting,policy,paired,d_income,58,-0.013880336617405575,0.41379310344827586
oboe_15,oboe_2010,town_meeting,policy,paired,h,59,0.006104312028406261,0.4915254237288136
oboe_15,oboe_2010,town_meeting,policy,paired,p,57,-0.034757031467557785,0.3157894736842105
oboe_15,oboe_2010,town_meeting,policy,paired,p_absolute,59,0.006835149313962874,0.4067796610169492
oboe_16,oboe_2010,town_meeting,policy,paired,d_combined,22,0.003409090909090895,0.45454545454545453
oboe_16,oboe_2010,town_meeting,policy,paired,d_education,56,0.0015624999999999853,0.4107142857142857
oboe_16,oboe_2010,town_meeting,policy,paired,d_gender,50,0.038833333333333324,0.58
oboe_16,oboe_2010,town_meeting,policy,paired,d_income,43,-0.025802879291251392,0.3023255813953488
oboe_16,oboe_2010,town_meeting,policy,paired,h,59,-0.006654553835132064,0.423728813559322
oboe_16,oboe_2010,town_meeting,policy,paired,p,53,-0.01776729559748428,0.3018867924528302
oboe_16,oboe_2010,town_meeting,policy,paired,p_absolute,59,0.005609362389023404,0.3728813559322034
oboe_17,oboe_2010,town_meeting,policy,paired,d_combined,12,0.013194444444444427,0.6666666666666666
oboe_17,oboe_2010,town_meeting,policy,paired,d_education,22,0.02689393939393938,0.6818181818181818
oboe_17,oboe_2010,town_meeting,policy,paired,d_gender,19,0.05350877192982457,0.47368421052631576
oboe_17,oboe_2010,town_meeting,policy,paired,d_income,17,0.024019607843137246,0.6470588235294118
oboe_17,oboe_2010,town_meeting,policy,paired,h,23,0.01431711940017095,0.43478260869565216
oboe_17,oboe_2010,town_meeting,policy,paired,p,17,0.013235294117647045,0.5882352941176471
oboe_17,oboe_2010,town_meeting,policy,paired,p_absolute,23,0.09094202898550724,0.782608695652174
oboe_18,oboe_2010,town_meeting,policy,paired,d_combined,14,-0.01224489795918366,0.35714285714285715
oboe_18,oboe_2010,town_meeting,policy,paired,d_education,136,0.004002538515406165,0.45588235294117646
oboe_18,oboe_2010,town_meeting,policy,paired,d_gender,39,-0.0035866910866910904,0.38461538461538464
oboe_18,oboe_2010,town_meeting,policy,paired,d_income,100,0.031845238095238086,0.5
oboe_18,oboe_2010,town_meeting,policy,paired,h,164,0.005268214343146605,0.4268292682926829
oboe_18,oboe_2010,town_meeting,policy,paired,p,158,-0.02167156419529837,0.4050632911392405
oboe_18,oboe_2010,town_meeting,policy,paired,p_absolute,164,0.02469330720092915,0.5
oboe_19,oboe_2010,town_meeting,policy,paired,d_combined,6,0.05,0.6666666666666666
oboe_19,oboe_2010,town_meeting,policy,paired,d_education,48,0.02256944444444445,0.5208333333333334
oboe_19,oboe_2010,town_meeting,policy,paired,d_gender,11,0.02727272727272727,0.5454545454545454
oboe_19,oboe_2010,town_meeting,policy,paired,d_income,43,-0.002906976744186042,0.4418604651162791
oboe_19,oboe_2010,town_meeting,policy,paired,h,69,0.002205368132994861,0.43478260869565216
oboe_19,oboe_2010,town_meeting,policy,paired,p,66,-0.027904040404040407,0.3484848484848485
oboe_19,oboe_2010,town_meeting,policy,paired,p_absolute,69,0.021135265700483095,0.4492753623188406
oboe_20,oboe_2010,town_meeting,policy,paired,d_combined,0,NA,NA
oboe_20,oboe_2010,town_meeting,policy,paired,d_education,166,-0.011862927902084519,0.42771084337349397
oboe_20,oboe_2010,town_meeting,policy,paired,d_gender,0,NA,NA
oboe_20,oboe_2010,town_meeting,policy,paired,d_income,136,0.02278244631185807,0.49264705882352944
oboe_20,oboe_2010,town_meeting,policy,paired,h,178,0.003105656174694475,0.4606741573033708
oboe_20,oboe_2010,town_meeting,policy,paired,p,159,-0.006180742737346508,0.44025157232704404
oboe_20,oboe_2010,town_meeting,policy,paired,p_absolute,178,0.039622904405207764,0.550561797752809
oboe_21,oboe_2010,town_meeting,policy,paired,d_combined,22,0.009695165945165939,0.4090909090909091
oboe_21,oboe_2010,town_meeting,policy,paired,d_education,149,-0.010237562586555882,0.4161073825503356
oboe_21,oboe_2010,town_meeting,policy,paired,d_gender,38,-0.007001879699248107,0.34210526315789475
oboe_21,oboe_2010,town_meeting,policy,paired,d_income,102,0.015989729225023334,0.46078431372549017
oboe_21,oboe_2010,town_meeting,policy,paired,h,169,0.024113665817488705,0.5325443786982249
oboe_21,oboe_2010,town_meeting,policy,paired,p,151,0.007819562703668655,0.46357615894039733
oboe_21,oboe_2010,town_meeting,policy,paired,p_absolute,169,0.04403763971071664,0.5621301775147929
oboe_22,oboe_2010,town_meeting,policy,paired,d_combined,16,0.06376488095238095,0.625
oboe_22,oboe_2010,town_meeting,policy,paired,d_education,50,0.0013809523809523625,0.38
oboe_22,oboe_2010,town_meeting,policy,paired,d_gender,44,0.020616883116883113,0.45454545454545453
oboe_22,oboe_2010,town_meeting,policy,paired,d_income,54,0.02788800705467372,0.5370370370370371
oboe_22,oboe_2010,town_meeting,policy,paired,h,57,-0.0011303055571505953,0.3684210526315789
oboe_22,oboe_2010,town_meeting,policy,paired,p,54,-0.0020612874779541443,0.4074074074074074
oboe_22,oboe_2010,town_meeting,policy,paired,p_absolute,57,0.0382779866332498,0.5087719298245614
oboe_24,oboe_2010,town_meeting,policy,paired,d_combined,20,-0.011250000000000001,0.45
oboe_24,oboe_2010,town_meeting,policy,paired,d_education,24,0.0329861111111111,0.5
oboe_24,oboe_2010,town_meeting,policy,paired,d_gender,27,-0.005555555555555562,0.4074074074074074
oboe_24,oboe_2010,town_meeting,policy,paired,d_income,27,-0.03395061728395063,0.37037037037037035
oboe_24,oboe_2010,town_meeting,policy,paired,h,28,0.01583565470194305,0.5357142857142857
oboe_24,oboe_2010,town_meeting,policy,paired,p,27,-0.02134038800705467,0.4074074074074074
oboe_24,oboe_2010,town_meeting,policy,paired,p_absolute,28,0.037542517006802716,0.5714285714285714
oboe_27,oboe_2010,town_meeting,policy,paired,d_combined,0,NA,NA
oboe_27,oboe_2010,town_meeting,policy,paired,d_education,23,0.034459109730848855,0.43478260869565216
oboe_27,oboe_2010,town_meeting,policy,paired,d_gender,23,0.0032996894409938063,0.4782608695652174
oboe_27,oboe_2010,town_meeting,policy,paired,d_income,23,0.036115424430641835,0.4782608695652174
oboe_27,oboe_2010,town_meeting,policy,paired,h,24,0.008954825539777184,0.5
oboe_27,oboe_2010,town_meeting,policy,paired,p,24,-0.02139136904761905,0.3333333333333333
oboe_27,oboe_2010,town_meeting,policy,paired,p_absolute,24,0.003782242063492059,0.375
oboe_5,oboe_2010,town_meeting,policy,paired,d_combined,76,-0.019227756892230583,0.4605263157894737
oboe_5,oboe_2010,town_meeting,policy,paired,d_education,156,0.002256308506308498,0.46153846153846156
oboe_5,oboe_2010,town_meeting,policy,paired,d_gender,165,0.008496272246272245,0.4666666666666667
oboe_5,oboe_2010,town_meeting,policy,paired,d_income,153,-0.004566085693536672,0.45098039215686275
oboe_5,oboe_2010,town_meeting,policy,paired,h,178,-0.012365095423903788,0.43258426966292135
oboe_5,oboe_2010,town_meeting,policy,paired,p,169,-0.028115314173006473,0.3668639053254438
oboe_5,oboe_2010,town_meeting,policy,paired,p_absolute,178,0.01029015070447654,0.449438202247191
oboe_6,oboe_2010,town_meeting,policy,paired,d_combined,18,-0.009722222222222226,0.3888888888888889
oboe_6,oboe_2010,town_meeting,policy,paired,d_education,40,-0.0431547619047619,0.35
oboe_6,oboe_2010,town_meeting,policy,paired,d_gender,36,0.00800264550264549,0.4166666666666667
oboe_6,oboe_2010,town_meeting,policy,paired,d_income,28,-0.019345238095238092,0.39285714285714285
oboe_6,oboe_2010,town_meeting,policy,paired,h,41,0.001040829489818712,0.43902439024390244
oboe_6,oboe_2010,town_meeting,policy,paired,p,37,-0.017342342342342353,0.4594594594594595
oboe_6,oboe_2010,town_meeting,policy,paired,p_absolute,41,0.029384436701509874,0.5365853658536586
oboe_7,oboe_2010,town_meeting,policy,paired,d_combined,24,-0.022858796296296297,0.375
oboe_7,oboe_2010,town_meeting,policy,paired,d_education,49,-0.0016298185941043008,0.40816326530612246
oboe_7,oboe_2010,town_meeting,policy,paired,d_gender,30,0.025909391534391528,0.5333333333333333
oboe_7,oboe_2010,town_meeting,policy,paired,d_income,38,-0.020321637426900584,0.42105263157894735
oboe_7,oboe_2010,town_meeting,policy,paired,h,52,0.01140644893784483,0.5
oboe_7,oboe_2010,town_meeting,policy,paired,p,51,0.018341503267973853,0.5490196078431373
oboe_7,oboe_2010,town_meeting,policy,paired,p_absolute,52,0.056614392551892545,0.6346153846153846
oboe_8,oboe_2010,town_meeting,policy,paired,d_combined,12,0.04861111111111111,0.6666666666666666
oboe_8,oboe_2010,town_meeting,policy,paired,d_education,46,0.02038043478260869,0.5652173913043478
oboe_8,oboe_2010,town_meeting,policy,paired,d_gender,46,0.012292960662525868,0.45652173913043476
oboe_8,oboe_2010,town_meeting,policy,paired,d_income,31,0.012384792626728114,0.5161290322580645
oboe_8,oboe_2010,town_meeting,policy,paired,h,54,0.01916155571684242,0.5925925925925926
oboe_8,oboe_2010,town_meeting,policy,paired,p,51,-0.002587145969498911,0.47058823529411764
oboe_8,oboe_2010,town_meeting,policy,paired,p_absolute,54,0.026638741916519694,0.5370370370370371
shizuoka_2019,shizuoka_2019,deliberative_mini_public,policy,paired,d_combined,0,NA,NA
shizuoka_2019,shizuoka_2019,deliberative_mini_public,policy,paired,d_education,75,0.027089947089947095,0.52
shizuoka_2019,shizuoka_2019,deliberative_mini_public,policy,paired,d_gender,57,-0.0046383319409635144,0.40350877192982454
shizuoka_2019,shizuoka_2019,deliberative_mini_public,policy,paired,d_income,0,NA,NA
shizuoka_2019,shizuoka_2019,deliberative_mini_public,policy,paired,h,80,0.007736137684510636,0.4875
shizuoka_2019,shizuoka_2019,deliberative_mini_public,policy,paired,p,78,-0.014448514448514442,0.41025641025641024
shizuoka_2019,shizuoka_2019,deliberative_mini_public,policy,paired,p_absolute,80,0.009188988095238111,0.4375
shizuoka_2019,shizuoka_2019,deliberative_mini_public,belief,paired,d_combined,0,NA,NA
shizuoka_2019,shizuoka_2019,deliberative_mini_public,belief,paired,d_education,8,-0.016059027777777787,0.375
shizuoka_2019,shizuoka_2019,deliberative_mini_public,belief,paired,d_gender,5,-0.04871031746031745,0.2
shizuoka_2019,shizuoka_2019,deliberative_mini_public,belief,paired,d_income,0,NA,NA
shizuoka_2019,shizuoka_2019,deliberative_mini_public,belief,paired,h,8,0.020608010709928862,0.5
shizuoka_2019,shizuoka_2019,deliberative_mini_public,belief,paired,p,7,0.028273809523809524,0.5714285714285714
shizuoka_2019,shizuoka_2019,deliberative_mini_public,belief,paired,p_absolute,8,0.03645833333333333,0.625
tanzania_2015,tanzania_2015,deliberative_poll,policy,paired,d_combined,0,NA,NA
tanzania_2015,tanzania_2015,deliberative_poll,policy,paired,d_education,0,NA,NA
tanzania_2015,tanzania_2015,deliberative_poll,policy,paired,d_gender,517,-0.005371478403393306,0.46034816247582205
tanzania_2015,tanzania_2015,deliberative_poll,policy,paired,d_income,0,NA,NA
tanzania_2015,tanzania_2015,deliberative_poll,policy,paired,h,525,-0.005110639111677843,0.4780952380952381
tanzania_2015,tanzania_2015,deliberative_poll,policy,paired,p,520,-0.03830942401615479,0.37115384615384617
tanzania_2015,tanzania_2015,deliberative_poll,policy,paired,p_absolute,525,-0.007626856212570503,0.43047619047619046
whatsapp_gen_HH,whatsapp,dyadic_online_gen_HH,affect,paired,d_combined,0,NA,NA
whatsapp_gen_HH,whatsapp,dyadic_online_gen_HH,affect,paired,d_education,0,NA,NA
whatsapp_gen_HH,whatsapp,dyadic_online_gen_HH,affect,paired,d_gender,0,NA,NA
whatsapp_gen_HH,whatsapp,dyadic_online_gen_HH,affect,paired,d_income,0,NA,NA
whatsapp_gen_HH,whatsapp,dyadic_online_gen_HH,affect,paired,h,0,NA,NA
whatsapp_gen_HH,whatsapp,dyadic_online_gen_HH,affect,paired,p,0,NA,NA
whatsapp_gen_HH,whatsapp,dyadic_online_gen_HH,affect,paired,p_absolute,0,NA,NA
whatsapp_gen_HH,whatsapp,dyadic_online_gen_HH,stereotype_judgment,paired,d_combined,0,NA,NA
whatsapp_gen_HH,whatsapp,dyadic_online_gen_HH,stereotype_judgment,paired,d_education,0,NA,NA
whatsapp_gen_HH,whatsapp,dyadic_online_gen_HH,stereotype_judgment,paired,d_gender,0,NA,NA
whatsapp_gen_HH,whatsapp,dyadic_online_gen_HH,stereotype_judgment,paired,d_income,0,NA,NA
whatsapp_gen_HH,whatsapp,dyadic_online_gen_HH,stereotype_judgment,paired,h,0,NA,NA
whatsapp_gen_HH,whatsapp,dyadic_online_gen_HH,stereotype_judgment,paired,p,0,NA,NA
whatsapp_gen_HH,whatsapp,dyadic_online_gen_HH,stereotype_judgment,paired,p_absolute,0,NA,NA
whatsapp_gen_HM,whatsapp,dyadic_online_gen_HM,affect,paired,d_combined,0,NA,NA
whatsapp_gen_HM,whatsapp,dyadic_online_gen_HM,affect,paired,d_education,0,NA,NA
whatsapp_gen_HM,whatsapp,dyadic_online_gen_HM,affect,paired,d_gender,0,NA,NA
whatsapp_gen_HM,whatsapp,dyadic_online_gen_HM,affect,paired,d_income,0,NA,NA
whatsapp_gen_HM,whatsapp,dyadic_online_gen_HM,affect,paired,h,0,NA,NA
whatsapp_gen_HM,whatsapp,dyadic_online_gen_HM,affect,paired,p,0,NA,NA
whatsapp_gen_HM,whatsapp,dyadic_online_gen_HM,affect,paired,p_absolute,0,NA,NA
whatsapp_gen_HM,whatsapp,dyadic_online_gen_HM,stereotype_judgment,paired,d_combined,0,NA,NA
whatsapp_gen_HM,whatsapp,dyadic_online_gen_HM,stereotype_judgment,paired,d_education,0,NA,NA
whatsapp_gen_HM,whatsapp,dyadic_online_gen_HM,stereotype_judgment,paired,d_gender,0,NA,NA
whatsapp_gen_HM,whatsapp,dyadic_online_gen_HM,stereotype_judgment,paired,d_income,0,NA,NA
whatsapp_gen_HM,whatsapp,dyadic_online_gen_HM,stereotype_judgment,paired,h,0,NA,NA
whatsapp_gen_HM,whatsapp,dyadic_online_gen_HM,stereotype_judgment,paired,p,0,NA,NA
whatsapp_gen_HM,whatsapp,dyadic_online_gen_HM,stereotype_judgment,paired,p_absolute,0,NA,NA
whatsapp_igr_HH,whatsapp,dyadic_online_igr_HH,affect,paired,d_combined,0,NA,NA
whatsapp_igr_HH,whatsapp,dyadic_online_igr_HH,affect,paired,d_education,0,NA,NA
whatsapp_igr_HH,whatsapp,dyadic_online_igr_HH,affect,paired,d_gender,0,NA,NA
whatsapp_igr_HH,whatsapp,dyadic_online_igr_HH,affect,paired,d_income,0,NA,NA
whatsapp_igr_HH,whatsapp,dyadic_online_igr_HH,affect,paired,h,0,NA,NA
whatsapp_igr_HH,whatsapp,dyadic_online_igr_HH,affect,paired,p,0,NA,NA
whatsapp_igr_HH,whatsapp,dyadic_online_igr_HH,affect,paired,p_absolute,0,NA,NA
whatsapp_igr_HH,whatsapp,dyadic_online_igr_HH,stereotype_judgment,paired,d_combined,0,NA,NA
whatsapp_igr_HH,whatsapp,dyadic_online_igr_HH,stereotype_judgment,paired,d_education,0,NA,NA
whatsapp_igr_HH,whatsapp,dyadic_online_igr_HH,stereotype_judgment,paired,d_gender,0,NA,NA
whatsapp_igr_HH,whatsapp,dyadic_online_igr_HH,stereotype_judgment,paired,d_income,0,NA,NA
whatsapp_igr_HH,whatsapp,dyadic_online_igr_HH,stereotype_judgment,paired,h,0,NA,NA
whatsapp_igr_HH,whatsapp,dyadic_online_igr_HH,stereotype_judgment,paired,p,0,NA,NA
whatsapp_igr_HH,whatsapp,dyadic_online_igr_HH,stereotype_judgment,paired,p_absolute,0,NA,NA
whatsapp_igr_HM,whatsapp,dyadic_online_igr_HM,affect,paired,d_combined,0,NA,NA
whatsapp_igr_HM,whatsapp,dyadic_online_igr_HM,affect,paired,d_education,0,NA,NA
whatsapp_igr_HM,whatsapp,dyadic_online_igr_HM,affect,paired,d_gender,0,NA,NA
whatsapp_igr_HM,whatsapp,dyadic_online_igr_HM,affect,paired,d_income,0,NA,NA
whatsapp_igr_HM,whatsapp,dyadic_online_igr_HM,affect,paired,h,0,NA,NA
whatsapp_igr_HM,whatsapp,dyadic_online_igr_HM,affect,paired,p,0,NA,NA
whatsapp_igr_HM,whatsapp,dyadic_online_igr_HM,affect,paired,p_absolute,0,NA,NA
whatsapp_igr_HM,whatsapp,dyadic_online_igr_HM,stereotype_judgment,paired,d_combined,0,NA,NA
whatsapp_igr_HM,whatsapp,dyadic_online_igr_HM,stereotype_judgment,paired,d_education,0,NA,NA
whatsapp_igr_HM,whatsapp,dyadic_online_igr_HM,stereotype_judgment,paired,d_gender,0,NA,NA
whatsapp_igr_HM,whatsapp,dyadic_online_igr_HM,stereotype_judgment,paired,d_income,0,NA,NA
whatsapp_igr_HM,whatsapp,dyadic_online_igr_HM,stereotype_judgment,paired,h,0,NA,NA
whatsapp_igr_HM,whatsapp,dyadic_online_igr_HM,stereotype_judgment,paired,p,0,NA,NA
whatsapp_igr_HM,whatsapp,dyadic_online_igr_HM,stereotype_judgment,paired,p_absolute,0,NA,NA
a1r_2019,a1r,deliberative_poll,policy,available,d_combined,0,NA,NA
a1r_2019,a1r,deliberative_poll,policy,available,d_education,0,NA,NA
a1r_2019,a1r,deliberative_poll,policy,available,d_gender,1858,0.005919640923004756,0.5053821313240043
a1r_2019,a1r,deliberative_poll,policy,available,d_income,0,NA,NA
a1r_2019,a1r,deliberative_poll,policy,available,h,1880,0.03525434660561116,0.699468085106383
a1r_2019,a1r,deliberative_poll,policy,available,p,1857,0.012982148812116515,0.5901992460958535
a1r_2019,a1r,deliberative_poll,policy,available,p_absolute,1880,0.04539137008086478,0.6803191489361702
a1r_climate_2021,a1r,deliberative_poll,environmental_concern,available,d_combined,173,0.008775936651659193,0.5202312138728323
a1r_climate_2021,a1r,deliberative_poll,environmental_concern,available,d_education,274,0.01813388128974217,0.6131386861313869
a1r_climate_2021,a1r,deliberative_poll,environmental_concern,available,d_gender,296,-0.002768994441788562,0.46621621621621623
a1r_climate_2021,a1r,deliberative_poll,environmental_concern,available,d_income,281,0.01300363831502621,0.5373665480427047
a1r_climate_2021,a1r,deliberative_poll,environmental_concern,available,h,300,0.03640416328111915,0.6966666666666667
a1r_climate_2021,a1r,deliberative_poll,environmental_concern,available,p,296,0.039234027984027975,0.7162162162162162
a1r_climate_2021,a1r,deliberative_poll,environmental_concern,available,p_absolute,300,0.05099854589854589,0.7633333333333333
a1r_climate_2021,a1r,deliberative_poll,policy,available,d_combined,3634,0.006479481135912232,0.503852504127683
a1r_climate_2021,a1r,deliberative_poll,policy,available,d_education,5688,0.01015171738067464,0.5304149085794655
a1r_climate_2021,a1r,deliberative_poll,policy,available,d_gender,6104,0.0017687287659123936,0.4895150720838794
a1r_climate_2021,a1r,deliberative_poll,policy,available,d_income,6026,0.005415599954375586,0.49784268171257884
a1r_climate_2021,a1r,deliberative_poll,policy,available,h,6309,0.03129157244573619,0.6598510064986527
a1r_climate_2021,a1r,deliberative_poll,policy,available,p,6229,0.025063190019195138,0.6254615508107241
a1r_climate_2021,a1r,deliberative_poll,policy,available,p_absolute,6309,0.03912443227864478,0.668251703915042
a1r_climate_2021,a1r,deliberative_poll,climate_belief,available,d_combined,228,0.014519781366724103,0.5394736842105263
a1r_climate_2021,a1r,deliberative_poll,climate_belief,available,d_education,362,0.01637411538106208,0.5580110497237569
a1r_climate_2021,a1r,deliberative_poll,climate_belief,available,d_gender,385,0.0034173745997657344,0.45194805194805193
a1r_climate_2021,a1r,deliberative_poll,climate_belief,available,d_income,375,0.00782521027991617,0.512
a1r_climate_2021,a1r,deliberative_poll,climate_belief,available,h,396,0.04499192110273081,0.7424242424242424
a1r_climate_2021,a1r,deliberative_poll,climate_belief,available,p,394,0.047998932054806945,0.7436548223350253
a1r_climate_2021,a1r,deliberative_poll,climate_belief,available,p_absolute,396,0.04840987219273763,0.7449494949494949
celaya_10,celaya_2018,facilitated_discussion,policy,available,d_combined,0,NA,NA
celaya_10,celaya_2018,facilitated_discussion,policy,available,d_education,8,-0.029166666666666664,0.25
celaya_10,celaya_2018,facilitated_discussion,policy,available,d_gender,8,-0.058333333333333334,0.25
celaya_10,celaya_2018,facilitated_discussion,policy,available,d_income,8,-0.02232142857142856,0.375
celaya_10,celaya_2018,facilitated_discussion,policy,available,h,8,-0.009909485868279574,0.375
celaya_10,celaya_2018,facilitated_discussion,policy,available,p,8,-0.07083333333333333,0.125
celaya_10,celaya_2018,facilitated_discussion,policy,available,p_absolute,8,-0.029166666666666688,0.375
celaya_12,celaya_2018,facilitated_discussion,policy,available,d_combined,0,NA,NA
celaya_12,celaya_2018,facilitated_discussion,policy,available,d_education,6,-0.002976190476190456,0.3333333333333333
celaya_12,celaya_2018,facilitated_discussion,policy,available,d_gender,8,-1.5612511283791264e-17,0.375
celaya_12,celaya_2018,facilitated_discussion,policy,available,d_income,5,0.014285714285714285,0.6
celaya_12,celaya_2018,facilitated_discussion,policy,available,h,8,-0.03291979910762337,0
celaya_12,celaya_2018,facilitated_discussion,policy,available,p,8,-0.040178571428571425,0.25
celaya_12,celaya_2018,facilitated_discussion,policy,available,p_absolute,8,-0.031249999999999993,0.25
celaya_13,celaya_2018,facilitated_discussion,policy,available,d_combined,8,-0.04583333333333332,0.25
celaya_13,celaya_2018,facilitated_discussion,policy,available,d_education,7,-0.03333333333333333,0.42857142857142855
celaya_13,celaya_2018,facilitated_discussion,policy,available,d_gender,8,-0.0125,0.375
celaya_13,celaya_2018,facilitated_discussion,policy,available,d_income,8,-0.025,0.5
celaya_13,celaya_2018,facilitated_discussion,policy,available,h,8,-0.04479724042355222,0.25
celaya_13,celaya_2018,facilitated_discussion,policy,available,p,8,-0.008333333333333312,0.375
celaya_13,celaya_2018,facilitated_discussion,policy,available,p_absolute,8,0.008333333333333347,0.375
celaya_2,celaya_2018,facilitated_discussion,policy,available,d_combined,7,0.023809523809523815,0.5714285714285714
celaya_2,celaya_2018,facilitated_discussion,policy,available,d_education,8,-0.027083333333333348,0.25
celaya_2,celaya_2018,facilitated_discussion,policy,available,d_gender,8,0.014583333333333354,0.625
celaya_2,celaya_2018,facilitated_discussion,policy,available,d_income,8,-0.01874999999999999,0.375
celaya_2,celaya_2018,facilitated_discussion,policy,available,h,8,-0.009676218283182915,0.25
celaya_2,celaya_2018,facilitated_discussion,policy,available,p,7,-0.023809523809523815,0.42857142857142855
celaya_2,celaya_2018,facilitated_discussion,policy,available,p_absolute,8,-0.014583333333333347,0.5
celaya_4,celaya_2018,facilitated_discussion,policy,available,d_combined,0,NA,NA
celaya_4,celaya_2018,facilitated_discussion,policy,available,d_education,8,-0.002083333333333326,0.25
celaya_4,celaya_2018,facilitated_discussion,policy,available,d_gender,8,-0.010416666666666657,0.375
celaya_4,celaya_2018,facilitated_discussion,policy,available,d_income,8,-0.002083333333333326,0.25
celaya_4,celaya_2018,facilitated_discussion,policy,available,h,8,-0.016176541829200225,0.25
celaya_4,celaya_2018,facilitated_discussion,policy,available,p,8,-0.014583333333333351,0.25
celaya_4,celaya_2018,facilitated_discussion,policy,available,p_absolute,8,-0.0062500000000000125,0.25
celaya_5,celaya_2018,facilitated_discussion,policy,available,d_combined,8,-0.014583333333333323,0.375
celaya_5,celaya_2018,facilitated_discussion,policy,available,d_education,8,-0.02291666666666668,0.375
celaya_5,celaya_2018,facilitated_discussion,policy,available,d_gender,8,-0.0020833333333333355,0.375
celaya_5,celaya_2018,facilitated_discussion,policy,available,d_income,8,-0.027083333333333334,0.375
celaya_5,celaya_2018,facilitated_discussion,policy,available,h,8,0.024396863427978144,0.875
celaya_5,celaya_2018,facilitated_discussion,policy,available,p,8,-0.043750000000000004,0.25
celaya_5,celaya_2018,facilitated_discussion,policy,available,p_absolute,8,-0.022916666666666675,0.375
celaya_7,celaya_2018,facilitated_discussion,policy,available,d_combined,7,-0.016666666666666656,0.2857142857142857
celaya_7,celaya_2018,facilitated_discussion,policy,available,d_education,7,-0.009523809523809525,0.42857142857142855
celaya_7,celaya_2018,facilitated_discussion,policy,available,d_gender,6,-0.005555555555555539,0.5
celaya_7,celaya_2018,facilitated_discussion,policy,available,d_income,8,-0.025,0.125
celaya_7,celaya_2018,facilitated_discussion,policy,available,h,8,-0.01619544506010223,0.375
celaya_7,celaya_2018,facilitated_discussion,policy,available,p,6,-0.005555555555555557,0.3333333333333333
celaya_7,celaya_2018,facilitated_discussion,policy,available,p_absolute,8,0.00416666666666668,0.5
consensus_1,consensus,classroom_discussion,policy,available,d_combined,0,NA,NA
consensus_1,consensus,classroom_discussion,policy,available,d_education,0,NA,NA
consensus_1,consensus,classroom_discussion,policy,available,d_gender,12,-0.07222222222222223,0.16666666666666666
consensus_1,consensus,classroom_discussion,policy,available,d_income,0,NA,NA
consensus_1,consensus,classroom_discussion,policy,available,h,12,0.04793417710325914,0.6666666666666666
consensus_1,consensus,classroom_discussion,policy,available,p,0,NA,NA
consensus_1,consensus,classroom_discussion,policy,available,p_absolute,0,NA,NA
consensus_2,consensus,laboratory_discussion,policy,available,d_combined,0,NA,NA
consensus_2,consensus,laboratory_discussion,policy,available,d_education,0,NA,NA
consensus_2,consensus,laboratory_discussion,policy,available,d_gender,0,NA,NA
consensus_2,consensus,laboratory_discussion,policy,available,d_income,0,NA,NA
consensus_2,consensus,laboratory_discussion,policy,available,h,0,NA,NA
consensus_2,consensus,laboratory_discussion,policy,available,p,0,NA,NA
consensus_2,consensus,laboratory_discussion,policy,available,p_absolute,0,NA,NA
cross_party_2021,cross_party_2021,dyadic_cross_party,affect,available,d_combined,0,NA,NA
cross_party_2021,cross_party_2021,dyadic_cross_party,affect,available,d_education,0,NA,NA
cross_party_2021,cross_party_2021,dyadic_cross_party,affect,available,d_gender,0,NA,NA
cross_party_2021,cross_party_2021,dyadic_cross_party,affect,available,d_income,0,NA,NA
cross_party_2021,cross_party_2021,dyadic_cross_party,affect,available,h,0,NA,NA
cross_party_2021,cross_party_2021,dyadic_cross_party,affect,available,p,0,NA,NA
cross_party_2021,cross_party_2021,dyadic_cross_party,affect,available,p_absolute,0,NA,NA
diplomacy_control,diplomacy_2020,triadic_unstructured_discussion,policy,available,d_combined,0,NA,NA
diplomacy_control,diplomacy_2020,triadic_unstructured_discussion,policy,available,d_education,0,NA,NA
diplomacy_control,diplomacy_2020,triadic_unstructured_discussion,policy,available,d_gender,0,NA,NA
diplomacy_control,diplomacy_2020,triadic_unstructured_discussion,policy,available,d_income,0,NA,NA
diplomacy_control,diplomacy_2020,triadic_unstructured_discussion,policy,available,h,0,NA,NA
diplomacy_control,diplomacy_2020,triadic_unstructured_discussion,policy,available,p,0,NA,NA
diplomacy_control,diplomacy_2020,triadic_unstructured_discussion,policy,available,p_absolute,0,NA,NA
diplomacy_control,diplomacy_2020,triadic_unstructured_discussion,social_judgment,available,d_combined,0,NA,NA
diplomacy_control,diplomacy_2020,triadic_unstructured_discussion,social_judgment,available,d_education,0,NA,NA
diplomacy_control,diplomacy_2020,triadic_unstructured_discussion,social_judgment,available,d_gender,0,NA,NA
diplomacy_control,diplomacy_2020,triadic_unstructured_discussion,social_judgment,available,d_income,0,NA,NA
diplomacy_control,diplomacy_2020,triadic_unstructured_discussion,social_judgment,available,h,0,NA,NA
diplomacy_control,diplomacy_2020,triadic_unstructured_discussion,social_judgment,available,p,0,NA,NA
diplomacy_control,diplomacy_2020,triadic_unstructured_discussion,social_judgment,available,p_absolute,0,NA,NA
diplomacy_experimental,diplomacy_2020,triadic_structured_discussion,policy,available,d_combined,0,NA,NA
diplomacy_experimental,diplomacy_2020,triadic_structured_discussion,policy,available,d_education,0,NA,NA
diplomacy_experimental,diplomacy_2020,triadic_structured_discussion,policy,available,d_gender,0,NA,NA
diplomacy_experimental,diplomacy_2020,triadic_structured_discussion,policy,available,d_income,0,NA,NA
diplomacy_experimental,diplomacy_2020,triadic_structured_discussion,policy,available,h,0,NA,NA
diplomacy_experimental,diplomacy_2020,triadic_structured_discussion,policy,available,p,0,NA,NA
diplomacy_experimental,diplomacy_2020,triadic_structured_discussion,policy,available,p_absolute,0,NA,NA
diplomacy_experimental,diplomacy_2020,triadic_structured_discussion,social_judgment,available,d_combined,0,NA,NA
diplomacy_experimental,diplomacy_2020,triadic_structured_discussion,social_judgment,available,d_education,0,NA,NA
diplomacy_experimental,diplomacy_2020,triadic_structured_discussion,social_judgment,available,d_gender,0,NA,NA
diplomacy_experimental,diplomacy_2020,triadic_structured_discussion,social_judgment,available,d_income,0,NA,NA
diplomacy_experimental,diplomacy_2020,triadic_structured_discussion,social_judgment,available,h,0,NA,NA
diplomacy_experimental,diplomacy_2020,triadic_structured_discussion,social_judgment,available,p,0,NA,NA
diplomacy_experimental,diplomacy_2020,triadic_structured_discussion,social_judgment,available,p_absolute,0,NA,NA
echo_con,echo_2021,partisan_discussion,policy,available,d_combined,0,NA,NA
echo_con,echo_2021,partisan_discussion,policy,available,d_education,0,NA,NA
echo_con,echo_2021,partisan_discussion,policy,available,d_gender,56,0.001828231292517003,0.5535714285714286
echo_con,echo_2021,partisan_discussion,policy,available,d_income,0,NA,NA
echo_con,echo_2021,partisan_discussion,policy,available,h,72,0.026777644854537107,0.6805555555555556
echo_con,echo_2021,partisan_discussion,policy,available,p,72,0.0024107142857142925,0.5138888888888888
echo_con,echo_2021,partisan_discussion,policy,available,p_absolute,72,0.00275793650793651,0.5138888888888888
echo_lab,echo_2021,partisan_discussion,policy,available,d_combined,0,NA,NA
echo_lab,echo_2021,partisan_discussion,policy,available,d_education,0,NA,NA
echo_lab,echo_2021,partisan_discussion,policy,available,d_gender,107,-0.034723705681649605,0.3925233644859813
echo_lab,echo_2021,partisan_discussion,policy,available,d_income,0,NA,NA
echo_lab,echo_2021,partisan_discussion,policy,available,h,112,0.06493651669701825,0.7857142857142857
echo_lab,echo_2021,partisan_discussion,policy,available,p,112,0.09546308106575964,0.9017857142857143
echo_lab,echo_2021,partisan_discussion,policy,available,p_absolute,112,0.09546308106575963,0.9017857142857143
echo_mixed,echo_2021,mixed_partisan_discussion,policy,available,d_combined,0,NA,NA
echo_mixed,echo_2021,mixed_partisan_discussion,policy,available,d_education,0,NA,NA
echo_mixed,echo_2021,mixed_partisan_discussion,policy,available,d_gender,156,-0.009423076923076912,0.40384615384615385
echo_mixed,echo_2021,mixed_partisan_discussion,policy,available,d_income,0,NA,NA
echo_mixed,echo_2021,mixed_partisan_discussion,policy,available,h,160,0.004364887441674871,0.53125
echo_mixed,echo_2021,mixed_partisan_discussion,policy,available,p,149,-0.01588207094918505,0.38926174496644295
echo_mixed,echo_2021,mixed_partisan_discussion,policy,available,p_absolute,160,0.016020833333333335,0.54375
hongkong_deliberation,hongkong_2020,facilitated_discussion,policy,available,d_combined,0,NA,NA
hongkong_deliberation,hongkong_2020,facilitated_discussion,policy,available,d_education,0,NA,NA
hongkong_deliberation,hongkong_2020,facilitated_discussion,policy,available,d_gender,0,NA,NA
hongkong_deliberation,hongkong_2020,facilitated_discussion,policy,available,d_income,0,NA,NA
hongkong_deliberation,hongkong_2020,facilitated_discussion,policy,available,h,1,-0.14461132959494832,0
hongkong_deliberation,hongkong_2020,facilitated_discussion,policy,available,p,1,0,0
hongkong_deliberation,hongkong_2020,facilitated_discussion,policy,available,p_absolute,1,0,0
hongkong_discussion,hongkong_2020,casual_discussion,policy,available,d_combined,0,NA,NA
hongkong_discussion,hongkong_2020,casual_discussion,policy,available,d_education,0,NA,NA
hongkong_discussion,hongkong_2020,casual_discussion,policy,available,d_gender,0,NA,NA
hongkong_discussion,hongkong_2020,casual_discussion,policy,available,d_income,0,NA,NA
hongkong_discussion,hongkong_2020,casual_discussion,policy,available,h,1,-0.04034096487552652,0
hongkong_discussion,hongkong_2020,casual_discussion,policy,available,p,0,NA,NA
hongkong_discussion,hongkong_2020,casual_discussion,policy,available,p_absolute,1,0.033333333333333326,1
oboe_1,oboe_2010,town_meeting,policy,available,d_combined,21,-0.005853174603174601,0.5714285714285714
oboe_1,oboe_2010,town_meeting,policy,available,d_education,51,0.020568783068783073,0.5882352941176471
oboe_1,oboe_2010,town_meeting,policy,available,d_gender,33,0.029013347763347765,0.696969696969697
oboe_1,oboe_2010,town_meeting,policy,available,d_income,42,-0.012412603930461076,0.47619047619047616
oboe_1,oboe_2010,town_meeting,policy,available,h,54,0.023258086904483485,0.5925925925925926
oboe_1,oboe_2010,town_meeting,policy,available,p,50,-0.0034226190476190485,0.58
oboe_1,oboe_2010,town_meeting,policy,available,p_absolute,54,0.030164241622574955,0.6666666666666666
oboe_10,oboe_2010,town_meeting,policy,available,d_combined,28,-0.04749149659863946,0.32142857142857145
oboe_10,oboe_2010,town_meeting,policy,available,d_education,40,-0.03141369047619047,0.35
oboe_10,oboe_2010,town_meeting,policy,available,d_gender,42,-0.06886337868480724,0.30952380952380953
oboe_10,oboe_2010,town_meeting,policy,available,d_income,34,-0.0171218487394958,0.38235294117647056
oboe_10,oboe_2010,town_meeting,policy,available,h,42,0.010323363567718616,0.5476190476190477
oboe_10,oboe_2010,town_meeting,policy,available,p,40,7.589285714285632e-4,0.55
oboe_10,oboe_2010,town_meeting,policy,available,p_absolute,42,0.049050453514739224,0.6428571428571429
oboe_11,oboe_2010,town_meeting,policy,available,d_combined,0,NA,NA
oboe_11,oboe_2010,town_meeting,policy,available,d_education,0,NA,NA
oboe_11,oboe_2010,town_meeting,policy,available,d_gender,30,-0.006322751322751324,0.43333333333333335
oboe_11,oboe_2010,town_meeting,policy,available,d_income,23,0.01973343685300207,0.4782608695652174
oboe_11,oboe_2010,town_meeting,policy,available,h,45,0.004114239777271209,0.4
oboe_11,oboe_2010,town_meeting,policy,available,p,42,-0.0019794028722600206,0.5
oboe_11,oboe_2010,town_meeting,policy,available,p_absolute,45,0.02795855379188712,0.5555555555555556
oboe_13,oboe_2010,town_meeting,policy,available,d_combined,6,-0.04166666666666668,0.3333333333333333
oboe_13,oboe_2010,town_meeting,policy,available,d_education,28,-0.014243197278911561,0.42857142857142855
oboe_13,oboe_2010,town_meeting,policy,available,d_gender,12,-0.076587301587301565,0.25
oboe_13,oboe_2010,town_meeting,policy,available,d_income,27,0.03876763668430335,0.5555555555555556
oboe_13,oboe_2010,town_meeting,policy,available,h,36,-0.025334453286174976,0.3611111111111111
oboe_13,oboe_2010,town_meeting,policy,available,p,35,-0.07397959183673469,0.37142857142857144
oboe_13,oboe_2010,town_meeting,policy,available,p_absolute,36,0.012276785714285712,0.5555555555555556
oboe_14,oboe_2010,town_meeting,policy,available,d_combined,0,NA,NA
oboe_14,oboe_2010,town_meeting,policy,available,d_education,0,NA,NA
oboe_14,oboe_2010,town_meeting,policy,available,d_gender,22,0.04215367965367965,0.5454545454545454
oboe_14,oboe_2010,town_meeting,policy,available,d_income,22,0.004978354978354987,0.45454545454545453
oboe_14,oboe_2010,town_meeting,policy,available,h,42,0.012989640713517754,0.4523809523809524
oboe_14,oboe_2010,town_meeting,policy,available,p,39,0.005257936507936508,0.5641025641025641
oboe_14,oboe_2010,town_meeting,policy,available,p_absolute,42,0.031016156462585036,0.6190476190476191
oboe_15,oboe_2010,town_meeting,policy,available,d_combined,4,-0.06607142857142859,0
oboe_15,oboe_2010,town_meeting,policy,available,d_education,47,0.028904930766632888,0.5957446808510638
oboe_15,oboe_2010,town_meeting,policy,available,d_gender,3,0.04761904761904763,0.3333333333333333
oboe_15,oboe_2010,town_meeting,policy,available,d_income,54,0.011542842445620222,0.5
oboe_15,oboe_2010,town_meeting,policy,available,h,60,0.006546435213116672,0.5333333333333333
oboe_15,oboe_2010,town_meeting,policy,available,p,59,-0.013001076136669362,0.4576271186440678
oboe_15,oboe_2010,town_meeting,policy,available,p_absolute,60,0.019232804232804233,0.5833333333333334
oboe_16,oboe_2010,town_meeting,policy,available,d_combined,28,-0.027019557823129252,0.35714285714285715
oboe_16,oboe_2010,town_meeting,policy,available,d_education,56,0.011708120748299317,0.5357142857142857
oboe_16,oboe_2010,town_meeting,policy,available,d_gender,50,0.018119047619047618,0.56
oboe_16,oboe_2010,town_meeting,policy,available,d_income,49,-0.03429705215419501,0.30612244897959184
oboe_16,oboe_2010,town_meeting,policy,available,h,89,0.0087157593988704,0.4943820224719101
oboe_16,oboe_2010,town_meeting,policy,available,p,85,-0.03410364145658263,0.3411764705882353
oboe_16,oboe_2010,town_meeting,policy,available,p_absolute,89,0.01948903156768326,0.4606741573033708
oboe_17,oboe_2010,town_meeting,policy,available,d_combined,12,0.013194444444444427,0.6666666666666666
oboe_17,oboe_2010,town_meeting,policy,available,d_education,22,0.02689393939393938,0.6818181818181818
oboe_17,oboe_2010,town_meeting,policy,available,d_gender,19,0.05350877192982457,0.47368421052631576
oboe_17,oboe_2010,town_meeting,policy,available,d_income,17,0.024019607843137246,0.6470588235294118
oboe_17,oboe_2010,town_meeting,policy,available,h,23,0.01431711940017095,0.43478260869565216
oboe_17,oboe_2010,town_meeting,policy,available,p,17,0.013235294117647045,0.5882352941176471
oboe_17,oboe_2010,town_meeting,policy,available,p_absolute,23,0.09094202898550724,0.782608695652174
oboe_18,oboe_2010,town_meeting,policy,available,d_combined,14,-0.016581632653061215,0.42857142857142855
oboe_18,oboe_2010,town_meeting,policy,available,d_education,141,0.006726011380266688,0.5177304964539007
oboe_18,oboe_2010,town_meeting,policy,available,d_gender,40,-0.018340773809523803,0.35
oboe_18,oboe_2010,town_meeting,policy,available,d_income,100,0.035916666666666666,0.59
oboe_18,oboe_2010,town_meeting,policy,available,h,201,0.010225015214762509,0.4925373134328358
oboe_18,oboe_2010,town_meeting,policy,available,p,188,-0.014205936646096224,0.4521276595744681
oboe_18,oboe_2010,town_meeting,policy,available,p_absolute,201,0.030188927297136254,0.5621890547263682
oboe_19,oboe_2010,town_meeting,policy,available,d_combined,6,0.05277777777777779,0.6666666666666666
oboe_19,oboe_2010,town_meeting,policy,available,d_education,53,0.03657532195268044,0.6415094339622641
oboe_19,oboe_2010,town_meeting,policy,available,d_gender,11,0.030303030303030314,0.6363636363636364
oboe_19,oboe_2010,town_meeting,policy,available,d_income,46,0.01933700357613401,0.5217391304347826
oboe_19,oboe_2010,town_meeting,policy,available,h,124,0.020825769484782257,0.5806451612903226
oboe_19,oboe_2010,town_meeting,policy,available,p,115,-0.03177206851119894,0.4434782608695652
oboe_19,oboe_2010,town_meeting,policy,available,p_absolute,124,0.02981776288227901,0.5967741935483871
oboe_20,oboe_2010,town_meeting,policy,available,d_combined,0,NA,NA
oboe_20,oboe_2010,town_meeting,policy,available,d_education,168,-0.017762070105820104,0.4166666666666667
oboe_20,oboe_2010,town_meeting,policy,available,d_gender,0,NA,NA
oboe_20,oboe_2010,town_meeting,policy,available,d_income,146,0.025874510763209395,0.541095890410959
oboe_20,oboe_2010,town_meeting,policy,available,h,212,0.005890068683769213,0.45754716981132076
oboe_20,oboe_2010,town_meeting,policy,available,p,194,-0.030980506463753894,0.4072164948453608
oboe_20,oboe_2010,town_meeting,policy,available,p_absolute,212,0.03127854522312069,0.5424528301886793
oboe_21,oboe_2010,town_meeting,policy,available,d_combined,23,-7.763975155279572e-4,0.43478260869565216
oboe_21,oboe_2010,town_meeting,policy,available,d_education,155,-0.0031061187916026577,0.4774193548387097
oboe_21,oboe_2010,town_meeting,policy,available,d_gender,40,0.012368551587301598,0.45
oboe_21,oboe_2010,town_meeting,policy,available,d_income,113,0.007659081331647694,0.4778761061946903
oboe_21,oboe_2010,town_meeting,policy,available,h,184,0.026993947193113568,0.5543478260869565
oboe_21,oboe_2010,town_meeting,policy,available,p,175,0.00741836734693877,0.52
oboe_21,oboe_2010,town_meeting,policy,available,p_absolute,184,0.042890571083505864,0.6032608695652174
oboe_22,oboe_2010,town_meeting,policy,available,d_combined,21,0.021527777777777767,0.5714285714285714
oboe_22,oboe_2010,town_meeting,policy,available,d_education,51,0.012033146591970125,0.49019607843137253
oboe_22,oboe_2010,town_meeting,policy,available,d_gender,44,0.041389339826839816,0.5227272727272727
oboe_22,oboe_2010,town_meeting,policy,available,d_income,54,0.04219576719576719,0.5740740740740741
oboe_22,oboe_2010,town_meeting,policy,available,h,58,-0.0033188051596474847,0.39655172413793105
oboe_22,oboe_2010,town_meeting,policy,available,p,54,-0.02768040858318637,0.3888888888888889
oboe_22,oboe_2010,town_meeting,policy,available,p_absolute,58,0.037328954570333875,0.5172413793103449
oboe_24,oboe_2010,town_meeting,policy,available,d_combined,20,-0.01458333333333332,0.45
oboe_24,oboe_2010,town_meeting,policy,available,d_education,26,0.0327838827838828,0.5
oboe_24,oboe_2010,town_meeting,policy,available,d_gender,26,-0.017719780219780237,0.4230769230769231
oboe_24,oboe_2010,town_meeting,policy,available,d_income,26,-0.05128205128205129,0.34615384615384615
oboe_24,oboe_2010,town_meeting,policy,available,h,29,0.007910786477806665,0.4482758620689655
oboe_24,oboe_2010,town_meeting,policy,available,p,28,-0.0336734693877551,0.42857142857142855
oboe_24,oboe_2010,town_meeting,policy,available,p_absolute,29,0.01974548440065681,0.5862068965517241
oboe_27,oboe_2010,town_meeting,policy,available,d_combined,6,-0.027777777777777776,0.5
oboe_27,oboe_2010,town_meeting,policy,available,d_education,24,0.05440228174603174,0.7083333333333334
oboe_27,oboe_2010,town_meeting,policy,available,d_gender,23,0.004214897421419163,0.5217391304347826
oboe_27,oboe_2010,town_meeting,policy,available,d_income,22,0.01423611111111111,0.5909090909090909
oboe_27,oboe_2010,town_meeting,policy,available,h,24,0.010087716282912286,0.5
oboe_27,oboe_2010,town_meeting,policy,available,p,22,-0.029889397218942664,0.36363636363636365
oboe_27,oboe_2010,town_meeting,policy,available,p_absolute,24,0.0055874969937469935,0.4583333333333333
oboe_5,oboe_2010,town_meeting,policy,available,d_combined,83,-0.006431679097341748,0.5180722891566265
oboe_5,oboe_2010,town_meeting,policy,available,d_education,166,0.007933519793459558,0.5060240963855421
oboe_5,oboe_2010,town_meeting,policy,available,d_gender,173,-0.002238164051747871,0.49710982658959535
oboe_5,oboe_2010,town_meeting,policy,available,d_income,155,-8.704557091653817e-4,0.5096774193548387
oboe_5,oboe_2010,town_meeting,policy,available,h,214,-0.006701086873458878,0.4672897196261682
oboe_5,oboe_2010,town_meeting,policy,available,p,199,-0.03436677434793012,0.4221105527638191
oboe_5,oboe_2010,town_meeting,policy,available,p_absolute,214,0.018657283785788462,0.5560747663551402
oboe_6,oboe_2010,town_meeting,policy,available,d_combined,18,-0.012962962962962963,0.3888888888888889
oboe_6,oboe_2010,town_meeting,policy,available,d_education,41,-0.03260743321718932,0.3902439024390244
oboe_6,oboe_2010,town_meeting,policy,available,d_gender,37,-0.008848133848133847,0.40540540540540543
oboe_6,oboe_2010,town_meeting,policy,available,d_income,28,-0.019345238095238092,0.39285714285714285
oboe_6,oboe_2010,town_meeting,policy,available,h,46,0.017922372278232485,0.45652173913043476
oboe_6,oboe_2010,town_meeting,policy,available,p,42,0.00904195011337868,0.5714285714285714
oboe_6,oboe_2010,town_meeting,policy,available,p_absolute,46,0.0425983436853002,0.6304347826086957
oboe_7,oboe_2010,town_meeting,policy,available,d_combined,24,-0.02626901455026455,0.375
oboe_7,oboe_2010,town_meeting,policy,available,d_education,52,-0.0072630494505494395,0.46153846153846156
oboe_7,oboe_2010,town_meeting,policy,available,d_gender,30,0.028042328042328042,0.5333333333333333
oboe_7,oboe_2010,town_meeting,policy,available,d_income,39,-0.019953194953194944,0.41025641025641024
oboe_7,oboe_2010,town_meeting,policy,available,h,54,0.02109082260067018,0.5185185185185185
oboe_7,oboe_2010,town_meeting,policy,available,p,52,0.030795940170940162,0.5961538461538461
oboe_7,oboe_2010,town_meeting,policy,available,p_absolute,54,0.0647633744855967,0.6851851851851852
oboe_8,oboe_2010,town_meeting,policy,available,d_combined,11,0.04207251082251082,0.6363636363636364
oboe_8,oboe_2010,town_meeting,policy,available,d_education,47,0.025439040864572788,0.574468085106383
oboe_8,oboe_2010,town_meeting,policy,available,d_gender,45,0.010749559082892409,0.4666666666666667
oboe_8,oboe_2010,town_meeting,policy,available,d_income,37,5.845130845130839e-4,0.4864864864864865
oboe_8,oboe_2010,town_meeting,policy,available,h,54,0.009326182196384016,0.5185185185185185
oboe_8,oboe_2010,town_meeting,policy,available,p,49,1.2957563977971187e-4,0.4897959183673469
oboe_8,oboe_2010,town_meeting,policy,available,p_absolute,54,0.021298133450911225,0.5555555555555556
shizuoka_2019,shizuoka_2019,deliberative_mini_public,policy,available,d_combined,0,NA,NA
shizuoka_2019,shizuoka_2019,deliberative_mini_public,policy,available,d_education,75,0.027447089947089935,0.52
shizuoka_2019,shizuoka_2019,deliberative_mini_public,policy,available,d_gender,57,-0.005734823169033693,0.40350877192982454
shizuoka_2019,shizuoka_2019,deliberative_mini_public,policy,available,d_income,0,NA,NA
shizuoka_2019,shizuoka_2019,deliberative_mini_public,policy,available,h,80,0.007147592832535148,0.5
shizuoka_2019,shizuoka_2019,deliberative_mini_public,policy,available,p,78,-0.016165547415547408,0.41025641025641024
shizuoka_2019,shizuoka_2019,deliberative_mini_public,policy,available,p_absolute,80,0.007068452380952402,0.4375
shizuoka_2019,shizuoka_2019,deliberative_mini_public,belief,available,d_combined,0,NA,NA
shizuoka_2019,shizuoka_2019,deliberative_mini_public,belief,available,d_education,8,-0.01438492063492064,0.375
shizuoka_2019,shizuoka_2019,deliberative_mini_public,belief,available,d_gender,5,-0.0621031746031746,0.2
shizuoka_2019,shizuoka_2019,deliberative_mini_public,belief,available,d_income,0,NA,NA
shizuoka_2019,shizuoka_2019,deliberative_mini_public,belief,available,h,8,0.022269624090187994,0.625
shizuoka_2019,shizuoka_2019,deliberative_mini_public,belief,available,p,7,0.02636054421768707,0.5714285714285714
shizuoka_2019,shizuoka_2019,deliberative_mini_public,belief,available,p_absolute,8,0.03478422619047618,0.625
tanzania_2015,tanzania_2015,deliberative_poll,policy,available,d_combined,0,NA,NA
tanzania_2015,tanzania_2015,deliberative_poll,policy,available,d_education,0,NA,NA
tanzania_2015,tanzania_2015,deliberative_poll,policy,available,d_gender,517,-0.00840860085540938,0.4526112185686654
tanzania_2015,tanzania_2015,deliberative_poll,policy,available,d_income,0,NA,NA
tanzania_2015,tanzania_2015,deliberative_poll,policy,available,h,525,-0.00556495482044937,0.4857142857142857
tanzania_2015,tanzania_2015,deliberative_poll,policy,available,p,519,-0.036964365114654125,0.371868978805395
tanzania_2015,tanzania_2015,deliberative_poll,policy,available,p_absolute,525,-0.005957962672248376,0.4419047619047619
whatsapp_gen_HH,whatsapp,dyadic_online_gen_HH,affect,available,d_combined,0,NA,NA
whatsapp_gen_HH,whatsapp,dyadic_online_gen_HH,affect,available,d_education,0,NA,NA
whatsapp_gen_HH,whatsapp,dyadic_online_gen_HH,affect,available,d_gender,0,NA,NA
whatsapp_gen_HH,whatsapp,dyadic_online_gen_HH,affect,available,d_income,0,NA,NA
whatsapp_gen_HH,whatsapp,dyadic_online_gen_HH,affect,available,h,0,NA,NA
whatsapp_gen_HH,whatsapp,dyadic_online_gen_HH,affect,available,p,0,NA,NA
whatsapp_gen_HH,whatsapp,dyadic_online_gen_HH,affect,available,p_absolute,0,NA,NA
whatsapp_gen_HH,whatsapp,dyadic_online_gen_HH,stereotype_judgment,available,d_combined,0,NA,NA
whatsapp_gen_HH,whatsapp,dyadic_online_gen_HH,stereotype_judgment,available,d_education,0,NA,NA
whatsapp_gen_HH,whatsapp,dyadic_online_gen_HH,stereotype_judgment,available,d_gender,0,NA,NA
whatsapp_gen_HH,whatsapp,dyadic_online_gen_HH,stereotype_judgment,available,d_income,0,NA,NA
whatsapp_gen_HH,whatsapp,dyadic_online_gen_HH,stereotype_judgment,available,h,0,NA,NA
whatsapp_gen_HH,whatsapp,dyadic_online_gen_HH,stereotype_judgment,available,p,0,NA,NA
whatsapp_gen_HH,whatsapp,dyadic_online_gen_HH,stereotype_judgment,available,p_absolute,0,NA,NA
whatsapp_gen_HM,whatsapp,dyadic_online_gen_HM,affect,available,d_combined,0,NA,NA
whatsapp_gen_HM,whatsapp,dyadic_online_gen_HM,affect,available,d_education,0,NA,NA
whatsapp_gen_HM,whatsapp,dyadic_online_gen_HM,affect,available,d_gender,0,NA,NA
whatsapp_gen_HM,whatsapp,dyadic_online_gen_HM,affect,available,d_income,0,NA,NA
whatsapp_gen_HM,whatsapp,dyadic_online_gen_HM,affect,available,h,0,NA,NA
whatsapp_gen_HM,whatsapp,dyadic_online_gen_HM,affect,available,p,0,NA,NA
whatsapp_gen_HM,whatsapp,dyadic_online_gen_HM,affect,available,p_absolute,0,NA,NA
whatsapp_gen_HM,whatsapp,dyadic_online_gen_HM,stereotype_judgment,available,d_combined,0,NA,NA
whatsapp_gen_HM,whatsapp,dyadic_online_gen_HM,stereotype_judgment,available,d_education,0,NA,NA
whatsapp_gen_HM,whatsapp,dyadic_online_gen_HM,stereotype_judgment,available,d_gender,0,NA,NA
whatsapp_gen_HM,whatsapp,dyadic_online_gen_HM,stereotype_judgment,available,d_income,0,NA,NA
whatsapp_gen_HM,whatsapp,dyadic_online_gen_HM,stereotype_judgment,available,h,0,NA,NA
whatsapp_gen_HM,whatsapp,dyadic_online_gen_HM,stereotype_judgment,available,p,0,NA,NA
whatsapp_gen_HM,whatsapp,dyadic_online_gen_HM,stereotype_judgment,available,p_absolute,0,NA,NA
whatsapp_igr_HH,whatsapp,dyadic_online_igr_HH,affect,available,d_combined,0,NA,NA
whatsapp_igr_HH,whatsapp,dyadic_online_igr_HH,affect,available,d_education,0,NA,NA
whatsapp_igr_HH,whatsapp,dyadic_online_igr_HH,affect,available,d_gender,0,NA,NA
whatsapp_igr_HH,whatsapp,dyadic_online_igr_HH,affect,available,d_income,0,NA,NA
whatsapp_igr_HH,whatsapp,dyadic_online_igr_HH,affect,available,h,0,NA,NA
whatsapp_igr_HH,whatsapp,dyadic_online_igr_HH,affect,available,p,0,NA,NA
whatsapp_igr_HH,whatsapp,dyadic_online_igr_HH,affect,available,p_absolute,0,NA,NA
whatsapp_igr_HH,whatsapp,dyadic_online_igr_HH,stereotype_judgment,available,d_combined,0,NA,NA
whatsapp_igr_HH,whatsapp,dyadic_online_igr_HH,stereotype_judgment,available,d_education,0,NA,NA
whatsapp_igr_HH,whatsapp,dyadic_online_igr_HH,stereotype_judgment,available,d_gender,0,NA,NA
whatsapp_igr_HH,whatsapp,dyadic_online_igr_HH,stereotype_judgment,available,d_income,0,NA,NA
whatsapp_igr_HH,whatsapp,dyadic_online_igr_HH,stereotype_judgment,available,h,0,NA,NA
whatsapp_igr_HH,whatsapp,dyadic_online_igr_HH,stereotype_judgment,available,p,0,NA,NA
whatsapp_igr_HH,whatsapp,dyadic_online_igr_HH,stereotype_judgment,available,p_absolute,0,NA,NA
whatsapp_igr_HM,whatsapp,dyadic_online_igr_HM,affect,available,d_combined,0,NA,NA
whatsapp_igr_HM,whatsapp,dyadic_online_igr_HM,affect,available,d_education,0,NA,NA
whatsapp_igr_HM,whatsapp,dyadic_online_igr_HM,affect,available,d_gender,0,NA,NA
whatsapp_igr_HM,whatsapp,dyadic_online_igr_HM,affect,available,d_income,0,NA,NA
whatsapp_igr_HM,whatsapp,dyadic_online_igr_HM,affect,available,h,0,NA,NA
whatsapp_igr_HM,whatsapp,dyadic_online_igr_HM,affect,available,p,0,NA,NA
whatsapp_igr_HM,whatsapp,dyadic_online_igr_HM,affect,available,p_absolute,0,NA,NA
whatsapp_igr_HM,whatsapp,dyadic_online_igr_HM,stereotype_judgment,available,d_combined,0,NA,NA
whatsapp_igr_HM,whatsapp,dyadic_online_igr_HM,stereotype_judgment,available,d_education,0,NA,NA
whatsapp_igr_HM,whatsapp,dyadic_online_igr_HM,stereotype_judgment,available,d_gender,0,NA,NA
whatsapp_igr_HM,whatsapp,dyadic_online_igr_HM,stereotype_judgment,available,d_income,0,NA,NA
whatsapp_igr_HM,whatsapp,dyadic_online_igr_HM,stereotype_judgment,available,h,0,NA,NA
whatsapp_igr_HM,whatsapp,dyadic_online_igr_HM,stereotype_judgment,available,p,0,NA,NA
whatsapp_igr_HM,whatsapp,dyadic_online_igr_HM,stereotype_judgment,available,p_absolute,0,NA,NA
