study_id,study_label,panel_label,format,construct,membership,metric,pairs,mean,positive_fraction,zero_fraction,mean_absolute
original,Corrected original,Corrected original,original,policy,available,h,2480,0.012849354473943484,0.5858870967741936,0.018548387096774192,0.052107200419463755
original,Corrected original,Corrected original,original,policy,available,p,2431,-0.022210725585501453,0.4397367338543809,0.03126285479226656,0.08866743425605338
original,Corrected original,Corrected original,original,policy,available,d_gender,2436,0.0017542999619123444,0.47126436781609193,0.029967159277504107,0.08888636510526712
original,Corrected original,Corrected original,original,policy,available,d_education,2385,0.010042515830050875,0.5232704402515723,0.03018867924528302,0.08964404482091187
original,Corrected original,Corrected original,original,policy,available,d_income,1144,0.0015062635914549556,0.5052447552447552,0.011363636363636364,0.09566267671421898
original,Corrected original,Corrected original,original,policy,available,d_combined,983,0.012851849946904416,0.5188199389623601,0.011190233977619531,0.09456870557144638
original,Corrected original,Corrected original,original,policy,available,p_absolute,2480,0.008838345608620544,0.5157258064516129,0.03387096774193549,0.0750645273329038
original,Corrected original,Corrected original,original,policy,paired,h,2480,0.012289850724591189,0.5741935483870968,0.031451612903225803,0.05288305920513015
original,Corrected original,Corrected original,original,policy,paired,p,2434,-0.022365708624233774,0.42769104354971244,0.049301561216105176,0.08826705291831259
original,Corrected original,Corrected original,original,policy,paired,d_gender,2433,0.0019169913027719183,0.46280312371557747,0.04808877928483354,0.08853837254384608
original,Corrected original,Corrected original,original,policy,paired,d_education,2383,0.01107427032423586,0.5119597146454049,0.04699958036088964,0.08943973950740071
original,Corrected original,Corrected original,original,policy,paired,d_income,1135,0.002937421993993166,0.4995594713656388,0.029955947136563875,0.09466623211572743
original,Corrected original,Corrected original,original,policy,paired,d_combined,972,0.013983383950957108,0.5216049382716049,0.0257201646090535,0.09470754242586867
original,Corrected original,Corrected original,original,policy,paired,p_absolute,2480,0.007890874242023347,0.5016129032258064,0.05524193548387097,0.07486099980599122
a1r_2019,A1R 2019,A1R 2019,deliberative_poll,policy,available,h,1880,0.03525434660561116,0.699468085106383,0,0.062408361258391484
a1r_2019,A1R 2019,A1R 2019,deliberative_poll,policy,available,p,1857,0.012982148812116515,0.5901992460958535,0.015616585891222402,0.10151502501865992
a1r_2019,A1R 2019,A1R 2019,deliberative_poll,policy,available,d_gender,1858,0.005919640923004756,0.5053821313240043,0.015608180839612486,0.10223061063144487
a1r_2019,A1R 2019,A1R 2019,deliberative_poll,policy,available,d_education,0,NA,NA,NA,NA
a1r_2019,A1R 2019,A1R 2019,deliberative_poll,policy,available,d_income,0,NA,NA,NA,NA
a1r_2019,A1R 2019,A1R 2019,deliberative_poll,policy,available,d_combined,0,NA,NA,NA,NA
a1r_2019,A1R 2019,A1R 2019,deliberative_poll,policy,available,p_absolute,1880,0.04539137008086478,0.6803191489361702,0.01702127659574468,0.08900900097243182
a1r_2019,A1R 2019,A1R 2019,deliberative_poll,policy,paired,h,1880,0.034405451603256525,0.6930851063829787,0.0026595744680851063,0.06226242839791623
a1r_2019,A1R 2019,A1R 2019,deliberative_poll,policy,paired,p,1854,0.014421923665451204,0.5814455231930961,0.024271844660194174,0.10166153740182866
a1r_2019,A1R 2019,A1R 2019,deliberative_poll,policy,paired,d_gender,1853,0.006968575587032138,0.5018888289260658,0.024284943335132217,0.10257589160854137
a1r_2019,A1R 2019,A1R 2019,deliberative_poll,policy,paired,d_education,0,NA,NA,NA,NA
a1r_2019,A1R 2019,A1R 2019,deliberative_poll,policy,paired,d_income,0,NA,NA,NA,NA
a1r_2019,A1R 2019,A1R 2019,deliberative_poll,policy,paired,d_combined,0,NA,NA,NA,NA
a1r_2019,A1R 2019,A1R 2019,deliberative_poll,policy,paired,p_absolute,1880,0.0470754011059862,0.674468085106383,0.027659574468085105,0.08937630115156711
oboe,"Our Budget, Our Economy","Our Budget, Our Economy",town_meeting,policy,available,h,1982,0.017410601544338725,0.5105953582240161,0.026236125126135216,0.09219995643283135
oboe,"Our Budget, Our Economy","Our Budget, Our Economy",town_meeting,policy,available,p,1846,-0.017210865230231416,0.4647887323943662,0.04983748645720477,0.12620888012613363
oboe,"Our Budget, Our Economy","Our Budget, Our Economy",town_meeting,policy,available,d_gender,1103,0.007784072102975074,0.4913871260199456,0.05258386219401632,0.13688511360202205
oboe,"Our Budget, Our Economy","Our Budget, Our Economy",town_meeting,policy,available,d_education,1697,0.004829048545901824,0.5008839127872716,0.040070713022981735,0.13082792526664064
oboe,"Our Budget, Our Economy","Our Budget, Our Economy",town_meeting,policy,available,d_income,1690,0.009912896932127714,0.493491124260355,0.05207100591715976,0.13522249118402965
oboe,"Our Budget, Our Economy","Our Budget, Our Economy",town_meeting,policy,available,d_combined,520,0.011796016483516466,0.5038461538461538,0.04423076923076923,0.13695436507936506
oboe,"Our Budget, Our Economy","Our Budget, Our Economy",town_meeting,policy,available,p_absolute,1998,0.03806970300025858,0.5835835835835835,0.06456456456456457,0.1086595659512326
oboe,"Our Budget, Our Economy","Our Budget, Our Economy",town_meeting,policy,paired,h,1937,0.008476485300053646,0.4434692823954569,0.1254517294785751,0.08815548629387697
oboe,"Our Budget, Our Economy","Our Budget, Our Economy",town_meeting,policy,paired,p,1827,-0.019434724720028523,0.39299397920087575,0.16694033935413247,0.11431715406469103
oboe,"Our Budget, Our Economy","Our Budget, Our Economy",town_meeting,policy,paired,d_gender,969,0.005135694628728641,0.4324045407636739,0.15789473684210525,0.11570685291660522
oboe,"Our Budget, Our Economy","Our Budget, Our Economy",town_meeting,policy,paired,d_education,1493,0.0025259411645881737,0.44608171466845276,0.14333556597454788,0.11438498708257581
oboe,"Our Budget, Our Economy","Our Budget, Our Economy",town_meeting,policy,paired,d_income,1486,0.005872601956888649,0.4407806191117093,0.1601615074024226,0.11778150302292296
oboe,"Our Budget, Our Economy","Our Budget, Our Economy",town_meeting,policy,paired,d_combined,397,-0.0044265523169805246,0.4332493702770781,0.15113350125944586,0.11066230858422293
oboe,"Our Budget, Our Economy","Our Budget, Our Economy",town_meeting,policy,paired,p_absolute,1986,0.027521170015505362,0.4874118831822759,0.19385699899295064,0.09701466815326337
hongkong,Hong Kong,Hong Kong: facilitated,facilitated_discussion,policy,available,h,1,-0.14461132959494832,0,0,0.14461132959494832
hongkong,Hong Kong,Hong Kong: facilitated,facilitated_discussion,policy,available,p,1,0,0,1,0
hongkong,Hong Kong,Hong Kong: facilitated,facilitated_discussion,policy,available,d_gender,0,NA,NA,NA,NA
hongkong,Hong Kong,Hong Kong: facilitated,facilitated_discussion,policy,available,d_education,0,NA,NA,NA,NA
hongkong,Hong Kong,Hong Kong: facilitated,facilitated_discussion,policy,available,d_income,0,NA,NA,NA,NA
hongkong,Hong Kong,Hong Kong: facilitated,facilitated_discussion,policy,available,d_combined,0,NA,NA,NA,NA
hongkong,Hong Kong,Hong Kong: facilitated,facilitated_discussion,policy,available,p_absolute,1,0,0,1,0
hongkong,Hong Kong,Hong Kong: facilitated,facilitated_discussion,policy,paired,h,1,-0.14461132959494832,0,0,0.14461132959494832
hongkong,Hong Kong,Hong Kong: facilitated,facilitated_discussion,policy,paired,p,1,0,0,1,0
hongkong,Hong Kong,Hong Kong: facilitated,facilitated_discussion,policy,paired,d_gender,0,NA,NA,NA,NA
hongkong,Hong Kong,Hong Kong: facilitated,facilitated_discussion,policy,paired,d_education,0,NA,NA,NA,NA
hongkong,Hong Kong,Hong Kong: facilitated,facilitated_discussion,policy,paired,d_income,0,NA,NA,NA,NA
hongkong,Hong Kong,Hong Kong: facilitated,facilitated_discussion,policy,paired,d_combined,0,NA,NA,NA,NA
hongkong,Hong Kong,Hong Kong: facilitated,facilitated_discussion,policy,paired,p_absolute,1,0,0,1,0
hongkong,Hong Kong,Hong Kong: casual,casual_discussion,policy,available,h,1,-0.04034096487552652,0,0,0.04034096487552652
hongkong,Hong Kong,Hong Kong: casual,casual_discussion,policy,available,p,0,NA,NA,NA,NA
hongkong,Hong Kong,Hong Kong: casual,casual_discussion,policy,available,d_gender,0,NA,NA,NA,NA
hongkong,Hong Kong,Hong Kong: casual,casual_discussion,policy,available,d_education,0,NA,NA,NA,NA
hongkong,Hong Kong,Hong Kong: casual,casual_discussion,policy,available,d_income,0,NA,NA,NA,NA
hongkong,Hong Kong,Hong Kong: casual,casual_discussion,policy,available,d_combined,0,NA,NA,NA,NA
hongkong,Hong Kong,Hong Kong: casual,casual_discussion,policy,available,p_absolute,1,0.033333333333333326,1,0,0.033333333333333326
hongkong,Hong Kong,Hong Kong: casual,casual_discussion,policy,paired,h,1,-0.04034096487552652,0,0,0.04034096487552652
hongkong,Hong Kong,Hong Kong: casual,casual_discussion,policy,paired,p,0,NA,NA,NA,NA
hongkong,Hong Kong,Hong Kong: casual,casual_discussion,policy,paired,d_gender,0,NA,NA,NA,NA
hongkong,Hong Kong,Hong Kong: casual,casual_discussion,policy,paired,d_education,0,NA,NA,NA,NA
hongkong,Hong Kong,Hong Kong: casual,casual_discussion,policy,paired,d_income,0,NA,NA,NA,NA
hongkong,Hong Kong,Hong Kong: casual,casual_discussion,policy,paired,d_combined,0,NA,NA,NA,NA
hongkong,Hong Kong,Hong Kong: casual,casual_discussion,policy,paired,p_absolute,1,0.033333333333333326,1,0,0.033333333333333326
tanzania,Tanzania,Tanzania,deliberative_poll,policy,available,h,525,-0.00556495482044937,0.4857142857142857,0.0038095238095238095,0.06643759603008167
tanzania,Tanzania,Tanzania,deliberative_poll,policy,available,p,519,-0.036964365114654125,0.371868978805395,0.019267822736030827,0.11323584144393392
tanzania,Tanzania,Tanzania,deliberative_poll,policy,available,d_gender,517,-0.00840860085540938,0.4526112185686654,0.019342359767891684,0.11339002604960051
tanzania,Tanzania,Tanzania,deliberative_poll,policy,available,d_education,0,NA,NA,NA,NA
tanzania,Tanzania,Tanzania,deliberative_poll,policy,available,d_income,0,NA,NA,NA,NA
tanzania,Tanzania,Tanzania,deliberative_poll,policy,available,d_combined,0,NA,NA,NA,NA
tanzania,Tanzania,Tanzania,deliberative_poll,policy,available,p_absolute,525,-0.005957962672248376,0.4419047619047619,0.01904761904761905,0.10163354846211987
tanzania,Tanzania,Tanzania,deliberative_poll,policy,paired,h,525,-0.005110639111677843,0.4780952380952381,0.007619047619047619,0.06690218057937412
tanzania,Tanzania,Tanzania,deliberative_poll,policy,paired,p,520,-0.03830942401615479,0.37115384615384617,0.025,0.1148059958204189
tanzania,Tanzania,Tanzania,deliberative_poll,policy,paired,d_gender,517,-0.005371478403393306,0.46034816247582205,0.025145067698259187,0.11388262446773087
tanzania,Tanzania,Tanzania,deliberative_poll,policy,paired,d_education,0,NA,NA,NA,NA
tanzania,Tanzania,Tanzania,deliberative_poll,policy,paired,d_income,0,NA,NA,NA,NA
tanzania,Tanzania,Tanzania,deliberative_poll,policy,paired,d_combined,0,NA,NA,NA,NA
tanzania,Tanzania,Tanzania,deliberative_poll,policy,paired,p_absolute,525,-0.007626856212570503,0.43047619047619046,0.02666666666666667,0.10158876097447525
a1r_climate,A1R Climate,A1R Climate,deliberative_poll,climate_belief,available,h,419,0.04373518205327465,0.7374701670644391,0.00954653937947494,0.06634547639364546
a1r_climate,A1R Climate,A1R Climate,deliberative_poll,climate_belief,available,p,418,0.04355242239934754,0.7272727272727273,0.03588516746411483,0.07259657281065245
a1r_climate,A1R Climate,A1R Climate,deliberative_poll,climate_belief,available,d_gender,405,0.001565487788254662,0.4419753086419753,0.03209876543209877,0.07147854072418343
a1r_climate,A1R Climate,A1R Climate,deliberative_poll,climate_belief,available,d_education,377,0.016164712028146257,0.5570291777188329,0.03713527851458886,0.07042645910546518
a1r_climate,A1R Climate,A1R Climate,deliberative_poll,climate_belief,available,d_income,395,0.008369925371228432,0.5063291139240507,0.03291139240506329,0.07107758281678608
a1r_climate,A1R Climate,A1R Climate,deliberative_poll,climate_belief,available,d_combined,230,0.012915261528752588,0.5347826086956522,0.02608695652173913,0.07188056966477682
a1r_climate,A1R Climate,A1R Climate,deliberative_poll,climate_belief,available,p_absolute,420,0.046183276321406556,0.7333333333333333,0.04047619047619048,0.07097158535131225
a1r_climate,A1R Climate,A1R Climate,deliberative_poll,climate_belief,paired,h,419,0.04381114643142114,0.7326968973747017,0.014319809069212411,0.06678593505344513
a1r_climate,A1R Climate,A1R Climate,deliberative_poll,climate_belief,paired,p,419,0.04492753006037435,0.7279236276849642,0.059665871121718374,0.07309654879025228
a1r_climate,A1R Climate,A1R Climate,deliberative_poll,climate_belief,paired,d_gender,404,0.0010043622534522414,0.42326732673267325,0.054455445544554455,0.07185069607881926
a1r_climate,A1R Climate,A1R Climate,deliberative_poll,climate_belief,paired,d_education,376,0.018869077900093227,0.5531914893617021,0.06382978723404255,0.07133305157417329
a1r_climate,A1R Climate,A1R Climate,deliberative_poll,climate_belief,paired,d_income,396,0.009603262218569707,0.5126262626262627,0.05808080808080808,0.07163558595543888
a1r_climate,A1R Climate,A1R Climate,deliberative_poll,climate_belief,paired,d_combined,230,0.01347475421708159,0.5217391304347826,0.05217391304347826,0.07249928140912795
a1r_climate,A1R Climate,A1R Climate,deliberative_poll,climate_belief,paired,p_absolute,420,0.04776084697670833,0.7333333333333333,0.06666666666666667,0.07108199540499961
a1r_climate,A1R Climate,A1R Climate,deliberative_poll,environmental_concern,available,h,315,0.03335597381582283,0.6825396825396826,0.009523809523809525,0.06158697733270729
a1r_climate,A1R Climate,A1R Climate,deliberative_poll,environmental_concern,available,p,311,0.034479975187370684,0.6977491961414791,0.04180064308681672,0.07376771317285787
a1r_climate,A1R Climate,A1R Climate,deliberative_poll,environmental_concern,available,d_gender,311,-0.003149911108583316,0.47266881028938906,0.04180064308681672,0.07520151606164467
a1r_climate,A1R Climate,A1R Climate,deliberative_poll,environmental_concern,available,d_education,281,0.018981079976474587,0.6156583629893239,0.042704626334519574,0.07215707582255625
a1r_climate,A1R Climate,A1R Climate,deliberative_poll,environmental_concern,available,d_income,296,0.014000075562575556,0.5337837837837838,0.037162162162162164,0.07608340327090327
a1r_climate,A1R Climate,A1R Climate,deliberative_poll,environmental_concern,available,d_combined,174,0.008495615176649672,0.5172413793103449,0.05172413793103448,0.06967297868159938
a1r_climate,A1R Climate,A1R Climate,deliberative_poll,environmental_concern,available,p_absolute,315,0.04764940879226594,0.746031746031746,0.04126984126984127,0.07043965205869968
a1r_climate,A1R Climate,A1R Climate,deliberative_poll,environmental_concern,paired,h,315,0.03285394653833588,0.6857142857142857,0.009523809523809525,0.06063961110198228
a1r_climate,A1R Climate,A1R Climate,deliberative_poll,environmental_concern,paired,p,310,0.03416993937961679,0.6870967741935484,0.03870967741935484,0.07360098324614454
a1r_climate,A1R Climate,A1R Climate,deliberative_poll,environmental_concern,paired,d_gender,310,-0.0029299098013519306,0.46774193548387094,0.03870967741935484,0.07501790592919626
a1r_climate,A1R Climate,A1R Climate,deliberative_poll,environmental_concern,paired,d_education,280,0.019599770036219613,0.6107142857142858,0.039285714285714285,0.07247403489367775
a1r_climate,A1R Climate,A1R Climate,deliberative_poll,environmental_concern,paired,d_income,296,0.01278297247047247,0.5371621621621622,0.033783783783783786,0.07569335600585601
a1r_climate,A1R Climate,A1R Climate,deliberative_poll,environmental_concern,paired,d_combined,175,0.009042162599305466,0.5142857142857142,0.045714285714285714,0.06973096268810554
a1r_climate,A1R Climate,A1R Climate,deliberative_poll,environmental_concern,paired,p_absolute,315,0.04748829829782211,0.7365079365079366,0.0380952380952381,0.07018651013889109
a1r_climate,A1R Climate,A1R Climate,deliberative_poll,policy,available,h,6786,0.03047816315354245,0.6534040671971706,0.007073386383731211,0.06897174250457216
a1r_climate,A1R Climate,A1R Climate,deliberative_poll,policy,available,p,6730,0.021567336422233255,0.611887072808321,0.02838038632986627,0.08481438563936815
a1r_climate,A1R Climate,A1R Climate,deliberative_poll,policy,available,d_gender,6531,0.001372333375596089,0.48752105343745217,0.028173327208696985,0.08447639510587035
a1r_climate,A1R Climate,A1R Climate,deliberative_poll,policy,available,d_education,5950,0.00964008807005595,0.5280672268907562,0.02621848739495798,0.08375936991140895
a1r_climate,A1R Climate,A1R Climate,deliberative_poll,policy,available,d_income,6405,0.005383312975922136,0.4967993754879001,0.027478532396565183,0.08431893548304213
a1r_climate,A1R Climate,A1R Climate,deliberative_poll,policy,available,d_combined,3682,0.006487374745514521,0.503530689842477,0.022813688212927757,0.08204834627798492
a1r_climate,A1R Climate,A1R Climate,deliberative_poll,policy,available,p_absolute,6825,0.036789983660668844,0.6553846153846153,0.03164835164835165,0.07922048320254527
a1r_climate,A1R Climate,A1R Climate,deliberative_poll,policy,paired,h,6784,0.02991307667891467,0.644310141509434,0.013119103773584906,0.06919340963885505
a1r_climate,A1R Climate,A1R Climate,deliberative_poll,policy,paired,p,6726,0.024019739394995177,0.6098721379720488,0.05233422539399346,0.08475095841201474
a1r_climate,A1R Climate,A1R Climate,deliberative_poll,policy,paired,d_gender,6502,0.0012378687510321662,0.474930790525992,0.049215625961242696,0.08436277953514726
a1r_climate,A1R Climate,A1R Climate,deliberative_poll,policy,paired,d_education,5913,0.00912152330878268,0.5147979029257568,0.047691527143581935,0.08403990204375202
a1r_climate,A1R Climate,A1R Climate,deliberative_poll,policy,paired,d_income,6379,0.0049809711521855374,0.48832105345665466,0.049067251920363694,0.08436312884082678
a1r_climate,A1R Climate,A1R Climate,deliberative_poll,policy,paired,d_combined,3659,0.006010000769075889,0.4911177917463788,0.04318119704837387,0.08274392703783164
a1r_climate,A1R Climate,A1R Climate,deliberative_poll,policy,paired,p_absolute,6825,0.0393452595908963,0.6515750915750915,0.056263736263736264,0.07920482430256182
celaya,Celaya,Celaya,facilitated_discussion,policy,available,h,56,-0.015039695306280335,0.3392857142857143,0.05357142857142857,0.034543039873263626
celaya,Celaya,Celaya,facilitated_discussion,policy,available,p,53,-0.030592991913746634,0.2830188679245283,0.07547169811320754,0.05467205750224618
celaya,Celaya,Celaya,facilitated_discussion,policy,available,d_gender,54,-0.010802469135802469,0.4074074074074074,0.07407407407407407,0.053968253968253964
celaya,Celaya,Celaya,facilitated_discussion,policy,available,d_education,52,-0.018612637362637362,0.3269230769230769,0.057692307692307696,0.05501373626373626
celaya,Celaya,Celaya,facilitated_discussion,policy,available,d_income,53,-0.01680143755615453,0.3584905660377358,0.07547169811320754,0.05498652291105121
celaya,Celaya,Celaya,facilitated_discussion,policy,available,d_combined,30,-0.014444444444444442,0.36666666666666664,0.03333333333333333,0.05333333333333333
celaya,Celaya,Celaya,facilitated_discussion,policy,available,p_absolute,56,-0.013095238095238096,0.375,0.125,0.04302721088435374
celaya,Celaya,Celaya,facilitated_discussion,policy,paired,h,56,-0.015039695306280335,0.3392857142857143,0.05357142857142857,0.034543039873263626
celaya,Celaya,Celaya,facilitated_discussion,policy,paired,p,53,-0.030592991913746634,0.2830188679245283,0.07547169811320754,0.05467205750224618
celaya,Celaya,Celaya,facilitated_discussion,policy,paired,d_gender,54,-0.010802469135802469,0.4074074074074074,0.07407407407407407,0.053968253968253964
celaya,Celaya,Celaya,facilitated_discussion,policy,paired,d_education,52,-0.018612637362637362,0.3269230769230769,0.057692307692307696,0.05501373626373626
celaya,Celaya,Celaya,facilitated_discussion,policy,paired,d_income,53,-0.01680143755615453,0.3584905660377358,0.07547169811320754,0.05498652291105121
celaya,Celaya,Celaya,facilitated_discussion,policy,paired,d_combined,30,-0.014444444444444442,0.36666666666666664,0.03333333333333333,0.05333333333333333
celaya,Celaya,Celaya,facilitated_discussion,policy,paired,p_absolute,56,-0.013095238095238096,0.375,0.125,0.04302721088435374
echo,UK partisan discussion,UK: same-party,partisan_discussion,policy,available,h,188,0.050445335170570926,0.7446808510638298,0.005319148936170213,0.07472859088418721
echo,UK partisan discussion,UK: same-party,partisan_discussion,policy,available,p,188,0.058858704829449514,0.75,0.026595744680851064,0.08732881627828436
echo,UK partisan discussion,UK: same-party,partisan_discussion,policy,available,d_gender,163,-0.022165985003408314,0.44785276073619634,0.012269938650306749,0.0911756256694907
echo,UK partisan discussion,UK: same-party,partisan_discussion,policy,available,d_education,0,NA,NA,NA,NA
echo,UK partisan discussion,UK: same-party,partisan_discussion,policy,available,d_income,0,NA,NA,NA,NA
echo,UK partisan discussion,UK: same-party,partisan_discussion,policy,available,d_combined,0,NA,NA,NA,NA
echo,UK partisan discussion,UK: same-party,partisan_discussion,policy,available,p_absolute,188,0.05899168355285377,0.75,0.026595744680851064,0.08719583755488011
echo,UK partisan discussion,UK: same-party,partisan_discussion,policy,paired,h,188,0.05211885710170279,0.7446808510638298,0.005319148936170213,0.07505900919860642
echo,UK partisan discussion,UK: same-party,partisan_discussion,policy,paired,p,188,0.06023366261398177,0.7606382978723404,0.0425531914893617,0.08701304457953393
echo,UK partisan discussion,UK: same-party,partisan_discussion,policy,paired,d_gender,162,-0.01934156378600824,0.43209876543209874,0.030864197530864196,0.09138300999412109
echo,UK partisan discussion,UK: same-party,partisan_discussion,policy,paired,d_education,0,NA,NA,NA,NA
echo,UK partisan discussion,UK: same-party,partisan_discussion,policy,paired,d_income,0,NA,NA,NA,NA
echo,UK partisan discussion,UK: same-party,partisan_discussion,policy,paired,d_combined,0,NA,NA,NA,NA
echo,UK partisan discussion,UK: same-party,partisan_discussion,policy,paired,p_absolute,188,0.060537613981762925,0.7659574468085106,0.0425531914893617,0.08686106889564336
echo,UK partisan discussion,UK: mixed-party,mixed_partisan_discussion,policy,available,h,160,0.004364887441674871,0.53125,0.0125,0.037639268578774754
echo,UK partisan discussion,UK: mixed-party,mixed_partisan_discussion,policy,available,p,149,-0.01588207094918505,0.38926174496644295,0.053691275167785234,0.06878715244487058
echo,UK partisan discussion,UK: mixed-party,mixed_partisan_discussion,policy,available,d_gender,156,-0.009423076923076912,0.40384615384615385,0.05128205128205128,0.0659447496947497
echo,UK partisan discussion,UK: mixed-party,mixed_partisan_discussion,policy,available,d_education,0,NA,NA,NA,NA
echo,UK partisan discussion,UK: mixed-party,mixed_partisan_discussion,policy,available,d_income,0,NA,NA,NA,NA
echo,UK partisan discussion,UK: mixed-party,mixed_partisan_discussion,policy,available,d_combined,0,NA,NA,NA,NA
echo,UK partisan discussion,UK: mixed-party,mixed_partisan_discussion,policy,available,p_absolute,160,0.016020833333333335,0.54375,0.0625,0.05333630952380953
echo,UK partisan discussion,UK: mixed-party,mixed_partisan_discussion,policy,paired,h,160,0.0052370420347014075,0.54375,0.01875,0.03843223654809279
echo,UK partisan discussion,UK: mixed-party,mixed_partisan_discussion,policy,paired,p,149,-0.012682166826462136,0.40268456375838924,0.08053691275167785,0.06498801534036433
echo,UK partisan discussion,UK: mixed-party,mixed_partisan_discussion,policy,paired,d_gender,156,-0.0059737484737484615,0.4166666666666667,0.08333333333333333,0.06241910866910867
echo,UK partisan discussion,UK: mixed-party,mixed_partisan_discussion,policy,paired,d_education,0,NA,NA,NA,NA
echo,UK partisan discussion,UK: mixed-party,mixed_partisan_discussion,policy,paired,d_income,0,NA,NA,NA,NA
echo,UK partisan discussion,UK: mixed-party,mixed_partisan_discussion,policy,paired,d_combined,0,NA,NA,NA,NA
echo,UK partisan discussion,UK: mixed-party,mixed_partisan_discussion,policy,paired,p_absolute,160,0.014916666666666661,0.525,0.1125,0.049380952380952386
whatsapp,WhatsApp India,WhatsApp: gen_HH,dyadic_online_gen_HH,affect,available,h,940,0.015232885445774018,0.33191489361702126,0.3893617021276596,0.13972881341000126
whatsapp,WhatsApp India,WhatsApp: gen_HH,dyadic_online_gen_HH,affect,available,p,736,-0.06929347826086954,0.19972826086956522,0.3233695652173913,0.13179347826086954
whatsapp,WhatsApp India,WhatsApp: gen_HH,dyadic_online_gen_HH,affect,available,d_gender,0,NA,NA,NA,NA
whatsapp,WhatsApp India,WhatsApp: gen_HH,dyadic_online_gen_HH,affect,available,d_education,206,-0.002427184466019427,0.34951456310679613,0.33495145631067963,0.1359223300970874
whatsapp,WhatsApp India,WhatsApp: gen_HH,dyadic_online_gen_HH,affect,available,d_income,388,0.004510309278350507,0.3479381443298969,0.3247422680412371,0.13273195876288663
whatsapp,WhatsApp India,WhatsApp: gen_HH,dyadic_online_gen_HH,affect,available,d_combined,94,0,0.3404255319148936,0.3723404255319149,0.11436170212765959
whatsapp,WhatsApp India,WhatsApp: gen_HH,dyadic_online_gen_HH,affect,available,p_absolute,990,0.005429292929292966,0.32626262626262625,0.3787878787878788,0.1034090909090909
whatsapp,WhatsApp India,WhatsApp: gen_HH,dyadic_online_gen_HH,affect,paired,h,940,0.015232885445774018,0.33191489361702126,0.3893617021276596,0.13972881341000126
whatsapp,WhatsApp India,WhatsApp: gen_HH,dyadic_online_gen_HH,affect,paired,p,714,-0.0675770308123249,0.19607843137254902,0.3389355742296919,0.12780112044817926
whatsapp,WhatsApp India,WhatsApp: gen_HH,dyadic_online_gen_HH,affect,paired,d_gender,0,NA,NA,NA,NA
whatsapp,WhatsApp India,WhatsApp: gen_HH,dyadic_online_gen_HH,affect,paired,d_education,201,0.0031094527363183847,0.35323383084577115,0.34328358208955223,0.13246268656716417
whatsapp,WhatsApp India,WhatsApp: gen_HH,dyadic_online_gen_HH,affect,paired,d_income,362,0.014157458563535912,0.36187845303867405,0.3425414364640884,0.12603591160220987
whatsapp,WhatsApp India,WhatsApp: gen_HH,dyadic_online_gen_HH,affect,paired,d_combined,94,0,0.3404255319148936,0.3723404255319149,0.11436170212765959
whatsapp,WhatsApp India,WhatsApp: gen_HH,dyadic_online_gen_HH,affect,paired,p_absolute,990,0.007954545454545466,0.3212121212121212,0.4,0.09962121212121214
whatsapp,WhatsApp India,WhatsApp: gen_HH,dyadic_online_gen_HH,stereotype_judgment,available,h,760,-0.001395605489183963,0.2986842105263158,0.4026315789473684,0.1293261086643817
whatsapp,WhatsApp India,WhatsApp: gen_HH,dyadic_online_gen_HH,stereotype_judgment,available,p,0,NA,NA,NA,NA
whatsapp,WhatsApp India,WhatsApp: gen_HH,dyadic_online_gen_HH,stereotype_judgment,available,d_gender,0,NA,NA,NA,NA
whatsapp,WhatsApp India,WhatsApp: gen_HH,dyadic_online_gen_HH,stereotype_judgment,available,d_education,164,-0.022103658536585396,0.3170731707317073,0.29878048780487804,0.13948170731707318
whatsapp,WhatsApp India,WhatsApp: gen_HH,dyadic_online_gen_HH,stereotype_judgment,available,d_income,312,-0.001201923076923057,0.33653846153846156,0.34294871794871795,0.12780448717948717
whatsapp,WhatsApp India,WhatsApp: gen_HH,dyadic_online_gen_HH,stereotype_judgment,available,d_combined,68,-0.012867647058823532,0.29411764705882354,0.4117647058823529,0.1011029411764706
whatsapp,WhatsApp India,WhatsApp: gen_HH,dyadic_online_gen_HH,stereotype_judgment,available,p_absolute,0,NA,NA,NA,NA
whatsapp,WhatsApp India,WhatsApp: gen_HH,dyadic_online_gen_HH,stereotype_judgment,paired,h,760,-0.001395605489183963,0.2986842105263158,0.4026315789473684,0.1293261086643817
whatsapp,WhatsApp India,WhatsApp: gen_HH,dyadic_online_gen_HH,stereotype_judgment,paired,p,0,NA,NA,NA,NA
whatsapp,WhatsApp India,WhatsApp: gen_HH,dyadic_online_gen_HH,stereotype_judgment,paired,d_gender,0,NA,NA,NA,NA
whatsapp,WhatsApp India,WhatsApp: gen_HH,dyadic_online_gen_HH,stereotype_judgment,paired,d_education,158,-0.012658227848101245,0.3227848101265823,0.310126582278481,0.1313291139240506
whatsapp,WhatsApp India,WhatsApp: gen_HH,dyadic_online_gen_HH,stereotype_judgment,paired,d_income,295,-0.0012711864406779307,0.33220338983050846,0.36271186440677966,0.12076271186440676
whatsapp,WhatsApp India,WhatsApp: gen_HH,dyadic_online_gen_HH,stereotype_judgment,paired,d_combined,68,-0.012867647058823532,0.29411764705882354,0.4117647058823529,0.1011029411764706
whatsapp,WhatsApp India,WhatsApp: gen_HH,dyadic_online_gen_HH,stereotype_judgment,paired,p_absolute,0,NA,NA,NA,NA
whatsapp,WhatsApp India,WhatsApp: gen_HM,dyadic_online_gen_HM,affect,available,h,740,0.008838834764831821,0.327027027027027,0.3662162162162162,0.1564712640801313
whatsapp,WhatsApp India,WhatsApp: gen_HM,dyadic_online_gen_HM,affect,available,p,630,-0.07757936507936511,0.1984126984126984,0.3,0.13511904761904758
whatsapp,WhatsApp India,WhatsApp: gen_HM,dyadic_online_gen_HM,affect,available,d_gender,0,NA,NA,NA,NA
whatsapp,WhatsApp India,WhatsApp: gen_HM,dyadic_online_gen_HM,affect,available,d_education,164,0.019054878048780498,0.42073170731707316,0.2804878048780488,0.13795731707317074
whatsapp,WhatsApp India,WhatsApp: gen_HM,dyadic_online_gen_HM,affect,available,d_income,329,0.022036474164133776,0.40425531914893614,0.3130699088145897,0.13373860182370823
whatsapp,WhatsApp India,WhatsApp: gen_HM,dyadic_online_gen_HM,affect,available,d_combined,114,0.02631578947368419,0.4473684210526316,0.24561403508771928,0.14912280701754385
whatsapp,WhatsApp India,WhatsApp: gen_HM,dyadic_online_gen_HM,affect,available,p_absolute,800,-7.812499999999369e-4,0.33125,0.34125,0.11453125
whatsapp,WhatsApp India,WhatsApp: gen_HM,dyadic_online_gen_HM,affect,paired,h,740,0.008838834764831821,0.327027027027027,0.3662162162162162,0.1564712640801313
whatsapp,WhatsApp India,WhatsApp: gen_HM,dyadic_online_gen_HM,affect,paired,p,619,-0.08057350565428106,0.18578352180936994,0.32310177705977383,0.1350969305331179
whatsapp,WhatsApp India,WhatsApp: gen_HM,dyadic_online_gen_HM,affect,paired,d_gender,0,NA,NA,NA,NA
whatsapp,WhatsApp India,WhatsApp: gen_HM,dyadic_online_gen_HM,affect,paired,d_education,146,0.00941780821917804,0.3767123287671233,0.3150684931506849,0.1309931506849315
whatsapp,WhatsApp India,WhatsApp: gen_HM,dyadic_online_gen_HM,affect,paired,d_income,303,0.027640264026402617,0.39933993399339934,0.33003300330033003,0.1291254125412541
whatsapp,WhatsApp India,WhatsApp: gen_HM,dyadic_online_gen_HM,affect,paired,d_combined,97,0.04123711340206183,0.44329896907216493,0.27835051546391754,0.1365979381443299
whatsapp,WhatsApp India,WhatsApp: gen_HM,dyadic_online_gen_HM,affect,paired,p_absolute,800,-0.002656249999999987,0.31625,0.37,0.11203125000000001
whatsapp,WhatsApp India,WhatsApp: gen_HM,dyadic_online_gen_HM,stereotype_judgment,available,h,600,0.025927248643506734,0.3383333333333333,0.37666666666666665,0.15202795795510773
whatsapp,WhatsApp India,WhatsApp: gen_HM,dyadic_online_gen_HM,stereotype_judgment,available,p,0,NA,NA,NA,NA
whatsapp,WhatsApp India,WhatsApp: gen_HM,dyadic_online_gen_HM,stereotype_judgment,available,d_gender,0,NA,NA,NA,NA
whatsapp,WhatsApp India,WhatsApp: gen_HM,dyadic_online_gen_HM,stereotype_judgment,available,d_education,144,0.015625,0.4375,0.2222222222222222,0.15104166666666669
whatsapp,WhatsApp India,WhatsApp: gen_HM,dyadic_online_gen_HM,stereotype_judgment,available,d_income,265,0.014622641509433931,0.3622641509433962,0.3169811320754717,0.13254716981132075
whatsapp,WhatsApp India,WhatsApp: gen_HM,dyadic_online_gen_HM,stereotype_judgment,available,d_combined,106,0.017688679245283025,0.4056603773584906,0.27358490566037735,0.13089622641509435
whatsapp,WhatsApp India,WhatsApp: gen_HM,dyadic_online_gen_HM,stereotype_judgment,available,p_absolute,0,NA,NA,NA,NA
whatsapp,WhatsApp India,WhatsApp: gen_HM,dyadic_online_gen_HM,stereotype_judgment,paired,h,600,0.025927248643506734,0.3383333333333333,0.37666666666666665,0.15202795795510773
whatsapp,WhatsApp India,WhatsApp: gen_HM,dyadic_online_gen_HM,stereotype_judgment,paired,p,0,NA,NA,NA,NA
whatsapp,WhatsApp India,WhatsApp: gen_HM,dyadic_online_gen_HM,stereotype_judgment,paired,d_gender,0,NA,NA,NA,NA
whatsapp,WhatsApp India,WhatsApp: gen_HM,dyadic_online_gen_HM,stereotype_judgment,paired,d_education,129,-0.008720930232558134,0.37209302325581395,0.24806201550387597,0.14244186046511625
whatsapp,WhatsApp India,WhatsApp: gen_HM,dyadic_online_gen_HM,stereotype_judgment,paired,d_income,251,0.01892430278884461,0.3545816733067729,0.3346613545816733,0.12749003984063748
whatsapp,WhatsApp India,WhatsApp: gen_HM,dyadic_online_gen_HM,stereotype_judgment,paired,d_combined,99,0.007575757575757583,0.36363636363636365,0.29292929292929293,0.12878787878787878
whatsapp,WhatsApp India,WhatsApp: gen_HM,dyadic_online_gen_HM,stereotype_judgment,paired,p_absolute,0,NA,NA,NA,NA
whatsapp,WhatsApp India,WhatsApp: igr_HH,dyadic_online_igr_HH,affect,available,h,870,0.012597879434932707,0.3333333333333333,0.37701149425287356,0.13857667378426022
whatsapp,WhatsApp India,WhatsApp: igr_HH,dyadic_online_igr_HH,affect,available,p,687,-0.0827874818049489,0.18340611353711792,0.3042212518195051,0.1381004366812228
whatsapp,WhatsApp India,WhatsApp: igr_HH,dyadic_online_igr_HH,affect,available,d_gender,0,NA,NA,NA,NA
whatsapp,WhatsApp India,WhatsApp: igr_HH,dyadic_online_igr_HH,affect,available,d_education,94,0.009308510638297861,0.3829787234042553,0.20212765957446807,0.16888297872340421
whatsapp,WhatsApp India,WhatsApp: igr_HH,dyadic_online_igr_HH,affect,available,d_income,288,0.00390625,0.3645833333333333,0.2743055555555556,0.13671875
whatsapp,WhatsApp India,WhatsApp: igr_HH,dyadic_online_igr_HH,affect,available,d_combined,16,-0.0078125,0.375,0.3125,0.1328125
whatsapp,WhatsApp India,WhatsApp: igr_HH,dyadic_online_igr_HH,affect,available,p_absolute,920,0.008152173913043494,0.3391304347826087,0.35434782608695653,0.1092391304347826
whatsapp,WhatsApp India,WhatsApp: igr_HH,dyadic_online_igr_HH,affect,paired,h,870,0.012597879434932707,0.3333333333333333,0.37701149425287356,0.13857667378426022
whatsapp,WhatsApp India,WhatsApp: igr_HH,dyadic_online_igr_HH,affect,paired,p,680,-0.08731617647058819,0.17058823529411765,0.3191176470588235,0.13952205882352942
whatsapp,WhatsApp India,WhatsApp: igr_HH,dyadic_online_igr_HH,affect,paired,d_gender,0,NA,NA,NA,NA
whatsapp,WhatsApp India,WhatsApp: igr_HH,dyadic_online_igr_HH,affect,paired,d_education,89,0.008426966292134852,0.3707865168539326,0.21348314606741572,0.17134831460674155
whatsapp,WhatsApp India,WhatsApp: igr_HH,dyadic_online_igr_HH,affect,paired,d_income,281,-4.448398576512396e-4,0.35231316725978645,0.2775800711743772,0.1356761565836299
whatsapp,WhatsApp India,WhatsApp: igr_HH,dyadic_online_igr_HH,affect,paired,d_combined,16,-0.0078125,0.375,0.3125,0.1328125
whatsapp,WhatsApp India,WhatsApp: igr_HH,dyadic_online_igr_HH,affect,paired,p_absolute,920,0.00679347826086954,0.3239130434782609,0.3782608695652174,0.10597826086956515
whatsapp,WhatsApp India,WhatsApp: igr_HH,dyadic_online_igr_HH,stereotype_judgment,available,h,696,-0.0015239370284192753,0.2959770114942529,0.40086206896551724,0.1407101856240472
whatsapp,WhatsApp India,WhatsApp: igr_HH,dyadic_online_igr_HH,stereotype_judgment,available,p,0,NA,NA,NA,NA
whatsapp,WhatsApp India,WhatsApp: igr_HH,dyadic_online_igr_HH,stereotype_judgment,available,d_gender,0,NA,NA,NA,NA
whatsapp,WhatsApp India,WhatsApp: igr_HH,dyadic_online_igr_HH,stereotype_judgment,available,d_education,76,-0.03125,0.2631578947368421,0.3157894736842105,0.1430921052631579
whatsapp,WhatsApp India,WhatsApp: igr_HH,dyadic_online_igr_HH,stereotype_judgment,available,d_income,237,-0.020042194092826995,0.2742616033755274,0.34177215189873417,0.12447257383966247
whatsapp,WhatsApp India,WhatsApp: igr_HH,dyadic_online_igr_HH,stereotype_judgment,available,d_combined,12,0.03125,0.3333333333333333,0.4166666666666667,0.11458333333333334
whatsapp,WhatsApp India,WhatsApp: igr_HH,dyadic_online_igr_HH,stereotype_judgment,available,p_absolute,0,NA,NA,NA,NA
whatsapp,WhatsApp India,WhatsApp: igr_HH,dyadic_online_igr_HH,stereotype_judgment,paired,h,696,-0.0015239370284192753,0.2959770114942529,0.40086206896551724,0.1407101856240472
whatsapp,WhatsApp India,WhatsApp: igr_HH,dyadic_online_igr_HH,stereotype_judgment,paired,p,0,NA,NA,NA,NA
whatsapp,WhatsApp India,WhatsApp: igr_HH,dyadic_online_igr_HH,stereotype_judgment,paired,d_gender,0,NA,NA,NA,NA
whatsapp,WhatsApp India,WhatsApp: igr_HH,dyadic_online_igr_HH,stereotype_judgment,paired,d_education,71,-0.024647887323943646,0.2676056338028169,0.3380281690140845,0.13380281690140844
whatsapp,WhatsApp India,WhatsApp: igr_HH,dyadic_online_igr_HH,stereotype_judgment,paired,d_income,235,-0.02127659574468088,0.2680851063829787,0.3446808510638298,0.12446808510638295
whatsapp,WhatsApp India,WhatsApp: igr_HH,dyadic_online_igr_HH,stereotype_judgment,paired,d_combined,12,0.03125,0.3333333333333333,0.4166666666666667,0.11458333333333334
whatsapp,WhatsApp India,WhatsApp: igr_HH,dyadic_online_igr_HH,stereotype_judgment,paired,p_absolute,0,NA,NA,NA,NA
whatsapp,WhatsApp India,WhatsApp: igr_HM,dyadic_online_igr_HM,affect,available,h,750,0.016499158227686158,0.3293333333333333,0.39866666666666667,0.14236416527889156
whatsapp,WhatsApp India,WhatsApp: igr_HM,dyadic_online_igr_HM,affect,available,p,656,-0.07869664634146335,0.20426829268292682,0.27896341463414637,0.1431021341463414
whatsapp,WhatsApp India,WhatsApp: igr_HM,dyadic_online_igr_HM,affect,available,d_gender,0,NA,NA,NA,NA
whatsapp,WhatsApp India,WhatsApp: igr_HM,dyadic_online_igr_HM,affect,available,d_education,175,-0.04357142857142855,0.2742857142857143,0.21714285714285714,0.1507142857142857
whatsapp,WhatsApp India,WhatsApp: igr_HM,dyadic_online_igr_HM,affect,available,d_income,275,0.013636363636363622,0.3890909090909091,0.26181818181818184,0.14272727272727273
whatsapp,WhatsApp India,WhatsApp: igr_HM,dyadic_online_igr_HM,affect,available,d_combined,67,-0.022388059701492574,0.29850746268656714,0.23880597014925373,0.15671641791044774
whatsapp,WhatsApp India,WhatsApp: igr_HM,dyadic_online_igr_HM,affect,available,p_absolute,830,-0.003915662650602359,0.3096385542168675,0.363855421686747,0.10632530120481926
whatsapp,WhatsApp India,WhatsApp: igr_HM,dyadic_online_igr_HM,affect,paired,h,750,0.016499158227686158,0.3293333333333333,0.39866666666666667,0.14236416527889156
whatsapp,WhatsApp India,WhatsApp: igr_HM,dyadic_online_igr_HM,affect,paired,p,640,-0.08613281250000003,0.165625,0.321875,0.1380859375000002
whatsapp,WhatsApp India,WhatsApp: igr_HM,dyadic_online_igr_HM,affect,paired,d_gender,0,NA,NA,NA,NA
whatsapp,WhatsApp India,WhatsApp: igr_HM,dyadic_online_igr_HM,affect,paired,d_education,144,-0.032118055555555546,0.2708333333333333,0.24305555555555555,0.1449652777777778
whatsapp,WhatsApp India,WhatsApp: igr_HM,dyadic_online_igr_HM,affect,paired,d_income,240,0.021354166666666622,0.3958333333333333,0.2875,0.13802083333333334
whatsapp,WhatsApp India,WhatsApp: igr_HM,dyadic_online_igr_HM,affect,paired,d_combined,52,0.014423076923076964,0.36538461538461536,0.25,0.15384615384615385
whatsapp,WhatsApp India,WhatsApp: igr_HM,dyadic_online_igr_HM,affect,paired,p_absolute,830,-0.008433734939759083,0.28072289156626506,0.40120481927710844,0.10331325301204819
whatsapp,WhatsApp India,WhatsApp: igr_HM,dyadic_online_igr_HM,stereotype_judgment,available,h,600,0.010606601717798205,0.30833333333333335,0.405,0.1479031683981862
whatsapp,WhatsApp India,WhatsApp: igr_HM,dyadic_online_igr_HM,stereotype_judgment,available,p,0,NA,NA,NA,NA
whatsapp,WhatsApp India,WhatsApp: igr_HM,dyadic_online_igr_HM,stereotype_judgment,available,d_gender,0,NA,NA,NA,NA
whatsapp,WhatsApp India,WhatsApp: igr_HM,dyadic_online_igr_HM,stereotype_judgment,available,d_education,153,-0.0392156862745098,0.26143790849673204,0.32679738562091504,0.13562091503267976
whatsapp,WhatsApp India,WhatsApp: igr_HM,dyadic_online_igr_HM,stereotype_judgment,available,d_income,212,-0.004716981132075499,0.330188679245283,0.330188679245283,0.13797169811320756
whatsapp,WhatsApp India,WhatsApp: igr_HM,dyadic_online_igr_HM,stereotype_judgment,available,d_combined,60,-0.01874999999999998,0.35,0.3,0.14375
whatsapp,WhatsApp India,WhatsApp: igr_HM,dyadic_online_igr_HM,stereotype_judgment,available,p_absolute,0,NA,NA,NA,NA
whatsapp,WhatsApp India,WhatsApp: igr_HM,dyadic_online_igr_HM,stereotype_judgment,paired,h,600,0.010606601717798205,0.30833333333333335,0.405,0.1479031683981862
whatsapp,WhatsApp India,WhatsApp: igr_HM,dyadic_online_igr_HM,stereotype_judgment,paired,p,0,NA,NA,NA,NA
whatsapp,WhatsApp India,WhatsApp: igr_HM,dyadic_online_igr_HM,stereotype_judgment,paired,d_gender,0,NA,NA,NA,NA
whatsapp,WhatsApp India,WhatsApp: igr_HM,dyadic_online_igr_HM,stereotype_judgment,paired,d_education,126,-0.026785714285714295,0.2619047619047619,0.36507936507936506,0.1259920634920635
whatsapp,WhatsApp India,WhatsApp: igr_HM,dyadic_online_igr_HM,stereotype_judgment,paired,d_income,184,0.0013586956521739356,0.31521739130434784,0.3804347826086957,0.12635869565217392
whatsapp,WhatsApp India,WhatsApp: igr_HM,dyadic_online_igr_HM,stereotype_judgment,paired,d_combined,47,0.010638297872340424,0.3829787234042553,0.3404255319148936,0.13297872340425532
whatsapp,WhatsApp India,WhatsApp: igr_HM,dyadic_online_igr_HM,stereotype_judgment,paired,p_absolute,0,NA,NA,NA,NA
cross_party,US cross-party conversation,US cross-party conversation,dyadic_cross_party,affect,available,h,1323,0.018540842206622322,0.48677248677248675,0.12169312169312169,0.08028307604083998
cross_party,US cross-party conversation,US cross-party conversation,dyadic_cross_party,affect,available,p,1248,-0.015200320512820498,0.42788461538461536,0.09455128205128205,0.06714743589743591
cross_party,US cross-party conversation,US cross-party conversation,dyadic_cross_party,affect,available,d_gender,624,-0.002724358974358953,0.42948717948717946,0.11057692307692307,0.07424679487179488
cross_party,US cross-party conversation,US cross-party conversation,dyadic_cross_party,affect,available,d_education,0,NA,NA,NA,NA
cross_party,US cross-party conversation,US cross-party conversation,dyadic_cross_party,affect,available,d_income,0,NA,NA,NA,NA
cross_party,US cross-party conversation,US cross-party conversation,dyadic_cross_party,affect,available,d_combined,0,NA,NA,NA,NA
cross_party,US cross-party conversation,US cross-party conversation,dyadic_cross_party,affect,available,p_absolute,1323,0.01060090702947846,0.5003779289493575,0.12093726379440665,0.05383597883597883
cross_party,US cross-party conversation,US cross-party conversation,dyadic_cross_party,affect,paired,h,1323,0.018540842206622322,0.48677248677248675,0.12169312169312169,0.08028307604083998
cross_party,US cross-party conversation,US cross-party conversation,dyadic_cross_party,affect,paired,p,1248,-0.015200320512820498,0.42788461538461536,0.09455128205128205,0.06714743589743591
cross_party,US cross-party conversation,US cross-party conversation,dyadic_cross_party,affect,paired,d_gender,624,-0.002724358974358953,0.42948717948717946,0.11057692307692307,0.07424679487179488
cross_party,US cross-party conversation,US cross-party conversation,dyadic_cross_party,affect,paired,d_education,0,NA,NA,NA,NA
cross_party,US cross-party conversation,US cross-party conversation,dyadic_cross_party,affect,paired,d_income,0,NA,NA,NA,NA
cross_party,US cross-party conversation,US cross-party conversation,dyadic_cross_party,affect,paired,d_combined,0,NA,NA,NA,NA
cross_party,US cross-party conversation,US cross-party conversation,dyadic_cross_party,affect,paired,p_absolute,1323,0.01060090702947846,0.5003779289493575,0.12093726379440665,0.05383597883597883
consensus_1,Consensus: pupils,Consensus: pupils,classroom_discussion,policy,available,h,56,0.023503081176205243,0.5535714285714286,0.08928571428571429,0.06681846281192153
consensus_1,Consensus: pupils,Consensus: pupils,classroom_discussion,policy,available,p,0,NA,NA,NA,NA
consensus_1,Consensus: pupils,Consensus: pupils,classroom_discussion,policy,available,d_gender,41,-0.03570460704607044,0.34146341463414637,0.0975609756097561,0.11382113821138211
consensus_1,Consensus: pupils,Consensus: pupils,classroom_discussion,policy,available,d_education,0,NA,NA,NA,NA
consensus_1,Consensus: pupils,Consensus: pupils,classroom_discussion,policy,available,d_income,0,NA,NA,NA,NA
consensus_1,Consensus: pupils,Consensus: pupils,classroom_discussion,policy,available,d_combined,0,NA,NA,NA,NA
consensus_1,Consensus: pupils,Consensus: pupils,classroom_discussion,policy,available,p_absolute,0,NA,NA,NA,NA
consensus_1,Consensus: pupils,Consensus: pupils,classroom_discussion,policy,paired,h,56,0.023503081176205243,0.5535714285714286,0.08928571428571429,0.06681846281192153
consensus_1,Consensus: pupils,Consensus: pupils,classroom_discussion,policy,paired,p,0,NA,NA,NA,NA
consensus_1,Consensus: pupils,Consensus: pupils,classroom_discussion,policy,paired,d_gender,41,-0.03570460704607044,0.34146341463414637,0.0975609756097561,0.11382113821138211
consensus_1,Consensus: pupils,Consensus: pupils,classroom_discussion,policy,paired,d_education,0,NA,NA,NA,NA
consensus_1,Consensus: pupils,Consensus: pupils,classroom_discussion,policy,paired,d_income,0,NA,NA,NA,NA
consensus_1,Consensus: pupils,Consensus: pupils,classroom_discussion,policy,paired,d_combined,0,NA,NA,NA,NA
consensus_1,Consensus: pupils,Consensus: pupils,classroom_discussion,policy,paired,p_absolute,0,NA,NA,NA,NA
consensus_2,Consensus: students,Consensus: students,laboratory_discussion,policy,available,h,82,0.012582772135979706,0.2804878048780488,0.524390243902439,0.058088751448305755
consensus_2,Consensus: students,Consensus: students,laboratory_discussion,policy,available,p,74,-0.005630630630630633,0.22972972972972974,0.5405405405405406,0.0579954954954955
consensus_2,Consensus: students,Consensus: students,laboratory_discussion,policy,available,d_gender,24,0.0017361111111111201,0.3333333333333333,0.25,0.09895833333333334
consensus_2,Consensus: students,Consensus: students,laboratory_discussion,policy,available,d_education,0,NA,NA,NA,NA
consensus_2,Consensus: students,Consensus: students,laboratory_discussion,policy,available,d_income,0,NA,NA,NA,NA
consensus_2,Consensus: students,Consensus: students,laboratory_discussion,policy,available,d_combined,0,NA,NA,NA,NA
consensus_2,Consensus: students,Consensus: students,laboratory_discussion,policy,available,p_absolute,82,0.024136178861788617,0.34146341463414637,0.5121951219512195,0.04852642276422764
consensus_2,Consensus: students,Consensus: students,laboratory_discussion,policy,paired,h,82,0.012582772135979706,0.2804878048780488,0.524390243902439,0.058088751448305755
consensus_2,Consensus: students,Consensus: students,laboratory_discussion,policy,paired,p,74,-0.005630630630630633,0.22972972972972974,0.5405405405405406,0.0579954954954955
consensus_2,Consensus: students,Consensus: students,laboratory_discussion,policy,paired,d_gender,24,0.0017361111111111201,0.3333333333333333,0.25,0.09895833333333334
consensus_2,Consensus: students,Consensus: students,laboratory_discussion,policy,paired,d_education,0,NA,NA,NA,NA
consensus_2,Consensus: students,Consensus: students,laboratory_discussion,policy,paired,d_income,0,NA,NA,NA,NA
consensus_2,Consensus: students,Consensus: students,laboratory_discussion,policy,paired,d_combined,0,NA,NA,NA,NA
consensus_2,Consensus: students,Consensus: students,laboratory_discussion,policy,paired,p_absolute,82,0.024136178861788617,0.34146341463414637,0.5121951219512195,0.04852642276422764
diplomacy,Diplomacy lab,Diplomacy: structured,triadic_structured_discussion,policy,available,h,27,0.12884132369112694,0.7407407407407407,0.14814814814814814,0.15047649253104853
diplomacy,Diplomacy lab,Diplomacy: structured,triadic_structured_discussion,policy,available,p,22,-0.011363636363636357,0.3181818181818182,0.2727272727272727,0.11742424242424243
diplomacy,Diplomacy lab,Diplomacy: structured,triadic_structured_discussion,policy,available,d_gender,17,0.01470588235294118,0.4117647058823529,0.29411764705882354,0.1323529411764706
diplomacy,Diplomacy lab,Diplomacy: structured,triadic_structured_discussion,policy,available,d_education,0,NA,NA,NA,NA
diplomacy,Diplomacy lab,Diplomacy: structured,triadic_structured_discussion,policy,available,d_income,0,NA,NA,NA,NA
diplomacy,Diplomacy lab,Diplomacy: structured,triadic_structured_discussion,policy,available,d_combined,0,NA,NA,NA,NA
diplomacy,Diplomacy lab,Diplomacy: structured,triadic_structured_discussion,policy,available,p_absolute,27,0.05246913580246914,0.48148148148148145,0.2962962962962963,0.1080246913580247
diplomacy,Diplomacy lab,Diplomacy: structured,triadic_structured_discussion,policy,paired,h,27,0.12884132369112694,0.7407407407407407,0.14814814814814814,0.15047649253104853
diplomacy,Diplomacy lab,Diplomacy: structured,triadic_structured_discussion,policy,paired,p,22,-0.011363636363636357,0.3181818181818182,0.2727272727272727,0.11742424242424243
diplomacy,Diplomacy lab,Diplomacy: structured,triadic_structured_discussion,policy,paired,d_gender,17,0.01470588235294118,0.4117647058823529,0.29411764705882354,0.1323529411764706
diplomacy,Diplomacy lab,Diplomacy: structured,triadic_structured_discussion,policy,paired,d_education,0,NA,NA,NA,NA
diplomacy,Diplomacy lab,Diplomacy: structured,triadic_structured_discussion,policy,paired,d_income,0,NA,NA,NA,NA
diplomacy,Diplomacy lab,Diplomacy: structured,triadic_structured_discussion,policy,paired,d_combined,0,NA,NA,NA,NA
diplomacy,Diplomacy lab,Diplomacy: structured,triadic_structured_discussion,policy,paired,p_absolute,27,0.05246913580246914,0.48148148148148145,0.2962962962962963,0.1080246913580247
diplomacy,Diplomacy lab,Diplomacy: structured,triadic_structured_discussion,social_judgment,available,h,8,0.060217670658965036,0.5,0.25,0.09630206248331663
diplomacy,Diplomacy lab,Diplomacy: structured,triadic_structured_discussion,social_judgment,available,p,5,-8.326672684688675e-18,0.4,0.2,0.06666666666666668
diplomacy,Diplomacy lab,Diplomacy: structured,triadic_structured_discussion,social_judgment,available,d_gender,5,-0.05,0.2,0.2,0.08333333333333336
diplomacy,Diplomacy lab,Diplomacy: structured,triadic_structured_discussion,social_judgment,available,d_education,0,NA,NA,NA,NA
diplomacy,Diplomacy lab,Diplomacy: structured,triadic_structured_discussion,social_judgment,available,d_income,0,NA,NA,NA,NA
diplomacy,Diplomacy lab,Diplomacy: structured,triadic_structured_discussion,social_judgment,available,d_combined,0,NA,NA,NA,NA
diplomacy,Diplomacy lab,Diplomacy: structured,triadic_structured_discussion,social_judgment,available,p_absolute,8,0.03125,0.5,0.25,0.07291666666666669
diplomacy,Diplomacy lab,Diplomacy: structured,triadic_structured_discussion,social_judgment,paired,h,8,0.060217670658965036,0.5,0.25,0.09630206248331663
diplomacy,Diplomacy lab,Diplomacy: structured,triadic_structured_discussion,social_judgment,paired,p,5,-8.326672684688675e-18,0.4,0.2,0.06666666666666668
diplomacy,Diplomacy lab,Diplomacy: structured,triadic_structured_discussion,social_judgment,paired,d_gender,5,-0.05,0.2,0.2,0.08333333333333336
diplomacy,Diplomacy lab,Diplomacy: structured,triadic_structured_discussion,social_judgment,paired,d_education,0,NA,NA,NA,NA
diplomacy,Diplomacy lab,Diplomacy: structured,triadic_structured_discussion,social_judgment,paired,d_income,0,NA,NA,NA,NA
diplomacy,Diplomacy lab,Diplomacy: structured,triadic_structured_discussion,social_judgment,paired,d_combined,0,NA,NA,NA,NA
diplomacy,Diplomacy lab,Diplomacy: structured,triadic_structured_discussion,social_judgment,paired,p_absolute,8,0.03125,0.5,0.25,0.07291666666666669
diplomacy,Diplomacy lab,Diplomacy: unstructured,triadic_unstructured_discussion,policy,available,h,28,0.0640745442510535,0.5714285714285714,0.32142857142857145,0.11108170018843777
diplomacy,Diplomacy lab,Diplomacy: unstructured,triadic_unstructured_discussion,policy,available,p,22,0.04545454545454545,0.4090909090909091,0.5,0.0909090909090909
diplomacy,Diplomacy lab,Diplomacy: unstructured,triadic_unstructured_discussion,policy,available,d_gender,17,-0.06862745098039216,0.11764705882352941,0.5882352941176471,0.08823529411764705
diplomacy,Diplomacy lab,Diplomacy: unstructured,triadic_unstructured_discussion,policy,available,d_education,0,NA,NA,NA,NA
diplomacy,Diplomacy lab,Diplomacy: unstructured,triadic_unstructured_discussion,policy,available,d_income,0,NA,NA,NA,NA
diplomacy,Diplomacy lab,Diplomacy: unstructured,triadic_unstructured_discussion,policy,available,d_combined,0,NA,NA,NA,NA
diplomacy,Diplomacy lab,Diplomacy: unstructured,triadic_unstructured_discussion,policy,available,p_absolute,28,0.08035714285714285,0.5357142857142857,0.42857142857142855,0.0982142857142857
diplomacy,Diplomacy lab,Diplomacy: unstructured,triadic_unstructured_discussion,policy,paired,h,28,0.0640745442510535,0.5714285714285714,0.32142857142857145,0.11108170018843777
diplomacy,Diplomacy lab,Diplomacy: unstructured,triadic_unstructured_discussion,policy,paired,p,22,0.04545454545454545,0.4090909090909091,0.5,0.0909090909090909
diplomacy,Diplomacy lab,Diplomacy: unstructured,triadic_unstructured_discussion,policy,paired,d_gender,17,-0.06862745098039216,0.11764705882352941,0.5882352941176471,0.08823529411764705
diplomacy,Diplomacy lab,Diplomacy: unstructured,triadic_unstructured_discussion,policy,paired,d_education,0,NA,NA,NA,NA
diplomacy,Diplomacy lab,Diplomacy: unstructured,triadic_unstructured_discussion,policy,paired,d_income,0,NA,NA,NA,NA
diplomacy,Diplomacy lab,Diplomacy: unstructured,triadic_unstructured_discussion,policy,paired,d_combined,0,NA,NA,NA,NA
diplomacy,Diplomacy lab,Diplomacy: unstructured,triadic_unstructured_discussion,policy,paired,p_absolute,28,0.08035714285714285,0.5357142857142857,0.42857142857142855,0.0982142857142857
diplomacy,Diplomacy lab,Diplomacy: unstructured,triadic_unstructured_discussion,social_judgment,available,h,7,0.03749375134063141,0.42857142857142855,0.2857142857142857,0.08622416348571697
diplomacy,Diplomacy lab,Diplomacy: unstructured,triadic_unstructured_discussion,social_judgment,available,p,4,0,0.25,0.5,0.04166666666666666
diplomacy,Diplomacy lab,Diplomacy: unstructured,triadic_unstructured_discussion,social_judgment,available,d_gender,3,0.027777777777777773,0.3333333333333333,0.3333333333333333,0.08333333333333331
diplomacy,Diplomacy lab,Diplomacy: unstructured,triadic_unstructured_discussion,social_judgment,available,d_education,0,NA,NA,NA,NA
diplomacy,Diplomacy lab,Diplomacy: unstructured,triadic_unstructured_discussion,social_judgment,available,d_income,0,NA,NA,NA,NA
diplomacy,Diplomacy lab,Diplomacy: unstructured,triadic_unstructured_discussion,social_judgment,available,d_combined,0,NA,NA,NA,NA
diplomacy,Diplomacy lab,Diplomacy: unstructured,triadic_unstructured_discussion,social_judgment,available,p_absolute,7,0.047619047619047616,0.42857142857142855,0.42857142857142855,0.07142857142857142
diplomacy,Diplomacy lab,Diplomacy: unstructured,triadic_unstructured_discussion,social_judgment,paired,h,7,0.03749375134063141,0.42857142857142855,0.2857142857142857,0.08622416348571697
diplomacy,Diplomacy lab,Diplomacy: unstructured,triadic_unstructured_discussion,social_judgment,paired,p,4,0,0.25,0.5,0.04166666666666666
diplomacy,Diplomacy lab,Diplomacy: unstructured,triadic_unstructured_discussion,social_judgment,paired,d_gender,3,0.027777777777777773,0.3333333333333333,0.3333333333333333,0.08333333333333331
diplomacy,Diplomacy lab,Diplomacy: unstructured,triadic_unstructured_discussion,social_judgment,paired,d_education,0,NA,NA,NA,NA
diplomacy,Diplomacy lab,Diplomacy: unstructured,triadic_unstructured_discussion,social_judgment,paired,d_income,0,NA,NA,NA,NA
diplomacy,Diplomacy lab,Diplomacy: unstructured,triadic_unstructured_discussion,social_judgment,paired,d_combined,0,NA,NA,NA,NA
diplomacy,Diplomacy lab,Diplomacy: unstructured,triadic_unstructured_discussion,social_judgment,paired,p_absolute,7,0.047619047619047616,0.42857142857142855,0.42857142857142855,0.07142857142857142
shizuoka,Shizuoka,Shizuoka,deliberative_mini_public,belief,available,h,8,0.022269624090187994,0.625,0,0.06573526186228543
shizuoka,Shizuoka,Shizuoka,deliberative_mini_public,belief,available,p,7,0.02636054421768707,0.5714285714285714,0.14285714285714285,0.07015306122448979
shizuoka,Shizuoka,Shizuoka,deliberative_mini_public,belief,available,d_gender,5,-0.0621031746031746,0.2,0.2,0.08432539682539683
shizuoka,Shizuoka,Shizuoka,deliberative_mini_public,belief,available,d_education,8,-0.01438492063492064,0.375,0.125,0.07353670634920635
shizuoka,Shizuoka,Shizuoka,deliberative_mini_public,belief,available,d_income,0,NA,NA,NA,NA
shizuoka,Shizuoka,Shizuoka,deliberative_mini_public,belief,available,d_combined,0,NA,NA,NA,NA
shizuoka,Shizuoka,Shizuoka,deliberative_mini_public,belief,available,p_absolute,8,0.03478422619047618,0.625,0.125,0.07310267857142858
shizuoka,Shizuoka,Shizuoka,deliberative_mini_public,belief,paired,h,8,0.020608010709928862,0.5,0.125,0.0640736484820263
shizuoka,Shizuoka,Shizuoka,deliberative_mini_public,belief,paired,p,7,0.028273809523809524,0.5714285714285714,0.14285714285714285,0.06058673469387755
shizuoka,Shizuoka,Shizuoka,deliberative_mini_public,belief,paired,d_gender,5,-0.04871031746031745,0.2,0.2,0.07093253968253968
shizuoka,Shizuoka,Shizuoka,deliberative_mini_public,belief,paired,d_education,8,-0.016059027777777787,0.375,0.125,0.06516617063492064
shizuoka,Shizuoka,Shizuoka,deliberative_mini_public,belief,paired,d_income,0,NA,NA,NA,NA
shizuoka,Shizuoka,Shizuoka,deliberative_mini_public,belief,paired,d_combined,0,NA,NA,NA,NA
shizuoka,Shizuoka,Shizuoka,deliberative_mini_public,belief,paired,p_absolute,8,0.03645833333333333,0.625,0.125,0.06473214285714285
shizuoka,Shizuoka,Shizuoka,deliberative_mini_public,policy,available,h,80,0.007147592832535148,0.5,0.0375,0.06349874353925186
shizuoka,Shizuoka,Shizuoka,deliberative_mini_public,policy,available,p,78,-0.016165547415547408,0.41025641025641024,0.10256410256410256,0.10688848188848188
shizuoka,Shizuoka,Shizuoka,deliberative_mini_public,policy,available,d_gender,57,-0.005734823169033693,0.40350877192982454,0.08771929824561403,0.11380012531328321
shizuoka,Shizuoka,Shizuoka,deliberative_mini_public,policy,available,d_education,75,0.027447089947089935,0.52,0.08,0.11218253968253969
shizuoka,Shizuoka,Shizuoka,deliberative_mini_public,policy,available,d_income,0,NA,NA,NA,NA
shizuoka,Shizuoka,Shizuoka,deliberative_mini_public,policy,available,d_combined,0,NA,NA,NA,NA
shizuoka,Shizuoka,Shizuoka,deliberative_mini_public,policy,available,p_absolute,80,0.007068452380952402,0.4375,0.1375,0.08919890873015872
shizuoka,Shizuoka,Shizuoka,deliberative_mini_public,policy,paired,h,80,0.007736137684510636,0.4875,0.05,0.06260583721111658
shizuoka,Shizuoka,Shizuoka,deliberative_mini_public,policy,paired,p,78,-0.014448514448514442,0.41025641025641024,0.11538461538461539,0.10528591778591778
shizuoka,Shizuoka,Shizuoka,deliberative_mini_public,policy,paired,d_gender,57,-0.0046383319409635144,0.40350877192982454,0.10526315789473684,0.11160714285714286
shizuoka,Shizuoka,Shizuoka,deliberative_mini_public,policy,paired,d_education,75,0.027089947089947095,0.52,0.09333333333333334,0.11087301587301587
shizuoka,Shizuoka,Shizuoka,deliberative_mini_public,policy,paired,d_income,0,NA,NA,NA,NA
shizuoka,Shizuoka,Shizuoka,deliberative_mini_public,policy,paired,d_combined,0,NA,NA,NA,NA
shizuoka,Shizuoka,Shizuoka,deliberative_mini_public,policy,paired,p_absolute,80,0.009188988095238111,0.4375,0.15,0.08718998015873015
