key,value,formatted
correctedoriginal.policy.available.h,0.012849354473943484,0.013
correctedoriginal.policy.available.p,-0.022210725585501453,-0.022
correctedoriginal.policy.available.d_gender,0.0017542999619123444,0.002
correctedoriginal.policy.available.d_education,0.010042515830050875,0.010
correctedoriginal.policy.available.d_income,0.0015062635914549556,0.002
correctedoriginal.policy.available.d_combined,0.012851849946904416,0.013
correctedoriginal.policy.available.p_absolute,0.008838345608620544,0.009
correctedoriginal.policy.paired.h,0.012289850724591189,0.012
correctedoriginal.policy.paired.p,-0.022365708624233774,-0.022
correctedoriginal.policy.paired.d_gender,0.0019169913027719183,0.002
correctedoriginal.policy.paired.d_education,0.01107427032423586,0.011
correctedoriginal.policy.paired.d_income,0.002937421993993166,0.003
correctedoriginal.policy.paired.d_combined,0.013983383950957108,0.014
correctedoriginal.policy.paired.p_absolute,0.007890874242023347,0.008
a1r2019.policy.available.h,0.03525434660561116,0.035
a1r2019.policy.available.p,0.012982148812116515,0.013
a1r2019.policy.available.d_gender,0.005919640923004756,0.006
a1r2019.policy.available.p_absolute,0.04539137008086478,0.045
a1r2019.policy.paired.h,0.034405451603256525,0.034
a1r2019.policy.paired.p,0.014421923665451204,0.014
a1r2019.policy.paired.d_gender,0.006968575587032138,0.007
a1r2019.policy.paired.p_absolute,0.0470754011059862,0.047
ourbudgetoureconomy.policy.available.h,0.017410601544338725,0.017
ourbudgetoureconomy.policy.available.p,-0.017210865230231416,-0.017
ourbudgetoureconomy.policy.available.d_gender,0.007784072102975074,0.008
ourbudgetoureconomy.policy.available.d_education,0.004829048545901824,0.005
ourbudgetoureconomy.policy.available.d_income,0.009912896932127714,0.010
ourbudgetoureconomy.policy.available.d_combined,0.011796016483516466,0.012
ourbudgetoureconomy.policy.available.p_absolute,0.03806970300025858,0.038
ourbudgetoureconomy.policy.paired.h,0.008476485300053646,0.008
ourbudgetoureconomy.policy.paired.p,-0.019434724720028523,-0.019
ourbudgetoureconomy.policy.paired.d_gender,0.005135694628728641,0.005
ourbudgetoureconomy.policy.paired.d_education,0.0025259411645881737,0.003
ourbudgetoureconomy.policy.paired.d_income,0.005872601956888649,0.006
ourbudgetoureconomy.policy.paired.d_combined,-0.0044265523169805246,-0.004
ourbudgetoureconomy.policy.paired.p_absolute,0.027521170015505362,0.028
hongkongfacilitated.policy.available.h,-0.14461132959494832,-0.145
hongkongfacilitated.policy.available.p,0,0.000
hongkongfacilitated.policy.available.p_absolute,0,0.000
hongkongfacilitated.policy.paired.h,-0.14461132959494832,-0.145
hongkongfacilitated.policy.paired.p,0,0.000
hongkongfacilitated.policy.paired.p_absolute,0,0.000
hongkongcasual.policy.available.h,-0.04034096487552652,-0.040
hongkongcasual.policy.available.p_absolute,0.033333333333333326,0.033
hongkongcasual.policy.paired.h,-0.04034096487552652,-0.040
hongkongcasual.policy.paired.p_absolute,0.033333333333333326,0.033
tanzania.policy.available.h,-0.00556495482044937,-0.006
tanzania.policy.available.p,-0.036964365114654125,-0.037
tanzania.policy.available.d_gender,-0.00840860085540938,-0.008
tanzania.policy.available.p_absolute,-0.005957962672248376,-0.006
tanzania.policy.paired.h,-0.005110639111677843,-0.005
tanzania.policy.paired.p,-0.03830942401615479,-0.038
tanzania.policy.paired.d_gender,-0.005371478403393306,-0.005
tanzania.policy.paired.p_absolute,-0.007626856212570503,-0.008
a1rclimate.climate_belief.available.h,0.04373518205327465,0.044
a1rclimate.climate_belief.available.p,0.04355242239934754,0.044
a1rclimate.climate_belief.available.d_gender,0.001565487788254662,0.002
a1rclimate.climate_belief.available.d_education,0.016164712028146257,0.016
a1rclimate.climate_belief.available.d_income,0.008369925371228432,0.008
a1rclimate.climate_belief.available.d_combined,0.012915261528752588,0.013
a1rclimate.climate_belief.available.p_absolute,0.046183276321406556,0.046
a1rclimate.climate_belief.paired.h,0.04381114643142114,0.044
a1rclimate.climate_belief.paired.p,0.04492753006037435,0.045
a1rclimate.climate_belief.paired.d_gender,0.0010043622534522414,0.001
a1rclimate.climate_belief.paired.d_education,0.018869077900093227,0.019
a1rclimate.climate_belief.paired.d_income,0.009603262218569707,0.010
a1rclimate.climate_belief.paired.d_combined,0.01347475421708159,0.013
a1rclimate.climate_belief.paired.p_absolute,0.04776084697670833,0.048
a1rclimate.environmental_concern.available.h,0.03335597381582283,0.033
a1rclimate.environmental_concern.available.p,0.034479975187370684,0.034
a1rclimate.environmental_concern.available.d_gender,-0.003149911108583316,-0.003
a1rclimate.environmental_concern.available.d_education,0.018981079976474587,0.019
a1rclimate.environmental_concern.available.d_income,0.014000075562575556,0.014
a1rclimate.environmental_concern.available.d_combined,0.008495615176649672,0.008
a1rclimate.environmental_concern.available.p_absolute,0.04764940879226594,0.048
a1rclimate.environmental_concern.paired.h,0.03285394653833588,0.033
a1rclimate.environmental_concern.paired.p,0.03416993937961679,0.034
a1rclimate.environmental_concern.paired.d_gender,-0.0029299098013519306,-0.003
a1rclimate.environmental_concern.paired.d_education,0.019599770036219613,0.020
a1rclimate.environmental_concern.paired.d_income,0.01278297247047247,0.013
a1rclimate.environmental_concern.paired.d_combined,0.009042162599305466,0.009
a1rclimate.environmental_concern.paired.p_absolute,0.04748829829782211,0.047
a1rclimate.policy.available.h,0.03047816315354245,0.030
a1rclimate.policy.available.p,0.021567336422233255,0.022
a1rclimate.policy.available.d_gender,0.001372333375596089,0.001
a1rclimate.policy.available.d_education,0.00964008807005595,0.010
a1rclimate.policy.available.d_income,0.005383312975922136,0.005
a1rclimate.policy.available.d_combined,0.006487374745514521,0.006
a1rclimate.policy.available.p_absolute,0.036789983660668844,0.037
a1rclimate.policy.paired.h,0.02991307667891467,0.030
a1rclimate.policy.paired.p,0.024019739394995177,0.024
a1rclimate.policy.paired.d_gender,0.0012378687510321662,0.001
a1rclimate.policy.paired.d_education,0.00912152330878268,0.009
a1rclimate.policy.paired.d_income,0.0049809711521855374,0.005
a1rclimate.policy.paired.d_combined,0.006010000769075889,0.006
a1rclimate.policy.paired.p_absolute,0.0393452595908963,0.039
celaya.policy.available.h,-0.015039695306280335,-0.015
celaya.policy.available.p,-0.030592991913746634,-0.031
celaya.policy.available.d_gender,-0.010802469135802469,-0.011
celaya.policy.available.d_education,-0.018612637362637362,-0.019
celaya.policy.available.d_income,-0.01680143755615453,-0.017
celaya.policy.available.d_combined,-0.014444444444444442,-0.014
celaya.policy.available.p_absolute,-0.013095238095238096,-0.013
celaya.policy.paired.h,-0.015039695306280335,-0.015
celaya.policy.paired.p,-0.030592991913746634,-0.031
celaya.policy.paired.d_gender,-0.010802469135802469,-0.011
celaya.policy.paired.d_education,-0.018612637362637362,-0.019
celaya.policy.paired.d_income,-0.01680143755615453,-0.017
celaya.policy.paired.d_combined,-0.014444444444444442,-0.014
celaya.policy.paired.p_absolute,-0.013095238095238096,-0.013
uksameparty.policy.available.h,0.050445335170570926,0.050
uksameparty.policy.available.p,0.058858704829449514,0.059
uksameparty.policy.available.d_gender,-0.022165985003408314,-0.022
uksameparty.policy.available.p_absolute,0.05899168355285377,0.059
uksameparty.policy.paired.h,0.05211885710170279,0.052
uksameparty.policy.paired.p,0.06023366261398177,0.060
uksameparty.policy.paired.d_gender,-0.01934156378600824,-0.019
uksameparty.policy.paired.p_absolute,0.060537613981762925,0.061
ukmixedparty.policy.available.h,0.004364887441674871,0.004
ukmixedparty.policy.available.p,-0.01588207094918505,-0.016
ukmixedparty.policy.available.d_gender,-0.009423076923076912,-0.009
ukmixedparty.policy.available.p_absolute,0.016020833333333335,0.016
ukmixedparty.policy.paired.h,0.0052370420347014075,0.005
ukmixedparty.policy.paired.p,-0.012682166826462136,-0.013
ukmixedparty.policy.paired.d_gender,-0.0059737484737484615,-0.006
ukmixedparty.policy.paired.p_absolute,0.014916666666666661,0.015
whatsappgenhh.affect.available.h,0.015232885445774018,0.015
whatsappgenhh.affect.available.p,-0.06929347826086954,-0.069
whatsappgenhh.affect.available.d_education,-0.002427184466019427,-0.002
whatsappgenhh.affect.available.d_income,0.004510309278350507,0.005
whatsappgenhh.affect.available.d_combined,0,0.000
whatsappgenhh.affect.available.p_absolute,0.005429292929292966,0.005
whatsappgenhh.affect.paired.h,0.015232885445774018,0.015
whatsappgenhh.affect.paired.p,-0.0675770308123249,-0.068
whatsappgenhh.affect.paired.d_education,0.0031094527363183847,0.003
whatsappgenhh.affect.paired.d_income,0.014157458563535912,0.014
whatsappgenhh.affect.paired.d_combined,0,0.000
whatsappgenhh.affect.paired.p_absolute,0.007954545454545466,0.008
whatsappgenhh.stereotype_judgment.available.h,-0.001395605489183963,-0.001
whatsappgenhh.stereotype_judgment.available.d_education,-0.022103658536585396,-0.022
whatsappgenhh.stereotype_judgment.available.d_income,-0.001201923076923057,-0.001
whatsappgenhh.stereotype_judgment.available.d_combined,-0.012867647058823532,-0.013
whatsappgenhh.stereotype_judgment.paired.h,-0.001395605489183963,-0.001
whatsappgenhh.stereotype_judgment.paired.d_education,-0.012658227848101245,-0.013
whatsappgenhh.stereotype_judgment.paired.d_income,-0.0012711864406779307,-0.001
whatsappgenhh.stereotype_judgment.paired.d_combined,-0.012867647058823532,-0.013
whatsappgenhm.affect.available.h,0.008838834764831821,0.009
whatsappgenhm.affect.available.p,-0.07757936507936511,-0.078
whatsappgenhm.affect.available.d_education,0.019054878048780498,0.019
whatsappgenhm.affect.available.d_income,0.022036474164133776,0.022
whatsappgenhm.affect.available.d_combined,0.02631578947368419,0.026
whatsappgenhm.affect.available.p_absolute,-7.812499999999369e-4,-0.001
whatsappgenhm.affect.paired.h,0.008838834764831821,0.009
whatsappgenhm.affect.paired.p,-0.08057350565428106,-0.081
whatsappgenhm.affect.paired.d_education,0.00941780821917804,0.009
whatsappgenhm.affect.paired.d_income,0.027640264026402617,0.028
whatsappgenhm.affect.paired.d_combined,0.04123711340206183,0.041
whatsappgenhm.affect.paired.p_absolute,-0.002656249999999987,-0.003
whatsappgenhm.stereotype_judgment.available.h,0.025927248643506734,0.026
whatsappgenhm.stereotype_judgment.available.d_education,0.015625,0.016
whatsappgenhm.stereotype_judgment.available.d_income,0.014622641509433931,0.015
whatsappgenhm.stereotype_judgment.available.d_combined,0.017688679245283025,0.018
whatsappgenhm.stereotype_judgment.paired.h,0.025927248643506734,0.026
whatsappgenhm.stereotype_judgment.paired.d_education,-0.008720930232558134,-0.009
whatsappgenhm.stereotype_judgment.paired.d_income,0.01892430278884461,0.019
whatsappgenhm.stereotype_judgment.paired.d_combined,0.007575757575757583,0.008
whatsappigrhh.affect.available.h,0.012597879434932707,0.013
whatsappigrhh.affect.available.p,-0.0827874818049489,-0.083
whatsappigrhh.affect.available.d_education,0.009308510638297861,0.009
whatsappigrhh.affect.available.d_income,0.00390625,0.004
whatsappigrhh.affect.available.d_combined,-0.0078125,-0.008
whatsappigrhh.affect.available.p_absolute,0.008152173913043494,0.008
whatsappigrhh.affect.paired.h,0.012597879434932707,0.013
whatsappigrhh.affect.paired.p,-0.08731617647058819,-0.087
whatsappigrhh.affect.paired.d_education,0.008426966292134852,0.008
whatsappigrhh.affect.paired.d_income,-4.448398576512396e-4,-0.000
whatsappigrhh.affect.paired.d_combined,-0.0078125,-0.008
whatsappigrhh.affect.paired.p_absolute,0.00679347826086954,0.007
whatsappigrhh.stereotype_judgment.available.h,-0.0015239370284192753,-0.002
whatsappigrhh.stereotype_judgment.available.d_education,-0.03125,-0.031
whatsappigrhh.stereotype_judgment.available.d_income,-0.020042194092826995,-0.020
whatsappigrhh.stereotype_judgment.available.d_combined,0.03125,0.031
whatsappigrhh.stereotype_judgment.paired.h,-0.0015239370284192753,-0.002
whatsappigrhh.stereotype_judgment.paired.d_education,-0.024647887323943646,-0.025
whatsappigrhh.stereotype_judgment.paired.d_income,-0.02127659574468088,-0.021
whatsappigrhh.stereotype_judgment.paired.d_combined,0.03125,0.031
whatsappigrhm.affect.available.h,0.016499158227686158,0.016
whatsappigrhm.affect.available.p,-0.07869664634146335,-0.079
whatsappigrhm.affect.available.d_education,-0.04357142857142855,-0.044
whatsappigrhm.affect.available.d_income,0.013636363636363622,0.014
whatsappigrhm.affect.available.d_combined,-0.022388059701492574,-0.022
whatsappigrhm.affect.available.p_absolute,-0.003915662650602359,-0.004
whatsappigrhm.affect.paired.h,0.016499158227686158,0.016
whatsappigrhm.affect.paired.p,-0.08613281250000003,-0.086
whatsappigrhm.affect.paired.d_education,-0.032118055555555546,-0.032
whatsappigrhm.affect.paired.d_income,0.021354166666666622,0.021
whatsappigrhm.affect.paired.d_combined,0.014423076923076964,0.014
whatsappigrhm.affect.paired.p_absolute,-0.008433734939759083,-0.008
whatsappigrhm.stereotype_judgment.available.h,0.010606601717798205,0.011
whatsappigrhm.stereotype_judgment.available.d_education,-0.0392156862745098,-0.039
whatsappigrhm.stereotype_judgment.available.d_income,-0.004716981132075499,-0.005
whatsappigrhm.stereotype_judgment.available.d_combined,-0.01874999999999998,-0.019
whatsappigrhm.stereotype_judgment.paired.h,0.010606601717798205,0.011
whatsappigrhm.stereotype_judgment.paired.d_education,-0.026785714285714295,-0.027
whatsappigrhm.stereotype_judgment.paired.d_income,0.0013586956521739356,0.001
whatsappigrhm.stereotype_judgment.paired.d_combined,0.010638297872340424,0.011
uscrosspartyconversation.affect.available.h,0.018540842206622322,0.019
uscrosspartyconversation.affect.available.p,-0.015200320512820498,-0.015
uscrosspartyconversation.affect.available.d_gender,-0.002724358974358953,-0.003
uscrosspartyconversation.affect.available.p_absolute,0.01060090702947846,0.011
uscrosspartyconversation.affect.paired.h,0.018540842206622322,0.019
uscrosspartyconversation.affect.paired.p,-0.015200320512820498,-0.015
uscrosspartyconversation.affect.paired.d_gender,-0.002724358974358953,-0.003
uscrosspartyconversation.affect.paired.p_absolute,0.01060090702947846,0.011
consensuspupils.policy.available.h,0.023503081176205243,0.024
consensuspupils.policy.available.d_gender,-0.03570460704607044,-0.036
consensuspupils.policy.paired.h,0.023503081176205243,0.024
consensuspupils.policy.paired.d_gender,-0.03570460704607044,-0.036
consensusstudents.policy.available.h,0.012582772135979706,0.013
consensusstudents.policy.available.p,-0.005630630630630633,-0.006
consensusstudents.policy.available.d_gender,0.0017361111111111201,0.002
consensusstudents.policy.available.p_absolute,0.024136178861788617,0.024
consensusstudents.policy.paired.h,0.012582772135979706,0.013
consensusstudents.policy.paired.p,-0.005630630630630633,-0.006
consensusstudents.policy.paired.d_gender,0.0017361111111111201,0.002
consensusstudents.policy.paired.p_absolute,0.024136178861788617,0.024
diplomacystructured.policy.available.h,0.12884132369112694,0.129
diplomacystructured.policy.available.p,-0.011363636363636357,-0.011
diplomacystructured.policy.available.d_gender,0.01470588235294118,0.015
diplomacystructured.policy.available.p_absolute,0.05246913580246914,0.052
diplomacystructured.policy.paired.h,0.12884132369112694,0.129
diplomacystructured.policy.paired.p,-0.011363636363636357,-0.011
diplomacystructured.policy.paired.d_gender,0.01470588235294118,0.015
diplomacystructured.policy.paired.p_absolute,0.05246913580246914,0.052
diplomacystructured.social_judgment.available.h,0.060217670658965036,0.060
diplomacystructured.social_judgment.available.p,-8.326672684688675e-18,-0.000
diplomacystructured.social_judgment.available.d_gender,-0.05,-0.050
diplomacystructured.social_judgment.available.p_absolute,0.03125,0.031
diplomacystructured.social_judgment.paired.h,0.060217670658965036,0.060
diplomacystructured.social_judgment.paired.p,-8.326672684688675e-18,-0.000
diplomacystructured.social_judgment.paired.d_gender,-0.05,-0.050
diplomacystructured.social_judgment.paired.p_absolute,0.03125,0.031
diplomacyunstructured.policy.available.h,0.0640745442510535,0.064
diplomacyunstructured.policy.available.p,0.04545454545454545,0.045
diplomacyunstructured.policy.available.d_gender,-0.06862745098039216,-0.069
diplomacyunstructured.policy.available.p_absolute,0.08035714285714285,0.080
diplomacyunstructured.policy.paired.h,0.0640745442510535,0.064
diplomacyunstructured.policy.paired.p,0.04545454545454545,0.045
diplomacyunstructured.policy.paired.d_gender,-0.06862745098039216,-0.069
diplomacyunstructured.policy.paired.p_absolute,0.08035714285714285,0.080
diplomacyunstructured.social_judgment.available.h,0.03749375134063141,0.037
diplomacyunstructured.social_judgment.available.p,0,0.000
diplomacyunstructured.social_judgment.available.d_gender,0.027777777777777773,0.028
diplomacyunstructured.social_judgment.available.p_absolute,0.047619047619047616,0.048
diplomacyunstructured.social_judgment.paired.h,0.03749375134063141,0.037
diplomacyunstructured.social_judgment.paired.p,0,0.000
diplomacyunstructured.social_judgment.paired.d_gender,0.027777777777777773,0.028
diplomacyunstructured.social_judgment.paired.p_absolute,0.047619047619047616,0.048
shizuoka.belief.available.h,0.022269624090187994,0.022
shizuoka.belief.available.p,0.02636054421768707,0.026
shizuoka.belief.available.d_gender,-0.0621031746031746,-0.062
shizuoka.belief.available.d_education,-0.01438492063492064,-0.014
shizuoka.belief.available.p_absolute,0.03478422619047618,0.035
shizuoka.belief.paired.h,0.020608010709928862,0.021
shizuoka.belief.paired.p,0.028273809523809524,0.028
shizuoka.belief.paired.d_gender,-0.04871031746031745,-0.049
shizuoka.belief.paired.d_education,-0.016059027777777787,-0.016
shizuoka.belief.paired.p_absolute,0.03645833333333333,0.036
shizuoka.policy.available.h,0.007147592832535148,0.007
shizuoka.policy.available.p,-0.016165547415547408,-0.016
shizuoka.policy.available.d_gender,-0.005734823169033693,-0.006
shizuoka.policy.available.d_education,0.027447089947089935,0.027
shizuoka.policy.available.p_absolute,0.007068452380952402,0.007
shizuoka.policy.paired.h,0.007736137684510636,0.008
shizuoka.policy.paired.p,-0.014448514448514442,-0.014
shizuoka.policy.paired.d_gender,-0.0046383319409635144,-0.005
shizuoka.policy.paired.d_education,0.027089947089947095,0.027
shizuoka.policy.paired.p_absolute,0.009188988095238111,0.009
correctedoriginal.components.policy.combined.ext_adv,-0.06194972753295752,-0.062
correctedoriginal.components.policy.combined.ext_dis,0.029751882361977726,0.030
correctedoriginal.components.policy.combined.ext_grp,0.013983383950957108,0.014
correctedoriginal.components.policy.education.ext_adv,-0.02809273602770006,-0.028
correctedoriginal.components.policy.education.ext_dis,0.05236275998543151,0.052
correctedoriginal.components.policy.education.ext_grp,0.01107427032423586,0.011
correctedoriginal.components.policy.gender.ext_adv,-0.0354884061801681,-0.035
correctedoriginal.components.policy.gender.ext_dis,0.03933674714010663,0.039
correctedoriginal.components.policy.gender.ext_grp,0.0019169913027719183,0.002
correctedoriginal.components.policy.income.ext_adv,-0.03282787920553378,-0.033
correctedoriginal.components.policy.income.ext_dis,0.051803459083315066,0.052
correctedoriginal.components.policy.income.ext_grp,0.002937421993993166,0.003
a1r2019.components.policy.gender.ext_adv,-0.035415437234109656,-0.035
a1r2019.components.policy.gender.ext_dis,0.05119757438699694,0.051
a1r2019.components.policy.gender.ext_grp,0.006968575587032129,0.007
ourbudgetoureconomy.components.policy.combined.ext_adv,-0.06601595298068849,-0.066
ourbudgetoureconomy.components.policy.combined.ext_dis,0.021079156989106614,0.021
ourbudgetoureconomy.components.policy.combined.ext_grp,-0.004426552316980521,-0.004
ourbudgetoureconomy.components.policy.education.ext_adv,-0.0524726501451217,-0.052
ourbudgetoureconomy.components.policy.education.ext_dis,0.04744987188892083,0.047
ourbudgetoureconomy.components.policy.education.ext_grp,0.0025259411645881732,0.003
ourbudgetoureconomy.components.policy.gender.ext_adv,-0.05233180991694923,-0.052
ourbudgetoureconomy.components.policy.gender.ext_dis,0.06797262764755026,0.068
ourbudgetoureconomy.components.policy.gender.ext_grp,0.0051356946287286435,0.005
ourbudgetoureconomy.components.policy.income.ext_adv,-0.05423636480164069,-0.054
ourbudgetoureconomy.components.policy.income.ext_dis,0.05951960360187142,0.060
ourbudgetoureconomy.components.policy.income.ext_grp,0.005872601956888651,0.006
tanzania.components.policy.gender.ext_adv,-0.09055121887568696,-0.091
tanzania.components.policy.gender.ext_dis,0.07418266435191001,0.074
tanzania.components.policy.gender.ext_grp,-0.005371478403393303,-0.005
a1rclimate.components.environmental_concern.combined.ext_adv,-0.06663809523809523,-0.067
a1rclimate.components.policy.combined.ext_adv,-0.08402887856427084,-0.084
a1rclimate.components.climate_belief.combined.ext_adv,-0.06378985507246378,-0.064
a1rclimate.components.environmental_concern.combined.ext_dis,0.025222629004981942,0.025
a1rclimate.components.policy.combined.ext_dis,0.023761027953731678,0.024
a1rclimate.components.climate_belief.combined.ext_dis,0.02829523013218666,0.028
a1rclimate.components.environmental_concern.combined.ext_grp,0.009042162599305459,0.009
a1rclimate.components.policy.combined.ext_grp,0.006010000769075888,0.006
a1rclimate.components.climate_belief.combined.ext_grp,0.013474754217081579,0.013
a1rclimate.components.environmental_concern.education.ext_adv,-0.04951785714285714,-0.050
a1rclimate.components.policy.education.ext_adv,-0.06364141157900674,-0.064
a1rclimate.components.climate_belief.education.ext_adv,-0.02602393617021277,-0.026
a1rclimate.components.environmental_concern.education.ext_dis,0.040793328695114414,0.041
a1rclimate.components.policy.education.ext_dis,0.032618380783018014,0.033
a1rclimate.components.climate_belief.education.ext_dis,0.03473371929488951,0.035
a1rclimate.components.environmental_concern.education.ext_grp,0.01959977003621962,0.020
a1rclimate.components.policy.education.ext_grp,0.009121523308782674,0.009
a1rclimate.components.climate_belief.education.ext_grp,0.01886907790009323,0.019
a1rclimate.components.environmental_concern.gender.ext_adv,-0.041041858678955455,-0.041
a1rclimate.components.policy.gender.ext_adv,-0.04763122335984531,-0.048
a1rclimate.components.climate_belief.gender.ext_adv,-0.030134174131698895,-0.030
a1rclimate.components.environmental_concern.gender.ext_dis,0.02388957816377173,0.024
a1rclimate.components.policy.gender.ext_dis,0.045585308519021185,0.046
a1rclimate.components.climate_belief.gender.ext_dis,0.02692002442002443,0.027
a1rclimate.components.environmental_concern.gender.ext_grp,-0.002929909801351928,-0.003
a1rclimate.components.policy.gender.ext_grp,0.0012378687510321356,0.001
a1rclimate.components.climate_belief.gender.ext_grp,0.0010043622534522314,0.001
a1rclimate.components.environmental_concern.income.ext_adv,-0.024970372157872168,-0.025
a1rclimate.components.policy.income.ext_adv,-0.04404837176549045,-0.044
a1rclimate.components.climate_belief.income.ext_adv,-0.02566969296135963,-0.026
a1rclimate.components.environmental_concern.income.ext_dis,0.036872989060489046,0.037
a1rclimate.components.policy.income.ext_dis,0.04134223056036824,0.041
a1rclimate.components.climate_belief.income.ext_dis,0.033976498389377184,0.034
a1rclimate.components.environmental_concern.income.ext_grp,0.012782972470472477,0.013
a1rclimate.components.policy.income.ext_grp,0.004980971152185538,0.005
a1rclimate.components.climate_belief.income.ext_grp,0.00960326221856971,0.010
celaya.components.policy.combined.ext_adv,-0.10833333333333331,-0.108
celaya.components.policy.combined.ext_dis,-0.003571428571428577,-0.004
celaya.components.policy.combined.ext_grp,-0.014444444444444442,-0.014
celaya.components.policy.education.ext_adv,-0.10976419413919415,-0.110
celaya.components.policy.education.ext_dis,0.01213213869463869,0.012
celaya.components.policy.education.ext_grp,-0.018612637362637362,-0.019
celaya.components.policy.gender.ext_adv,-0.08684781011169901,-0.087
celaya.components.policy.gender.ext_dis,0.03384589947089948,0.034
celaya.components.policy.gender.ext_grp,-0.010802469135802469,-0.011
celaya.components.policy.income.ext_adv,-0.07255166217430367,-0.073
celaya.components.policy.income.ext_dis,0.024371069182389942,0.024
celaya.components.policy.income.ext_grp,-0.01680143755615453,-0.017
uksameparty.components.policy.gender.ext_adv,-0.05366696061140507,-0.054
uksameparty.components.policy.gender.ext_dis,0.013196649029982362,0.013
uksameparty.components.policy.gender.ext_grp,-0.019341563786008233,-0.019
ukmixedparty.components.policy.gender.ext_adv,-0.03851495726495728,-0.039
ukmixedparty.components.policy.gender.ext_dis,0.026688034188034174,0.027
ukmixedparty.components.policy.gender.ext_grp,-0.005973748473748472,-0.006
whatsappgenhh.components.affect.combined.ext_adv,-0.09574468085106384,-0.096
whatsappgenhh.components.stereotype_judgment.combined.ext_adv,-0.12867647058823528,-0.129
whatsappgenhh.components.affect.combined.ext_dis,0.09574468085106384,0.096
whatsappgenhh.components.stereotype_judgment.combined.ext_dis,0.10294117647058823,0.103
whatsappgenhh.components.affect.combined.ext_grp,0,0.000
whatsappgenhh.components.stereotype_judgment.combined.ext_grp,-0.012867647058823522,-0.013
whatsappgenhh.components.affect.education.ext_adv,-0.1082089552238806,-0.108
whatsappgenhh.components.stereotype_judgment.education.ext_adv,-0.12658227848101267,-0.127
whatsappgenhh.components.affect.education.ext_dis,0.11442786069651743,0.114
whatsappgenhh.components.stereotype_judgment.education.ext_dis,0.10126582278481013,0.101
whatsappgenhh.components.affect.education.ext_grp,0.003109452736318375,0.003
whatsappgenhh.components.stereotype_judgment.education.ext_grp,-0.012658227848101266,-0.013
whatsappgenhh.components.affect.income.ext_adv,-0.09392265193370163,-0.094
whatsappgenhh.components.stereotype_judgment.income.ext_adv,-0.09661016949152544,-0.097
whatsappgenhh.components.affect.income.ext_dis,0.12223756906077349,0.122
whatsappgenhh.components.stereotype_judgment.income.ext_dis,0.09406779661016952,0.094
whatsappgenhh.components.affect.income.ext_grp,0.014157458563535874,0.014
whatsappgenhh.components.stereotype_judgment.income.ext_grp,-0.001271186440677934,-0.001
whatsappgenhm.components.affect.combined.ext_adv,-0.0695876288659794,-0.070
whatsappgenhm.components.stereotype_judgment.combined.ext_adv,-0.1085858585858586,-0.109
whatsappgenhm.components.affect.combined.ext_dis,0.15206185567010314,0.152
whatsappgenhm.components.stereotype_judgment.combined.ext_dis,0.12373737373737376,0.124
whatsappgenhm.components.affect.combined.ext_grp,0.04123711340206184,0.041
whatsappgenhm.components.stereotype_judgment.combined.ext_grp,0.007575757575757583,0.008
whatsappgenhm.components.affect.education.ext_adv,-0.0684931506849315,-0.068
whatsappgenhm.components.stereotype_judgment.education.ext_adv,-0.12984496124031009,-0.130
whatsappgenhm.components.affect.education.ext_dis,0.0873287671232877,0.087
whatsappgenhm.components.stereotype_judgment.education.ext_dis,0.11240310077519382,0.112
whatsappgenhm.components.affect.education.ext_grp,0.009417808219178089,0.009
whatsappgenhm.components.stereotype_judgment.education.ext_grp,-0.008720930232558127,-0.009
whatsappgenhm.components.affect.income.ext_adv,-0.08993399339933994,-0.090
whatsappgenhm.components.stereotype_judgment.income.ext_adv,-0.10657370517928286,-0.107
whatsappgenhm.components.affect.income.ext_dis,0.14521452145214525,0.145
whatsappgenhm.components.stereotype_judgment.income.ext_dis,0.1444223107569721,0.144
whatsappgenhm.components.affect.income.ext_grp,0.027640264026402652,0.028
whatsappgenhm.components.stereotype_judgment.income.ext_grp,0.018924302788844632,0.019
whatsappigrhh.components.affect.combined.ext_adv,-0.078125,-0.078
whatsappigrhh.components.stereotype_judgment.combined.ext_adv,-0.04166666666666667,-0.042
whatsappigrhh.components.affect.combined.ext_dis,0.0625,0.062
whatsappigrhh.components.stereotype_judgment.combined.ext_dis,0.10416666666666666,0.104
whatsappigrhh.components.affect.combined.ext_grp,-0.0078125,-0.008
whatsappigrhh.components.stereotype_judgment.combined.ext_grp,0.03125,0.031
whatsappigrhh.components.affect.education.ext_adv,-0.10955056179775283,-0.110
whatsappigrhh.components.stereotype_judgment.education.ext_adv,-0.15845070422535215,-0.158
whatsappigrhh.components.affect.education.ext_dis,0.12640449438202248,0.126
whatsappigrhh.components.stereotype_judgment.education.ext_dis,0.10915492957746481,0.109
whatsappigrhh.components.affect.education.ext_grp,0.008426966292134847,0.008
whatsappigrhh.components.stereotype_judgment.education.ext_grp,-0.024647887323943657,-0.025
whatsappigrhh.components.affect.income.ext_adv,-0.11209964412811385,-0.112
whatsappigrhh.components.stereotype_judgment.income.ext_adv,-0.10957446808510636,-0.110
whatsappigrhh.components.affect.income.ext_dis,0.11120996441281128,0.111
whatsappigrhh.components.stereotype_judgment.income.ext_dis,0.06702127659574465,0.067
whatsappigrhh.components.affect.income.ext_grp,-4.448398576511857e-4,-0.000
whatsappigrhh.components.stereotype_judgment.income.ext_grp,-0.021276595744680868,-0.021
whatsappigrhm.components.affect.combined.ext_adv,-0.08653846153846154,-0.087
whatsappigrhm.components.stereotype_judgment.combined.ext_adv,-0.06382978723404256,-0.064
whatsappigrhm.components.affect.combined.ext_dis,0.11538461538461536,0.115
whatsappigrhm.components.stereotype_judgment.combined.ext_dis,0.08510638297872339,0.085
whatsappigrhm.components.affect.combined.ext_grp,0.014423076923076946,0.014
whatsappigrhm.components.stereotype_judgment.combined.ext_grp,0.010638297872340429,0.011
whatsappigrhm.components.affect.education.ext_adv,-0.11458333333333336,-0.115
whatsappigrhm.components.stereotype_judgment.education.ext_adv,-0.10119047619047618,-0.101
whatsappigrhm.components.affect.education.ext_dis,0.0503472222222222,0.050
whatsappigrhm.components.stereotype_judgment.education.ext_dis,0.0476190476190476,0.048
whatsappigrhm.components.affect.education.ext_grp,-0.03211805555555554,-0.032
whatsappigrhm.components.stereotype_judgment.education.ext_grp,-0.026785714285714277,-0.027
whatsappigrhm.components.affect.income.ext_adv,-0.061458333333333316,-0.061
whatsappigrhm.components.stereotype_judgment.income.ext_adv,-0.09103260869565219,-0.091
whatsappigrhm.components.affect.income.ext_dis,0.10416666666666666,0.104
whatsappigrhm.components.stereotype_judgment.income.ext_dis,0.09375,0.094
whatsappigrhm.components.affect.income.ext_grp,0.021354166666666653,0.021
whatsappigrhm.components.stereotype_judgment.income.ext_grp,0.001358695652173907,0.001
uscrosspartyconversation.components.affect.gender.ext_adv,-0.03046474358974359,-0.030
uscrosspartyconversation.components.affect.gender.ext_dis,0.025016025641025636,0.025
uscrosspartyconversation.components.affect.gender.ext_grp,-0.0027243589743589703,-0.003
consensuspupils.components.policy.gender.ext_adv,-0.12398373983739838,-0.124
consensuspupils.components.policy.gender.ext_dis,0.024728997289972892,0.025
consensuspupils.components.policy.gender.ext_grp,-0.03570460704607044,-0.036
consensusstudents.components.policy.gender.ext_adv,-0.026041666666666675,-0.026
consensusstudents.components.policy.gender.ext_dis,-0.010416666666666671,-0.010
consensusstudents.components.policy.gender.ext_grp,0.0017361111111111164,0.002
diplomacystructured.components.policy.gender.ext_adv,-0.0735294117647059,-0.074
diplomacystructured.components.social_judgment.gender.ext_adv,-0.05000000000000001,-0.050
diplomacystructured.components.policy.gender.ext_dis,0.1176470588235294,0.118
diplomacystructured.components.social_judgment.gender.ext_dis,0,0.000
diplomacystructured.components.policy.gender.ext_grp,0.01470588235294118,0.015
diplomacystructured.components.social_judgment.gender.ext_grp,-0.05,-0.050
diplomacyunstructured.components.policy.gender.ext_adv,-0.125,-0.125
diplomacyunstructured.components.social_judgment.gender.ext_adv,0.04166666666666667,0.042
diplomacyunstructured.components.policy.gender.ext_dis,-0.029411764705882346,-0.029
diplomacyunstructured.components.social_judgment.gender.ext_dis,0.04166666666666667,0.042
diplomacyunstructured.components.policy.gender.ext_grp,-0.06862745098039216,-0.069
diplomacyunstructured.components.social_judgment.gender.ext_grp,0.027777777777777773,0.028
shizuoka.components.policy.education.ext_adv,-0.049396825396825404,-0.049
shizuoka.components.belief.education.ext_adv,-0.07269345238095237,-0.073
shizuoka.components.policy.education.ext_dis,0.08743650793650794,0.087
shizuoka.components.belief.education.ext_dis,0.03563988095238095,0.036
shizuoka.components.policy.education.ext_grp,0.02708994708994709,0.027
shizuoka.components.belief.education.ext_grp,-0.016059027777777787,-0.016
shizuoka.components.policy.gender.ext_adv,-0.06390977443609022,-0.064
shizuoka.components.belief.gender.ext_adv,-0.09702380952380951,-0.097
shizuoka.components.policy.gender.ext_dis,0.054824561403508755,0.055
shizuoka.components.belief.gender.ext_dis,-0.041666666666666664,-0.042
shizuoka.components.policy.gender.ext_grp,-0.0046383319409635144,-0.005
shizuoka.components.belief.gender.ext_grp,-0.04871031746031745,-0.049
studies,13,13
families,11,11
participantrecords,6804,"6,804"
sources,12,12
screened,101,101
dpstudies,3,3
extensionstudies,10,10
overall.newdps.policy.paired.equal_family_study.d_gender,-6.341281171805767e-4,-0.06
overall.newdps.policy.paired.equal_family_study.h,0.013524312514703877,1.35
overall.newdps.policy.paired.equal_family_study.p,-0.009544296242965798,-0.95
overall.newdps.policy.paired.equal_family_study.p_absolute,0.017791737067935375,1.78
overall.newdps.policy.paired.equal_family_study.d_combined,0.006010000769075889,0.60
overall.newdps.policy.paired.equal_family_study.d_education,0.00912152330878268,0.91
overall.newdps.policy.paired.equal_family_study.d_income,0.0049809711521855374,0.50
overall.othergroupdiscussions.policy.paired.equal_family_study.d_education,0.0036677502972993032,0.37
overall.othergroupdiscussions.policy.paired.equal_family_study.d_gender,-0.011172317720721804,-1.12
overall.othergroupdiscussions.policy.paired.equal_family_study.d_income,-0.0054644177996329415,-0.55
overall.othergroupdiscussions.policy.paired.equal_family_study.h,0.007596121680837391,0.76
overall.othergroupdiscussions.policy.paired.equal_family_study.p,-0.0035809277240992903,-0.36
overall.othergroupdiscussions.policy.paired.equal_family_study.p_absolute,0.024378128285934487,2.44
overall.othergroupdiscussions.policy.paired.equal_family_study.d_combined,-0.009435498380712483,-0.94
overall.othergroupdiscussions.affect.paired.equal_family_study.h,0.01596650804636559,1.60
overall.othergroupdiscussions.affect.paired.equal_family_study.p,-0.04767271962316476,-4.77
overall.othergroupdiscussions.affect.paired.equal_family_study.p_absolute,0.006006668204004738,0.60
overall.othergroupdiscussions.affect.paired.equal_family_study.d_gender,-0.002724358974358953,-0.27
overall.othergroupdiscussions.affect.paired.equal_family_study.d_combined,0.0178571428571429,1.79
overall.othergroupdiscussions.affect.paired.equal_family_study.d_education,-0.0032327586206897067,-0.32
overall.othergroupdiscussions.affect.paired.equal_family_study.d_income,0.015598650927487391,1.56
overall.newdps.policy.available.equal_family_study.d_gender,-0.0023813068530544783,-0.24
overall.newdps.policy.available.equal_family_study.h,0.013650650029563718,1.37
overall.newdps.policy.available.equal_family_study.p,-0.009844811248739621,-0.98
overall.newdps.policy.available.equal_family_study.p_absolute,0.017566357099259217,1.76
overall.newdps.policy.available.equal_family_study.d_combined,0.006487374745514521,0.65
overall.newdps.policy.available.equal_family_study.d_education,0.00964008807005595,0.96
overall.newdps.policy.available.equal_family_study.d_income,0.005383312975922136,0.54
overall.othergroupdiscussions.policy.available.equal_family_study.d_education,0.004554500376784799,0.46
overall.othergroupdiscussions.policy.available.equal_family_study.d_gender,-0.011438765986234941,-1.14
overall.othergroupdiscussions.policy.available.equal_family_study.d_income,-0.0034442703120134083,-0.34
overall.othergroupdiscussions.policy.available.equal_family_study.h,0.008601906568598761,0.86
overall.othergroupdiscussions.policy.available.equal_family_study.p,-0.0038202143877729927,-0.38
overall.othergroupdiscussions.policy.available.equal_family_study.p_absolute,0.025535342898477358,2.55
overall.othergroupdiscussions.policy.available.equal_family_study.d_combined,-0.001324213980463988,-0.13
overall.othergroupdiscussions.affect.available.equal_family_study.h,0.01596650804636559,1.60
overall.othergroupdiscussions.affect.available.equal_family_study.p,-0.04605992400687163,-4.61
overall.othergroupdiscussions.affect.available.equal_family_study.p_absolute,0.006571639955417177,0.66
overall.othergroupdiscussions.affect.available.equal_family_study.d_gender,-0.002724358974358953,-0.27
overall.othergroupdiscussions.affect.available.equal_family_study.d_combined,0.004725085910652936,0.47
overall.othergroupdiscussions.affect.available.equal_family_study.d_education,-0.006455399061032807,-0.65
overall.othergroupdiscussions.affect.available.equal_family_study.d_income,0.01083984375000003,1.08
overall.originaldps.policy.paired.equal_family_study.h,0.010012939904181893,1.00
overall.originaldps.policy.paired.equal_family_study.p,-0.02277380907917896,-2.28
overall.originaldps.policy.paired.equal_family_study.p_absolute,0.014888587667929876,1.49
overall.originaldps.policy.available.equal_family_study.h,0.010796551892625225,1.08
overall.originaldps.policy.available.equal_family_study.p,-0.02295346333910283,-2.30
overall.originaldps.policy.available.equal_family_study.p_absolute,0.015668071807562172,1.57
overall.originaldps.policy.paired.equal_family_study.d_gender,0.0036842116795856574,0.37
overall.originaldps.policy.paired.equal_family_study.d_education,0.01449805446969374,1.45
overall.originaldps.policy.paired.equal_family_study.d_income,0.005731780285511795,0.57
overall.originaldps.policy.paired.equal_family_study.d_combined,0.015920536176682067,1.59
overall.originaldps.policy.available.equal_family_study.d_gender,0.005272519330190809,0.53
overall.originaldps.policy.available.equal_family_study.d_education,0.01284820207050466,1.28
overall.originaldps.policy.available.equal_family_study.d_income,0.0030460791624454817,0.30
overall.originaldps.policy.available.equal_family_study.d_combined,0.015911675461182453,1.59
overall.newdps.policy.paired.pairs.d_gender,0.002049632421937237,0.20
overall.newdps.policy.paired.pairs.h,0.028831154170230546,2.88
overall.newdps.policy.paired.pairs.p,0.018502649797591614,1.85
overall.newdps.policy.paired.pairs.p_absolute,0.03824800122161667,3.82
overall.newdps.policy.paired.pairs.d_combined,0.006010000769075889,0.60
overall.newdps.policy.paired.pairs.d_education,0.00912152330878268,0.91
overall.newdps.policy.paired.pairs.d_income,0.0049809711521855374,0.50
overall.othergroupdiscussions.policy.paired.pairs.d_education,0.0029846413874191455,0.30
overall.othergroupdiscussions.policy.paired.pairs.d_gender,-0.0015199446512072128,-0.15
overall.othergroupdiscussions.policy.paired.pairs.d_income,0.005091754592241923,0.51
overall.othergroupdiscussions.policy.paired.pairs.h,0.013099274659679909,1.31
overall.othergroupdiscussions.policy.paired.pairs.p,-0.011801174695230192,-1.18
overall.othergroupdiscussions.policy.paired.pairs.p_absolute,0.028403884295509444,2.84
overall.othergroupdiscussions.policy.paired.pairs.d_combined,-0.005130385487528342,-0.51
overall.othergroupdiscussions.affect.paired.pairs.h,0.014865608493082548,1.49
overall.othergroupdiscussions.affect.paired.pairs.p,-0.05936811074083629,-5.94
overall.othergroupdiscussions.affect.paired.pairs.p_absolute,0.003912194118856848,0.39
overall.othergroupdiscussions.affect.paired.pairs.d_gender,-0.002724358974358953,-0.27
overall.othergroupdiscussions.affect.paired.pairs.d_combined,0.0178571428571429,1.79
overall.othergroupdiscussions.affect.paired.pairs.d_education,-0.0032327586206897067,-0.32
overall.othergroupdiscussions.affect.paired.pairs.d_income,0.015598650927487391,1.56
overall.newdps.policy.available.pairs.d_gender,0.0017532175464534177,0.18
overall.newdps.policy.available.pairs.h,0.02939629915109914,2.94
overall.newdps.policy.available.pairs.p,0.016480509441162413,1.65
overall.newdps.policy.available.pairs.p_absolute,0.03611045328636622,3.61
overall.newdps.policy.available.pairs.d_combined,0.006487374745514521,0.65
overall.newdps.policy.available.pairs.d_education,0.00964008807005595,0.96
overall.newdps.policy.available.pairs.d_income,0.005383312975922136,0.54
overall.othergroupdiscussions.policy.available.pairs.d_education,0.005090773018404596,0.51
overall.othergroupdiscussions.policy.available.pairs.d_gender,1.554343328240613e-4,0.02
overall.othergroupdiscussions.policy.available.pairs.d_income,0.009100584982684823,0.91
overall.othergroupdiscussions.policy.available.pairs.h,0.019487152310523517,1.95
overall.othergroupdiscussions.policy.available.pairs.p,-0.010530726352242989,-1.05
overall.othergroupdiscussions.policy.available.pairs.p_absolute,0.03633282943899122,3.63
overall.othergroupdiscussions.policy.available.pairs.d_combined,0.010364718614718611,1.04
overall.othergroupdiscussions.affect.available.pairs.h,0.014865608493082548,1.49
overall.othergroupdiscussions.affect.available.pairs.p,-0.05745387920141434,-5.75
overall.othergroupdiscussions.affect.available.pairs.p_absolute,0.004734731647131442,0.47
overall.othergroupdiscussions.affect.available.pairs.d_gender,-0.002724358974358953,-0.27
overall.othergroupdiscussions.affect.available.pairs.d_combined,0.004725085910652936,0.47
overall.othergroupdiscussions.affect.available.pairs.d_education,-0.006455399061032807,-0.65
overall.othergroupdiscussions.affect.available.pairs.d_income,0.01083984375000003,1.08
overall.originaldps.policy.paired.pairs.h,0.012289850724591189,1.23
overall.originaldps.policy.paired.pairs.p,-0.022365708624233774,-2.24
overall.originaldps.policy.paired.pairs.p_absolute,0.007890874242023347,0.79
overall.originaldps.policy.available.pairs.h,0.012849354473943484,1.28
overall.originaldps.policy.available.pairs.p,-0.022210725585501453,-2.22
overall.originaldps.policy.available.pairs.p_absolute,0.008838345608620544,0.88
overall.originaldps.policy.paired.pairs.d_gender,0.0019169913027719183,0.19
overall.originaldps.policy.paired.pairs.d_education,0.01107427032423586,1.11
overall.originaldps.policy.paired.pairs.d_income,0.002937421993993166,0.29
overall.originaldps.policy.paired.pairs.d_combined,0.013983383950957108,1.40
overall.originaldps.policy.available.pairs.d_gender,0.0017542999619123444,0.18
overall.originaldps.policy.available.pairs.d_education,0.010042515830050875,1.00
overall.originaldps.policy.available.pairs.d_income,0.0015062635914549556,0.15
overall.originaldps.policy.available.pairs.d_combined,0.012851849946904416,1.29
omission.newdps.d_gender.low,-0.005371478403393306,-0.54
omission.newdps.d_gender.high,0.004103222169032152,0.41
omission.newdps.h.low,-0.005110639111677844,-0.51
omission.newdps.h.high,0.032159264141085595,3.22
omission.newdps.p.low,-0.03830942401615479,-3.83
omission.newdps.p.high,0.019220831530223192,1.92
omission.newdps.p_absolute.low,-0.007626856212570504,-0.76
omission.newdps.p_absolute.high,0.04321033034844125,4.32
omission.othergroupdiscussions.d_education.low,-0.008043348099024595,-0.80
omission.othergroupdiscussions.d_education.high,0.014807944127267634,1.48
omission.othergroupdiscussions.d_gender.low,-0.01443392019061189,-1.44
omission.othergroupdiscussions.d_gender.high,-0.008014624402121067,-0.80
omission.othergroupdiscussions.d_income.low,-0.01680143755615453,-1.68
omission.othergroupdiscussions.d_income.high,0.00587260195688865,0.59
omission.othergroupdiscussions.h.low,-0.007116048883537969,-0.71
omission.othergroupdiscussions.h.high,0.024274833166849863,2.43
omission.othergroupdiscussions.p.low,-0.008843567861244283,-0.88
omission.othergroupdiscussions.p.high,9.210829741752672e-4,0.09
omission.othergroupdiscussions.p_absolute.low,0.01733003855581245,1.73
omission.othergroupdiscussions.p_absolute.high,0.030623689349463246,3.06
omission.othergroupdiscussions.d_combined.low,-0.01444444444444444,-1.44
omission.othergroupdiscussions.d_combined.high,-0.004426552316980524,-0.44
omission.originaldps.h.low,0.0089802688449133,0.90
omission.originaldps.h.high,0.013591209795109313,1.36
omission.originaldps.p.low,-0.025752074285803193,-2.58
omission.originaldps.p.high,-0.014112972701827394,-1.41
omission.originaldps.p_absolute.low,0.01291544936949173,1.29
omission.originaldps.p_absolute.high,0.018039453260669636,1.80
omission.originaldps.d_gender.low,0.0016758843363818877,0.17
omission.originaldps.d_gender.high,0.004791264839983482,0.48
omission.originaldps.d_education.low,0.00822348906233392,0.82
omission.originaldps.d_education.high,0.016045363824763598,1.60
omission.originaldps.d_income.low,8.099170582835158e-4,0.08
omission.originaldps.d_income.high,0.008829071011400142,0.88
omission.originaldps.d_combined.low,0.011296642932570078,1.13
omission.originaldps.d_combined.high,0.01887350929697559,1.89
omit_hongkong_h,0.024274833166849863,2.43
