event_id,construct,membership,metric,pairs,mean,positive_fraction,specification
whatsapp_gen_HH,affect,paired,d_combined,76,-0.008223684210526305,0.32894736842105265,exclude_flagged_respondents
whatsapp_gen_HH,affect,paired,d_education,161,-0.0031055900621118214,0.33540372670807456,exclude_flagged_respondents
whatsapp_gen_HH,affect,paired,d_gender,0,NA,NA,exclude_flagged_respondents
whatsapp_gen_HH,affect,paired,d_income,307,0.009771986970684097,0.3485342019543974,exclude_flagged_respondents
whatsapp_gen_HH,affect,paired,h,830,0.014908877916583829,0.3325301204819277,exclude_flagged_respondents
whatsapp_gen_HH,affect,paired,p,676,-0.07174556213017755,0.1863905325443787,exclude_flagged_respondents
whatsapp_gen_HH,affect,paired,p_absolute,960,0.008854166666666692,0.3145833333333333,exclude_flagged_respondents
whatsapp_gen_HH,stereotype_judgment,paired,d_combined,55,0.009090909090909125,0.36363636363636365,exclude_flagged_respondents
whatsapp_gen_HH,stereotype_judgment,paired,d_education,126,0.003968253968253982,0.36507936507936506,exclude_flagged_respondents
whatsapp_gen_HH,stereotype_judgment,paired,d_gender,0,NA,NA,exclude_flagged_respondents
whatsapp_gen_HH,stereotype_judgment,paired,d_income,252,-0.004960317460317433,0.31746031746031744,exclude_flagged_respondents
whatsapp_gen_HH,stereotype_judgment,paired,h,672,-0.002893666143248534,0.2976190476190476,exclude_flagged_respondents
whatsapp_gen_HH,stereotype_judgment,paired,p,0,NA,NA,exclude_flagged_respondents
whatsapp_gen_HH,stereotype_judgment,paired,p_absolute,0,NA,NA,exclude_flagged_respondents
whatsapp_gen_HM,affect,paired,d_combined,73,0.015410958904109581,0.3972602739726027,exclude_flagged_respondents
whatsapp_gen_HM,affect,paired,d_education,136,0.00827205882352939,0.38235294117647056,exclude_flagged_respondents
whatsapp_gen_HM,affect,paired,d_gender,0,NA,NA,exclude_flagged_respondents
whatsapp_gen_HM,affect,paired,d_income,254,0.021653543307086638,0.38188976377952755,exclude_flagged_respondents
whatsapp_gen_HM,affect,paired,h,680,0.004939348839170688,0.3205882352941177,exclude_flagged_respondents
whatsapp_gen_HM,affect,paired,p,611,-0.09063011456628502,0.18166939443535188,exclude_flagged_respondents
whatsapp_gen_HM,affect,paired,p_absolute,800,-0.0042187500000001295,0.3125,exclude_flagged_respondents
whatsapp_gen_HM,stereotype_judgment,paired,d_combined,78,-0.0016025641025641081,0.34615384615384615,exclude_flagged_respondents
whatsapp_gen_HM,stereotype_judgment,paired,d_education,121,-0.003099173553719018,0.39669421487603307,exclude_flagged_respondents
whatsapp_gen_HM,stereotype_judgment,paired,d_gender,0,NA,NA,exclude_flagged_respondents
whatsapp_gen_HM,stereotype_judgment,paired,d_income,214,0.012266355140186907,0.3364485981308411,exclude_flagged_respondents
whatsapp_gen_HM,stereotype_judgment,paired,h,552,0.025299563276149118,0.3278985507246377,exclude_flagged_respondents
whatsapp_gen_HM,stereotype_judgment,paired,p,0,NA,NA,exclude_flagged_respondents
whatsapp_gen_HM,stereotype_judgment,paired,p_absolute,0,NA,NA,exclude_flagged_respondents
whatsapp_igr_HH,affect,paired,d_combined,16,-0.0078125,0.375,exclude_flagged_respondents
whatsapp_igr_HH,affect,paired,d_education,75,-0.0033333333333333127,0.3466666666666667,exclude_flagged_respondents
whatsapp_igr_HH,affect,paired,d_gender,0,NA,NA,exclude_flagged_respondents
whatsapp_igr_HH,affect,paired,d_income,254,0.005413385826771661,0.3661417322834646,exclude_flagged_respondents
whatsapp_igr_HH,affect,paired,h,720,0.012030636207687795,0.33611111111111114,exclude_flagged_respondents
whatsapp_igr_HH,affect,paired,p,638,-0.10050940438871454,0.16614420062695925,exclude_flagged_respondents
whatsapp_igr_HH,affect,paired,p_absolute,890,0.0012640449438202483,0.3101123595505618,exclude_flagged_respondents
whatsapp_igr_HH,stereotype_judgment,paired,d_combined,12,0.03125,0.3333333333333333,exclude_flagged_respondents
whatsapp_igr_HH,stereotype_judgment,paired,d_education,57,-0.024122807017543844,0.2807017543859649,exclude_flagged_respondents
whatsapp_igr_HH,stereotype_judgment,paired,d_gender,0,NA,NA,exclude_flagged_respondents
whatsapp_igr_HH,stereotype_judgment,paired,d_income,210,-0.014880952380952411,0.28095238095238095,exclude_flagged_respondents
whatsapp_igr_HH,stereotype_judgment,paired,h,576,-0.008593311576919865,0.2864583333333333,exclude_flagged_respondents
whatsapp_igr_HH,stereotype_judgment,paired,p,0,NA,NA,exclude_flagged_respondents
whatsapp_igr_HH,stereotype_judgment,paired,p_absolute,0,NA,NA,exclude_flagged_respondents
whatsapp_igr_HM,affect,paired,d_combined,42,0.01488095238095242,0.42857142857142855,exclude_flagged_respondents
whatsapp_igr_HM,affect,paired,d_education,117,-0.025641025641025685,0.3076923076923077,exclude_flagged_respondents
whatsapp_igr_HM,affect,paired,d_gender,0,NA,NA,exclude_flagged_respondents
whatsapp_igr_HM,affect,paired,d_income,187,0.02540106951871659,0.39572192513368987,exclude_flagged_respondents
whatsapp_igr_HM,affect,paired,h,620,0.02223964876312532,0.34838709677419355,exclude_flagged_respondents
whatsapp_igr_HM,affect,paired,p,601,-0.08527454242928455,0.16971713810316139,exclude_flagged_respondents
whatsapp_igr_HM,affect,paired,p_absolute,820,-0.007012195121951285,0.27682926829268295,exclude_flagged_respondents
whatsapp_igr_HM,stereotype_judgment,paired,d_combined,39,0.006410256410256421,0.4358974358974359,exclude_flagged_respondents
whatsapp_igr_HM,stereotype_judgment,paired,d_education,104,-0.02524038461538463,0.27884615384615385,exclude_flagged_respondents
whatsapp_igr_HM,stereotype_judgment,paired,d_gender,0,NA,NA,exclude_flagged_respondents
whatsapp_igr_HM,stereotype_judgment,paired,d_income,145,-0.010344827586206905,0.31724137931034485,exclude_flagged_respondents
whatsapp_igr_HM,stereotype_judgment,paired,h,496,0.01069213882842563,0.3185483870967742,exclude_flagged_respondents
whatsapp_igr_HM,stereotype_judgment,paired,p,0,NA,NA,exclude_flagged_respondents
whatsapp_igr_HM,stereotype_judgment,paired,p_absolute,0,NA,NA,exclude_flagged_respondents
whatsapp_gen_HH,affect,available,d_combined,76,-0.008223684210526305,0.32894736842105265,exclude_flagged_respondents
whatsapp_gen_HH,affect,available,d_education,166,-0.009789156626506014,0.3313253012048193,exclude_flagged_respondents
whatsapp_gen_HH,affect,available,d_gender,0,NA,NA,exclude_flagged_respondents
whatsapp_gen_HH,affect,available,d_income,324,0.006944444444444347,0.3425925925925926,exclude_flagged_respondents
whatsapp_gen_HH,affect,available,h,830,0.014908877916583829,0.3325301204819277,exclude_flagged_respondents
whatsapp_gen_HH,affect,available,p,691,-0.07145441389290882,0.19247467438494936,exclude_flagged_respondents
whatsapp_gen_HH,affect,available,p_absolute,960,0.007942708333333342,0.31979166666666664,exclude_flagged_respondents
whatsapp_gen_HH,stereotype_judgment,available,d_combined,55,0.009090909090909125,0.36363636363636365,exclude_flagged_respondents
whatsapp_gen_HH,stereotype_judgment,available,d_education,132,-0.008522727272727276,0.3560606060606061,exclude_flagged_respondents
whatsapp_gen_HH,stereotype_judgment,available,d_gender,0,NA,NA,exclude_flagged_respondents
whatsapp_gen_HH,stereotype_judgment,available,d_income,262,4.7709923664124125e-4,0.3320610687022901,exclude_flagged_respondents
whatsapp_gen_HH,stereotype_judgment,available,h,672,-0.002893666143248534,0.2976190476190476,exclude_flagged_respondents
whatsapp_gen_HH,stereotype_judgment,available,p,0,NA,NA,exclude_flagged_respondents
whatsapp_gen_HH,stereotype_judgment,available,p_absolute,0,NA,NA,exclude_flagged_respondents
whatsapp_gen_HM,affect,available,d_combined,90,0.001388888888888894,0.4111111111111111,exclude_flagged_respondents
whatsapp_gen_HM,affect,available,d_education,154,0.01866883116883115,0.42857142857142855,exclude_flagged_respondents
whatsapp_gen_HM,affect,available,d_gender,0,NA,NA,exclude_flagged_respondents
whatsapp_gen_HM,affect,available,d_income,280,0.015625,0.3892857142857143,exclude_flagged_respondents
whatsapp_gen_HM,affect,available,h,680,0.004939348839170688,0.3205882352941177,exclude_flagged_respondents
whatsapp_gen_HM,affect,available,p,622,-0.08741961414790994,0.1945337620578778,exclude_flagged_respondents
whatsapp_gen_HM,affect,available,p_absolute,800,-0.0023437500000001027,0.3275,exclude_flagged_respondents
whatsapp_gen_HM,stereotype_judgment,available,d_combined,85,0.011764705882352976,0.4,exclude_flagged_respondents
whatsapp_gen_HM,stereotype_judgment,available,d_education,136,0.022058823529411808,0.4632352941176471,exclude_flagged_respondents
whatsapp_gen_HM,stereotype_judgment,available,d_gender,0,NA,NA,exclude_flagged_respondents
whatsapp_gen_HM,stereotype_judgment,available,d_income,228,0.007675438596491206,0.34649122807017546,exclude_flagged_respondents
whatsapp_gen_HM,stereotype_judgment,available,h,552,0.025299563276149118,0.3278985507246377,exclude_flagged_respondents
whatsapp_gen_HM,stereotype_judgment,available,p,0,NA,NA,exclude_flagged_respondents
whatsapp_gen_HM,stereotype_judgment,available,p_absolute,0,NA,NA,exclude_flagged_respondents
whatsapp_igr_HH,affect,available,d_combined,16,-0.0078125,0.375,exclude_flagged_respondents
whatsapp_igr_HH,affect,available,d_education,75,-0.0033333333333333127,0.3466666666666667,exclude_flagged_respondents
whatsapp_igr_HH,affect,available,d_gender,0,NA,NA,exclude_flagged_respondents
whatsapp_igr_HH,affect,available,d_income,261,0.010057471264367868,0.3793103448275862,exclude_flagged_respondents
whatsapp_igr_HH,affect,available,h,720,0.012030636207687795,0.33611111111111114,exclude_flagged_respondents
whatsapp_igr_HH,affect,available,p,637,-0.09595761381475656,0.17425431711145997,exclude_flagged_respondents
whatsapp_igr_HH,affect,available,p_absolute,890,0.0035112359550562035,0.3235955056179775,exclude_flagged_respondents
whatsapp_igr_HH,stereotype_judgment,available,d_combined,12,0.03125,0.3333333333333333,exclude_flagged_respondents
whatsapp_igr_HH,stereotype_judgment,available,d_education,57,-0.024122807017543844,0.2807017543859649,exclude_flagged_respondents
whatsapp_igr_HH,stereotype_judgment,available,d_gender,0,NA,NA,exclude_flagged_respondents
whatsapp_igr_HH,stereotype_judgment,available,d_income,212,-0.013561320754716999,0.28773584905660377,exclude_flagged_respondents
whatsapp_igr_HH,stereotype_judgment,available,h,576,-0.008593311576919865,0.2864583333333333,exclude_flagged_respondents
whatsapp_igr_HH,stereotype_judgment,available,p,0,NA,NA,exclude_flagged_respondents
whatsapp_igr_HH,stereotype_judgment,available,p_absolute,0,NA,NA,exclude_flagged_respondents
whatsapp_igr_HM,affect,available,d_combined,57,-0.028508771929824595,0.3333333333333333,exclude_flagged_respondents
whatsapp_igr_HM,affect,available,d_education,148,-0.040540540540540536,0.30405405405405406,exclude_flagged_respondents
whatsapp_igr_HM,affect,available,d_gender,0,NA,NA,exclude_flagged_respondents
whatsapp_igr_HM,affect,available,d_income,212,0.025353773584905672,0.4056603773584906,exclude_flagged_respondents
whatsapp_igr_HM,affect,available,h,620,0.02223964876312532,0.34838709677419355,exclude_flagged_respondents
whatsapp_igr_HM,affect,available,p,616,-0.07670454545454543,0.20616883116883117,exclude_flagged_respondents
whatsapp_igr_HM,affect,available,p_absolute,820,-0.0030487804878049367,0.3,exclude_flagged_respondents
whatsapp_igr_HM,stereotype_judgment,available,d_combined,52,-0.026442307692307678,0.38461538461538464,exclude_flagged_respondents
whatsapp_igr_HM,stereotype_judgment,available,d_education,131,-0.040076335877862586,0.2748091603053435,exclude_flagged_respondents
whatsapp_igr_HM,stereotype_judgment,available,d_gender,0,NA,NA,exclude_flagged_respondents
whatsapp_igr_HM,stereotype_judgment,available,d_income,165,-0.008333333333333358,0.34545454545454546,exclude_flagged_respondents
whatsapp_igr_HM,stereotype_judgment,available,h,496,0.01069213882842563,0.3185483870967742,exclude_flagged_respondents
whatsapp_igr_HM,stereotype_judgment,available,p,0,NA,NA,exclude_flagged_respondents
whatsapp_igr_HM,stereotype_judgment,available,p_absolute,0,NA,NA,exclude_flagged_respondents
whatsapp_gen_HH,affect,paired,d_combined,94,0,0.3404255319148936,primary
whatsapp_gen_HH,affect,paired,d_education,201,0.0031094527363183847,0.35323383084577115,primary
whatsapp_gen_HH,affect,paired,d_gender,0,NA,NA,primary
whatsapp_gen_HH,affect,paired,d_income,362,0.014157458563535912,0.36187845303867405,primary
whatsapp_gen_HH,affect,paired,h,940,0.015232885445774018,0.33191489361702126,primary
whatsapp_gen_HH,affect,paired,p,714,-0.0675770308123249,0.19607843137254902,primary
whatsapp_gen_HH,affect,paired,p_absolute,990,0.007954545454545466,0.3212121212121212,primary
whatsapp_gen_HH,stereotype_judgment,paired,d_combined,68,-0.012867647058823532,0.29411764705882354,primary
whatsapp_gen_HH,stereotype_judgment,paired,d_education,158,-0.012658227848101245,0.3227848101265823,primary
whatsapp_gen_HH,stereotype_judgment,paired,d_gender,0,NA,NA,primary
whatsapp_gen_HH,stereotype_judgment,paired,d_income,295,-0.0012711864406779307,0.33220338983050846,primary
whatsapp_gen_HH,stereotype_judgment,paired,h,760,-0.001395605489183963,0.2986842105263158,primary
whatsapp_gen_HH,stereotype_judgment,paired,p,0,NA,NA,primary
whatsapp_gen_HH,stereotype_judgment,paired,p_absolute,0,NA,NA,primary
whatsapp_gen_HM,affect,paired,d_combined,97,0.04123711340206183,0.44329896907216493,primary
whatsapp_gen_HM,affect,paired,d_education,146,0.00941780821917804,0.3767123287671233,primary
whatsapp_gen_HM,affect,paired,d_gender,0,NA,NA,primary
whatsapp_gen_HM,affect,paired,d_income,303,0.027640264026402617,0.39933993399339934,primary
whatsapp_gen_HM,affect,paired,h,740,0.008838834764831821,0.327027027027027,primary
whatsapp_gen_HM,affect,paired,p,619,-0.08057350565428106,0.18578352180936994,primary
whatsapp_gen_HM,affect,paired,p_absolute,800,-0.002656249999999987,0.31625,primary
whatsapp_gen_HM,stereotype_judgment,paired,d_combined,99,0.007575757575757583,0.36363636363636365,primary
whatsapp_gen_HM,stereotype_judgment,paired,d_education,129,-0.008720930232558134,0.37209302325581395,primary
whatsapp_gen_HM,stereotype_judgment,paired,d_gender,0,NA,NA,primary
whatsapp_gen_HM,stereotype_judgment,paired,d_income,251,0.01892430278884461,0.3545816733067729,primary
whatsapp_gen_HM,stereotype_judgment,paired,h,600,0.025927248643506734,0.3383333333333333,primary
whatsapp_gen_HM,stereotype_judgment,paired,p,0,NA,NA,primary
whatsapp_gen_HM,stereotype_judgment,paired,p_absolute,0,NA,NA,primary
whatsapp_igr_HH,affect,paired,d_combined,16,-0.0078125,0.375,primary
whatsapp_igr_HH,affect,paired,d_education,89,0.008426966292134852,0.3707865168539326,primary
whatsapp_igr_HH,affect,paired,d_gender,0,NA,NA,primary
whatsapp_igr_HH,affect,paired,d_income,281,-4.448398576512396e-4,0.35231316725978645,primary
whatsapp_igr_HH,affect,paired,h,870,0.012597879434932707,0.3333333333333333,primary
whatsapp_igr_HH,affect,paired,p,680,-0.08731617647058819,0.17058823529411765,primary
whatsapp_igr_HH,affect,paired,p_absolute,920,0.00679347826086954,0.3239130434782609,primary
whatsapp_igr_HH,stereotype_judgment,paired,d_combined,12,0.03125,0.3333333333333333,primary
whatsapp_igr_HH,stereotype_judgment,paired,d_education,71,-0.024647887323943646,0.2676056338028169,primary
whatsapp_igr_HH,stereotype_judgment,paired,d_gender,0,NA,NA,primary
whatsapp_igr_HH,stereotype_judgment,paired,d_income,235,-0.02127659574468088,0.2680851063829787,primary
whatsapp_igr_HH,stereotype_judgment,paired,h,696,-0.0015239370284192753,0.2959770114942529,primary
whatsapp_igr_HH,stereotype_judgment,paired,p,0,NA,NA,primary
whatsapp_igr_HH,stereotype_judgment,paired,p_absolute,0,NA,NA,primary
whatsapp_igr_HM,affect,paired,d_combined,52,0.014423076923076964,0.36538461538461536,primary
whatsapp_igr_HM,affect,paired,d_education,144,-0.032118055555555546,0.2708333333333333,primary
whatsapp_igr_HM,affect,paired,d_gender,0,NA,NA,primary
whatsapp_igr_HM,affect,paired,d_income,240,0.021354166666666622,0.3958333333333333,primary
whatsapp_igr_HM,affect,paired,h,750,0.016499158227686158,0.3293333333333333,primary
whatsapp_igr_HM,affect,paired,p,640,-0.08613281250000003,0.165625,primary
whatsapp_igr_HM,affect,paired,p_absolute,830,-0.008433734939759083,0.28072289156626506,primary
whatsapp_igr_HM,stereotype_judgment,paired,d_combined,47,0.010638297872340424,0.3829787234042553,primary
whatsapp_igr_HM,stereotype_judgment,paired,d_education,126,-0.026785714285714295,0.2619047619047619,primary
whatsapp_igr_HM,stereotype_judgment,paired,d_gender,0,NA,NA,primary
whatsapp_igr_HM,stereotype_judgment,paired,d_income,184,0.0013586956521739356,0.31521739130434784,primary
whatsapp_igr_HM,stereotype_judgment,paired,h,600,0.010606601717798205,0.30833333333333335,primary
whatsapp_igr_HM,stereotype_judgment,paired,p,0,NA,NA,primary
whatsapp_igr_HM,stereotype_judgment,paired,p_absolute,0,NA,NA,primary
whatsapp_gen_HH,affect,available,d_combined,94,0,0.3404255319148936,primary
whatsapp_gen_HH,affect,available,d_education,206,-0.002427184466019427,0.34951456310679613,primary
whatsapp_gen_HH,affect,available,d_gender,0,NA,NA,primary
whatsapp_gen_HH,affect,available,d_income,388,0.004510309278350507,0.3479381443298969,primary
whatsapp_gen_HH,affect,available,h,940,0.015232885445774018,0.33191489361702126,primary
whatsapp_gen_HH,affect,available,p,736,-0.06929347826086954,0.19972826086956522,primary
whatsapp_gen_HH,affect,available,p_absolute,990,0.005429292929292966,0.32626262626262625,primary
whatsapp_gen_HH,stereotype_judgment,available,d_combined,68,-0.012867647058823532,0.29411764705882354,primary
whatsapp_gen_HH,stereotype_judgment,available,d_education,164,-0.022103658536585396,0.3170731707317073,primary
whatsapp_gen_HH,stereotype_judgment,available,d_gender,0,NA,NA,primary
whatsapp_gen_HH,stereotype_judgment,available,d_income,312,-0.001201923076923057,0.33653846153846156,primary
whatsapp_gen_HH,stereotype_judgment,available,h,760,-0.001395605489183963,0.2986842105263158,primary
whatsapp_gen_HH,stereotype_judgment,available,p,0,NA,NA,primary
whatsapp_gen_HH,stereotype_judgment,available,p_absolute,0,NA,NA,primary
whatsapp_gen_HM,affect,available,d_combined,114,0.02631578947368419,0.4473684210526316,primary
whatsapp_gen_HM,affect,available,d_education,164,0.019054878048780498,0.42073170731707316,primary
whatsapp_gen_HM,affect,available,d_gender,0,NA,NA,primary
whatsapp_gen_HM,affect,available,d_income,329,0.022036474164133776,0.40425531914893614,primary
whatsapp_gen_HM,affect,available,h,740,0.008838834764831821,0.327027027027027,primary
whatsapp_gen_HM,affect,available,p,630,-0.07757936507936511,0.1984126984126984,primary
whatsapp_gen_HM,affect,available,p_absolute,800,-7.812499999999369e-4,0.33125,primary
whatsapp_gen_HM,stereotype_judgment,available,d_combined,106,0.017688679245283025,0.4056603773584906,primary
whatsapp_gen_HM,stereotype_judgment,available,d_education,144,0.015625,0.4375,primary
whatsapp_gen_HM,stereotype_judgment,available,d_gender,0,NA,NA,primary
whatsapp_gen_HM,stereotype_judgment,available,d_income,265,0.014622641509433931,0.3622641509433962,primary
whatsapp_gen_HM,stereotype_judgment,available,h,600,0.025927248643506734,0.3383333333333333,primary
whatsapp_gen_HM,stereotype_judgment,available,p,0,NA,NA,primary
whatsapp_gen_HM,stereotype_judgment,available,p_absolute,0,NA,NA,primary
whatsapp_igr_HH,affect,available,d_combined,16,-0.0078125,0.375,primary
whatsapp_igr_HH,affect,available,d_education,94,0.009308510638297861,0.3829787234042553,primary
whatsapp_igr_HH,affect,available,d_gender,0,NA,NA,primary
whatsapp_igr_HH,affect,available,d_income,288,0.00390625,0.3645833333333333,primary
whatsapp_igr_HH,affect,available,h,870,0.012597879434932707,0.3333333333333333,primary
whatsapp_igr_HH,affect,available,p,687,-0.0827874818049489,0.18340611353711792,primary
whatsapp_igr_HH,affect,available,p_absolute,920,0.008152173913043494,0.3391304347826087,primary
whatsapp_igr_HH,stereotype_judgment,available,d_combined,12,0.03125,0.3333333333333333,primary
whatsapp_igr_HH,stereotype_judgment,available,d_education,76,-0.03125,0.2631578947368421,primary
whatsapp_igr_HH,stereotype_judgment,available,d_gender,0,NA,NA,primary
whatsapp_igr_HH,stereotype_judgment,available,d_income,237,-0.020042194092826995,0.2742616033755274,primary
whatsapp_igr_HH,stereotype_judgment,available,h,696,-0.0015239370284192753,0.2959770114942529,primary
whatsapp_igr_HH,stereotype_judgment,available,p,0,NA,NA,primary
whatsapp_igr_HH,stereotype_judgment,available,p_absolute,0,NA,NA,primary
whatsapp_igr_HM,affect,available,d_combined,67,-0.022388059701492574,0.29850746268656714,primary
whatsapp_igr_HM,affect,available,d_education,175,-0.04357142857142855,0.2742857142857143,primary
whatsapp_igr_HM,affect,available,d_gender,0,NA,NA,primary
whatsapp_igr_HM,affect,available,d_income,275,0.013636363636363622,0.3890909090909091,primary
whatsapp_igr_HM,affect,available,h,750,0.016499158227686158,0.3293333333333333,primary
whatsapp_igr_HM,affect,available,p,656,-0.07869664634146335,0.20426829268292682,primary
whatsapp_igr_HM,affect,available,p_absolute,830,-0.003915662650602359,0.3096385542168675,primary
whatsapp_igr_HM,stereotype_judgment,available,d_combined,60,-0.01874999999999998,0.35,primary
whatsapp_igr_HM,stereotype_judgment,available,d_education,153,-0.0392156862745098,0.26143790849673204,primary
whatsapp_igr_HM,stereotype_judgment,available,d_gender,0,NA,NA,primary
whatsapp_igr_HM,stereotype_judgment,available,d_income,212,-0.004716981132075499,0.330188679245283,primary
whatsapp_igr_HM,stereotype_judgment,available,h,600,0.010606601717798205,0.30833333333333335,primary
whatsapp_igr_HM,stereotype_judgment,available,p,0,NA,NA,primary
whatsapp_igr_HM,stereotype_judgment,available,p_absolute,0,NA,NA,primary
