event_id,item_id,pre_variable,post_variable,lower,upper,missing_codes,midpoint,construct,label,source,episode_id
a1r_2019,q2a,Q2A,T2Q2A,0,10,-8;77;98;99,0.5,policy,[Reduce the number of refuges allowed to resettle the US.] How strongly would you oppose or favor these?,https://doi.org/10.7910/DVN/KJ8IH2,main
a1r_2019,q2b,Q2B,T2Q2B,0,10,-8;77;98;99,0.5,policy,[Increase personnel to process asylum seekers' claims faster.] How strongly would you oppose or favor these?,https://doi.org/10.7910/DVN/KJ8IH2,main
a1r_2019,q2c,Q2C,T2Q2C,0,10,-8;77;98;99,0.5,policy,[Provide aid to reduce poverty and violence in Central America.] How strongly would you oppose or favor these?,https://doi.org/10.7910/DVN/KJ8IH2,main
a1r_2019,q2d,Q2D,T2Q2D,0,10,-8;77;98;99,0.5,policy,[Increase the number of visas for skilled workers to move to the US.] How strongly would you oppose or favor these?,https://doi.org/10.7910/DVN/KJ8IH2,main
a1r_2019,q2e,Q2E,T2Q2E,0,10,-8;77;98;99,0.5,policy,"[Increase the number of visas for low-skilled workers to move to the US for industries that need them, like agriculture and service.] How strongly would you oppose or favor these?",https://doi.org/10.7910/DVN/KJ8IH2,main
a1r_2019,q2f,Q2F,T2Q2F,0,10,-8;77;98;99,0.5,policy,[Require employers to use the E-verify computer system to confirm workers' eligibility.] How strongly would you oppose or favor these?,https://doi.org/10.7910/DVN/KJ8IH2,main
a1r_2019,q2g,Q2G,T2Q2G,0,10,-8;77;98;99,0.5,policy,"[First-time violators of immigration laws should only be expelled, not subject to criminal punishment.] How strongly would you oppose or favor these?",https://doi.org/10.7910/DVN/KJ8IH2,main
a1r_2019,q2h,Q2H,T2Q2H,0,10,-8;77;98;99,0.5,policy,"[Continue DACA, the Deferred Action for Childhood Arrivals program, which protects people who were brought to the US as children when their parents entered the country illegally.] How strongly would you oppose or favor these?",https://doi.org/10.7910/DVN/KJ8IH2,main
a1r_2019,q2i,Q2I,T2Q2I,0,10,-8;77;98;99,0.5,policy,[Undocumented immigrants should be forced to return to their home countries before applying to legally come to the US to live and work permanently.] How strongly would you oppose or favor these?,https://doi.org/10.7910/DVN/KJ8IH2,main
a1r_2019,q3a,Q3A,T2Q3A,0,10,-8;77;98;99,0.5,policy,[The US should commit to the 2014 Paris Agreement to combat climate change.] How strongly would you oppose or favor these?,https://doi.org/10.7910/DVN/KJ8IH2,main
a1r_2019,q3b,Q3B,T2Q3B,0,10,-8;77;98;99,0.5,policy,[The US should go beyond the Paris Agreement and aim for more significant cutbacks on greenhouse gas emissions.] How strongly would you oppose or favor these?,https://doi.org/10.7910/DVN/KJ8IH2,main
a1r_2019,q3c,Q3C,T2Q3C,0,10,-8;77;98;99,0.5,policy,[The US should use taxes or other market incentives to achieve emissions reductions.] How strongly would you oppose or favor these?,https://doi.org/10.7910/DVN/KJ8IH2,main
a1r_2019,q3d,Q3D,T2Q3D,0,10,-8;77;98;99,0.5,policy,[A Green New Deal to commit to major investments in infrastructure and renewable energy.] How strongly would you oppose or favor these?,https://doi.org/10.7910/DVN/KJ8IH2,main
a1r_2019,q3e,Q3E,T2Q3E,0,10,-8;77;98;99,0.5,policy,[The US should expand oil and gas production.] How strongly would you oppose or favor these?,https://doi.org/10.7910/DVN/KJ8IH2,main
a1r_2019,q3f,Q3F,T2Q3F,0,10,-8;77;98;99,0.5,policy,[Allow expansion of oil and gas production on federal lands previously dedicated to wildlife preservation.] How strongly would you oppose or favor these?,https://doi.org/10.7910/DVN/KJ8IH2,main
a1r_2019,q3g,Q3G,T2Q3G,0,10,-8;77;98;99,0.5,policy,[The U.S. government should facilitate fracking throughout the US.] How strongly would you oppose or favor these?,https://doi.org/10.7910/DVN/KJ8IH2,main
a1r_2019,q3h,Q3H,T2Q3H,0,10,-8;77;98;99,0.5,policy,"[The US should mandate zero carbon emissions for cars, trucks, and buses.] How strongly would you oppose or favor these?",https://doi.org/10.7910/DVN/KJ8IH2,main
a1r_2019,q4a,Q4A,T2Q4A,0,10,-8;77;98;99,0.5,policy,[Capital gains -- income earned when an investment that has increased in value is sold -- should be taxed the same as ordinary wage income.] How strongly would you oppose or favor these?,https://doi.org/10.7910/DVN/KJ8IH2,main
a1r_2019,q4b,Q4B,T2Q4B,0,10,-8;77;98;99,0.5,policy,"[The US should impose a wealth tax on the richest taxpayers, requiring them to pay a small portion of their wealth on an annual basis.] How strongly would you oppose or favor these?",https://doi.org/10.7910/DVN/KJ8IH2,main
a1r_2019,q4c,Q4C,T2Q4C,0,10,-8;77;98;99,0.5,policy,"[The US should repeal the estate tax, which currently taxes deceased individuals worth at least $11 million and deceased couples worth at least $22 million.] How strongly would you oppose or favor these?",https://doi.org/10.7910/DVN/KJ8IH2,main
a1r_2019,q4d,Q4D,T2Q4D,0,10,-8;77;98;99,0.5,policy,"[When taxpayers earn more than $2 million per year, they should pay a higher tax rate on additional income.] How strongly would you oppose or favor these?",https://doi.org/10.7910/DVN/KJ8IH2,main
a1r_2019,q4e,Q4E,T2Q4E,0,10,-8;77;98;99,0.5,policy,"[Expand the Earned Income Tax Credit, which provides a benefit to low-income workers, to more middle-class workers.] How strongly would you oppose or favor these?",https://doi.org/10.7910/DVN/KJ8IH2,main
a1r_2019,q4f,Q4F,T2Q4F,0,10,-8;77;98;99,0.5,policy,[Lower the corporate tax rate from 21% to 15%.] How strongly would you oppose or favor these?,https://doi.org/10.7910/DVN/KJ8IH2,main
a1r_2019,q4g,Q4G,T2Q4G,0,10,-8;77;98;99,0.5,policy,[Increase federal minimum wage from $7.25/hr. to $15/hr.] How strongly would you oppose or favor these?,https://doi.org/10.7910/DVN/KJ8IH2,main
a1r_2019,q4h,Q4H,T2Q4H,0,10,-8;77;98;99,0.5,policy,[The government should cover the cost of college tuition at public universities for all students who could not otherwise afford it.] How strongly would you oppose or favor these?,https://doi.org/10.7910/DVN/KJ8IH2,main
a1r_2019,q4i,Q4I,T2Q4I,0,10,-8;77;98;99,0.5,policy,[The government should fund a bond for each child born that will accumulate in value until the child turns 18 to then become usable for higher education or other essentials for a start in life.] How strongly would you oppose or favor these?,https://doi.org/10.7910/DVN/KJ8IH2,main
a1r_2019,q4j,Q4J,T2Q4J,0,10,-8;77;98;99,0.5,policy,"[The government should give cash grants of $1,000/month to all adults at least eighteen-years-old.] How strongly would you oppose or favor these?",https://doi.org/10.7910/DVN/KJ8IH2,main
a1r_2019,q5a,Q5A,T2Q5A,0,10,-8;77;98;99,0.5,policy,[The Affordable Care Act should be repealed.] How strongly would you oppose or favor these?,https://doi.org/10.7910/DVN/KJ8IH2,main
a1r_2019,q5b,Q5B,T2Q5B,0,10,-8;77;98;99,0.5,policy,[Repeal the Affordable Care Act and replace with grants to state Governments to create their own systems.] How strongly would you oppose or favor these?,https://doi.org/10.7910/DVN/KJ8IH2,main
a1r_2019,q5c,Q5C,T2Q5C,0,10,-8;77;98;99,0.5,policy,[The federal subsidies in the Affordable Care Act that help the poor should be increased.] How strongly would you oppose or favor these?,https://doi.org/10.7910/DVN/KJ8IH2,main
a1r_2019,q5d,Q5D,T2Q5D,0,10,-8;77;98;99,0.5,policy,[The federal subsidies in the Affordable Care Act that help the middle class should be expanded to include more people.] How strongly would you oppose or favor these?,https://doi.org/10.7910/DVN/KJ8IH2,main
a1r_2019,q5e,Q5E,T2Q5E,0,10,-8;77;98;99,0.5,policy,[People should have reasonable access to health insurance without discrimination against pre-existing conditions.] How strongly would you oppose or favor these?,https://doi.org/10.7910/DVN/KJ8IH2,main
a1r_2019,q5f,Q5F,T2Q5F,0,10,-8;77;98;99,0.5,policy,"[Everybody should be able to buy a public plan like Medicare, the current plan for seniors over 65.] How strongly would you oppose or favor these?",https://doi.org/10.7910/DVN/KJ8IH2,main
a1r_2019,q5g,Q5G,T2Q5G,0,10,-8;77;98;99,0.5,policy,"[People aged fifty-five and older should have the option of purchasing Medicare, instead of a private insurance plan.] How strongly would you oppose or favor these?",https://doi.org/10.7910/DVN/KJ8IH2,main
a1r_2019,q5h,Q5H,T2Q5H,0,10,-8;77;98;99,0.5,policy,[People should be automatically enrolled in a more generous version of Medicare.] How strongly would you oppose or favor these?,https://doi.org/10.7910/DVN/KJ8IH2,main
a1r_2019,q5i,Q5I,T2Q5I,0,10,-8;77;98;99,0.5,policy,[Allow Medicare to negotiate drug prices.] How strongly would you oppose or favor these?,https://doi.org/10.7910/DVN/KJ8IH2,main
a1r_2019,q5j,Q5J,T2Q5J,0,10,-8;77;98;99,0.5,policy,[The US government should make changes to the patent system to allow generic drugs to come on the market more quickly.] How strongly would you oppose or favor these?,https://doi.org/10.7910/DVN/KJ8IH2,main
a1r_2019,q6a,Q6A,T2Q6A,0,10,-8;77;98;99,0.5,policy,"[The US should rejoin the Trans-Pacific Partnership, a trading agreement between 12 countries excluding China.] How strongly would you oppose or favor these?",https://doi.org/10.7910/DVN/KJ8IH2,main
a1r_2019,q6b,Q6B,T2Q6B,0,10,-8;77;98;99,0.5,policy,[The U.S. should increase tariffs on Chinese goods.] How strongly would you oppose or favor these?,https://doi.org/10.7910/DVN/KJ8IH2,main
a1r_2019,q6c,Q6C,T2Q6C,0,10,-8;77;98;99,0.5,policy,[The US should tighten sanctions on Russia.] How strongly would you oppose or favor these?,https://doi.org/10.7910/DVN/KJ8IH2,main
a1r_2019,q6d,Q6D,T2Q6D,0,10,-8;77;98;99,0.5,policy,[The US should reaffirm its commitment to defend any NATO ally attacked by a hostile force.] How strongly would you oppose or favor these?,https://doi.org/10.7910/DVN/KJ8IH2,main
a1r_2019,q6e,Q6E,T2Q6E,0,10,-8;77;98;99,0.5,policy,[The US should enhance its military presence in the Asia Pacific to prevent aggression by China.] How strongly would you oppose or favor these?,https://doi.org/10.7910/DVN/KJ8IH2,main
a1r_2019,q6f,Q6F,T2Q6F,0,10,-8;77;98;99,0.5,policy,[The US should recommit to the Iran Nuclear Agreement.] How strongly would you oppose or favor these?,https://doi.org/10.7910/DVN/KJ8IH2,main
a1r_2019,q6g,Q6G,T2Q6G,0,10,-8;77;98;99,0.5,policy,[Presidents should be required to obtain explicit congressional approval for sending US troops into combat situations.] How strongly would you oppose or favor these?,https://doi.org/10.7910/DVN/KJ8IH2,main
a1r_2019,q6h,Q6H,T2Q6H,0,10,-8;77;98;99,0.5,policy,[The U.S. should intervene abroad when it is necessary to prevent genocide.] How strongly would you oppose or favor these?,https://doi.org/10.7910/DVN/KJ8IH2,main
a1r_2019,q6i,Q6I,T2Q6I,0,10,-8;77;98;99,0.5,policy,[The U.S. should increase military spending by up to five percent per year for the next few years to meet rising global challenges and ensure readiness.] How strongly would you oppose or favor these?,https://doi.org/10.7910/DVN/KJ8IH2,main
a1r_2019,q6j,Q6J,T2Q6J,0,10,-8;77;98;99,0.5,policy,[The US should use diplomacy and financial support to promote democracy and human rights throughout the world.] How strongly would you oppose or favor these?,https://doi.org/10.7910/DVN/KJ8IH2,main
oboe,taxrich,oboe_PR_DEF_TAXRICH,oboe_PT_DEF_TAXRICH,1,5,blank,0.5,policy,Raise taxes on wealthy,https://doi.org/10.7910/DVN/XDDN2Y,main
oboe,cutprog,oboe_PR_DEF_CUTPROG,oboe_PT_DEF_CUTPROG,1,5,blank,0.5,policy,Cut discretionary programs and services,https://doi.org/10.7910/DVN/XDDN2Y,main
oboe,taxboth,oboe_PR_DEF_TAXBOTH,oboe_PT_DEF_TAXBOTH,1,5,blank,0.5,policy,Raise taxes on middle class and wealthy,https://doi.org/10.7910/DVN/XDDN2Y,main
oboe,entitle,oboe_PR_DEF_ENTITLE,oboe_PT_DEF_ENTITLE,1,5,blank,0.5,policy,Cut growth of entitlements,https://doi.org/10.7910/DVN/XDDN2Y,main
oboe,defense,oboe_PR_DEF_DEFENSE,oboe_PT_DEF_DEFENSE,1,5,blank,0.5,policy,Cut defense spending,https://doi.org/10.7910/DVN/XDDN2Y,main
oboe,fedsales,oboe_PR_DEF_FEDSALES,oboe_PT_DEF_FEDSALES,1,5,blank,0.5,policy,Create federal consumption or sales tax,https://doi.org/10.7910/DVN/XDDN2Y,main
hongkong_2020,article_23,T1_QA_1,T2_QA_1,0,10,system missing,0.5,policy,Support Article 23 legislation,https://doi.org/10.7910/DVN/W9DAQM,main
tanzania_2015,h11,H110,H111,1,7,-99;-97;98;99,0.5,policy,Gas revenue for public investment versus electricity subsidies,https://doi.org/10.7910/DVN/S3NRQL,round_1
tanzania_2015,h12,H120,H121,1,7,-99;-97;98;99,0.5,policy,Sell gas at full price versus subsidize local industry,https://doi.org/10.7910/DVN/S3NRQL,round_1
tanzania_2015,h21,H210,H211,1,7,-99;-97;98;99,0.5,policy,Strict versus loose spending limits,https://doi.org/10.7910/DVN/S3NRQL,round_1
tanzania_2015,h22,H220,H221,0,10,-99;-97;98;99,0.5,policy,Infrastructure spending importance,https://doi.org/10.7910/DVN/S3NRQL,round_1
tanzania_2015,h23,H230,H231,0,10,-99;-97;98;99,0.5,policy,Public services spending importance,https://doi.org/10.7910/DVN/S3NRQL,round_1
tanzania_2015,h24,H240,H241,0,10,-99;-97;98;99,0.5,policy,Saving for future generations importance,https://doi.org/10.7910/DVN/S3NRQL,round_1
tanzania_2015,h25,H250,H251,1,7,-99;-97;98;99,0.5,policy,Save for future versus spend now,https://doi.org/10.7910/DVN/S3NRQL,round_1
tanzania_2015,h31,H310,H311,0,10,-99;-97;98;99,0.5,policy,Direct transfers to all households importance,https://doi.org/10.7910/DVN/S3NRQL,round_2
tanzania_2015,h32,H320,H321,0,10,-99;-97;98;99,0.5,policy,Transfers to households with children or elderly importance,https://doi.org/10.7910/DVN/S3NRQL,round_2
tanzania_2015,h33,H330,H331,0,10,-99;-97;98;99,0.5,policy,Transfers fighting poverty importance,https://doi.org/10.7910/DVN/S3NRQL,round_2
tanzania_2015,h34,H340,H341,0,10,-99;-97;98;99,0.5,policy,Transfers improving nutrition and schooling importance,https://doi.org/10.7910/DVN/S3NRQL,round_2
tanzania_2015,h35,H350,H351,0,10,-99;-97;98;99,0.5,policy,Transfers improving accountability importance,https://doi.org/10.7910/DVN/S3NRQL,round_2
tanzania_2015,h36,H360,H361,1,7,-99;-97;98;99,0.5,policy,Direct transfers versus government spending,https://doi.org/10.7910/DVN/S3NRQL,round_2
tanzania_2015,h37,H370,H371,1,5,-99;-97;98;99,0.5,policy,Child savings accounts,https://doi.org/10.7910/DVN/S3NRQL,round_2
tanzania_2015,h38,H380,H381,1,5,-99;-97;98;99,0.5,policy,Retirement savings accounts,https://doi.org/10.7910/DVN/S3NRQL,round_2
tanzania_2015,h41,H410,H411,0,10,-99;-97;98;99,0.5,policy,Infrastructure creating jobs importance,https://doi.org/10.7910/DVN/S3NRQL,round_2
tanzania_2015,h42,H420,H421,0,10,-99;-97;98;99,0.5,policy,Infrastructure promoting growth importance,https://doi.org/10.7910/DVN/S3NRQL,round_2
tanzania_2015,h43,H430,H431,0,10,-99;-97;98;99,0.5,policy,Public services helping poor people importance,https://doi.org/10.7910/DVN/S3NRQL,round_2
tanzania_2015,h44,H440,H441,0,10,-99;-97;98;99,0.5,policy,Public services promoting growth importance,https://doi.org/10.7910/DVN/S3NRQL,round_2
tanzania_2015,h45,H450,H451,1,5,-99;-97;98;99,0.5,policy,Public construction wastes money,https://doi.org/10.7910/DVN/S3NRQL,round_2
tanzania_2015,h46,H460,H461,1,7,-99;-97;98;99,0.5,policy,Infrastructure versus public services,https://doi.org/10.7910/DVN/S3NRQL,round_2
