"unique_id","poll_id","group_id","freqgrp_grp","extgrp_grp","freqdis_grp","extdis_grp"
"2201ukhealth.t1payhlt",2,2201,TRUE,0.121212121212121,TRUE,0.131818181818182
"2204ukhealth.t1payhlt",2,2204,TRUE,0.0773809523809524,NA,NA
"2205ukhealth.t1payhlt",2,2205,TRUE,0.092948717948718,TRUE,0.102272727272727
"2206ukhealth.t1payhlt",2,2206,TRUE,0.0247252747252747,FALSE,-0.0113636363636364
"2207ukhealth.t1payhlt",2,2207,FALSE,-0.1,FALSE,0
"2208ukhealth.t1payhlt",2,2208,FALSE,-0.0738095238095238,FALSE,-0.00378787878787878
"2209ukhealth.t1payhlt",2,2209,FALSE,-0.120879120879121,FALSE,-0.0763888888888889
"2210ukhealth.t1payhlt",2,2210,FALSE,-0.0252525252525252,FALSE,-0.0446428571428572
"2211ukhealth.t1payhlt",2,2211,TRUE,0.0357142857142857,TRUE,0.1
"2212ukhealth.t1payhlt",2,2212,TRUE,0.104166666666667,TRUE,0.118181818181818
"2213ukhealth.t1payhlt",2,2213,TRUE,0.071969696969697,TRUE,0.0772727272727273
"2214ukhealth.t1payhlt",2,2214,FALSE,-0.125,FALSE,-0.1
"2201ukhealth.t1poora",2,2201,FALSE,-0.00480769230769229,FALSE,-0.00568181818181823
"2204ukhealth.t1poora",2,2204,NA,NA,TRUE,0.0625
"2205ukhealth.t1poora",2,2205,TRUE,0.0769230769230769,TRUE,0.0833333333333334
"2206ukhealth.t1poora",2,2206,FALSE,-0.00769230769230766,FALSE,-0.0174825174825175
"2207ukhealth.t1poora",2,2207,TRUE,0.22979797979798,TRUE,0.3375
"2208ukhealth.t1poora",2,2208,TRUE,0.132291666666667,TRUE,0.139423076923077
"2209ukhealth.t1poora",2,2209,FALSE,-0.196428571428571,FALSE,-0.111111111111111
"2210ukhealth.t1poora",2,2210,FALSE,0,FALSE,0
"2211ukhealth.t1poora",2,2211,TRUE,0.0178571428571428,TRUE,0.075
"2212ukhealth.t1poora",2,2212,FALSE,-0.0643382352941176,FALSE,-0.046875
"2213ukhealth.t1poora",2,2213,TRUE,0.0192307692307692,FALSE,-0.0208333333333334
"2214ukhealth.t1poora",2,2214,FALSE,-0.15625,FALSE,-0.116666666666667
"2201ukhealth.t1option",2,2201,NA,NA,NA,NA
"2204ukhealth.t1option",2,2204,FALSE,-0.0714285714285714,FALSE,-0.0833333333333334
"2205ukhealth.t1option",2,2205,TRUE,0.0608974358974359,TRUE,0.0681818181818182
"2206ukhealth.t1option",2,2206,TRUE,0.0333333333333333,TRUE,0.0384615384615384
"2207ukhealth.t1option",2,2207,FALSE,0,FALSE,0
"2208ukhealth.t1option",2,2208,FALSE,-0.0583333333333333,FALSE,-0.0352564102564102
"2209ukhealth.t1option",2,2209,TRUE,0.0247252747252747,TRUE,0.152777777777778
"2210ukhealth.t1option",2,2210,TRUE,0.136363636363636,NA,NA
"2211ukhealth.t1option",2,2211,NA,NA,FALSE,0
"2212ukhealth.t1option",2,2212,TRUE,0.0955882352941176,TRUE,0.102083333333333
"2213ukhealth.t1option",2,2213,TRUE,0.0160256410256411,TRUE,0.0606060606060607
"2214ukhealth.t1option",2,2214,TRUE,0.00416666666666665,TRUE,0.00476190476190474
"2201ukhealth.t1hlthfu",2,2201,FALSE,-0.0569444444444444,FALSE,-0.0666666666666666
"2204ukhealth.t1hlthfu",2,2204,FALSE,-0.0345238095238095,FALSE,-0.0527777777777778
"2205ukhealth.t1hlthfu",2,2205,FALSE,-0.129166666666667,FALSE,-0.13006993006993
"2206ukhealth.t1hlthfu",2,2206,FALSE,-0.0705555555555555,FALSE,-0.0737179487179487
"2207ukhealth.t1hlthfu",2,2207,TRUE,0.0318181818181818,TRUE,0.035
"2208ukhealth.t1hlthfu",2,2208,FALSE,-0.0922916666666667,FALSE,-0.0963141025641026
"2209ukhealth.t1hlthfu",2,2209,FALSE,-0.171428571428571,FALSE,-0.127777777777778
"2210ukhealth.t1hlthfu",2,2210,TRUE,0.0708333333333333,TRUE,0.138888888888889
"2211ukhealth.t1hlthfu",2,2211,TRUE,0.116826923076923,TRUE,0.137361111111111
"2212ukhealth.t1hlthfu",2,2212,TRUE,0.0267156862745099,TRUE,0.0127604166666667
"2213ukhealth.t1hlthfu",2,2213,TRUE,0.199679487179487,TRUE,0.208049242424242
"2214ukhealth.t1hlthfu",2,2214,FALSE,-0.01171875,FALSE,-0.0325
"2201ukhealth.t1ctexpt",2,2201,TRUE,0.102964743589744,NA,NA
"2204ukhealth.t1ctexpt",2,2204,FALSE,-0.0997023809523809,FALSE,-0.0920138888888888
"2205ukhealth.t1ctexpt",2,2205,FALSE,-0.0044642857142857,FALSE,0
"2206ukhealth.t1ctexpt",2,2206,TRUE,0.00277777777777777,TRUE,0.00320512820512819
"2207ukhealth.t1ctexpt",2,2207,TRUE,0.0164772727272727,TRUE,0.0173611111111112
"2208ukhealth.t1ctexpt",2,2208,TRUE,0.0231770833333333,TRUE,0.046073717948718
"2209ukhealth.t1ctexpt",2,2209,FALSE,-0.0124771062271062,TRUE,0.0295138888888888
"2210ukhealth.t1ctexpt",2,2210,TRUE,0.0989583333333334,TRUE,0.145833333333333
"2211ukhealth.t1ctexpt",2,2211,FALSE,-0.0982142857142857,FALSE,-0.09375
"2212ukhealth.t1ctexpt",2,2212,TRUE,0.0638020833333333,TRUE,0.0458333333333333
"2213ukhealth.t1ctexpt",2,2213,TRUE,0.032051282051282,TRUE,0.0220959595959597
"2214ukhealth.t1ctexpt",2,2214,FALSE,-0.114583333333333,FALSE,-0.118055555555556
"2201ukhealth.t1pritre",2,2201,FALSE,-0.149305555555556,FALSE,-0.147727272727273
"2204ukhealth.t1pritre",2,2204,TRUE,0.119047619047619,TRUE,0.118055555555555
"2205ukhealth.t1pritre",2,2205,TRUE,0.161255411255411,TRUE,0.149358974358974
"2206ukhealth.t1pritre",2,2206,FALSE,-0.140476190476191,FALSE,-0.135683760683761
"2207ukhealth.t1pritre",2,2207,FALSE,-0.106060606060606,FALSE,-0.119444444444445
"2208ukhealth.t1pritre",2,2208,FALSE,-0.0180555555555555,FALSE,-0.0304487179487178
"2209ukhealth.t1pritre",2,2209,TRUE,0.0645604395604396,TRUE,0.0416666666666667
"2210ukhealth.t1pritre",2,2210,TRUE,0.0868055555555554,TRUE,0.12037037037037
"2211ukhealth.t1pritre",2,2211,FALSE,-0.0293040293040293,FALSE,-0.013888888888889
"2212ukhealth.t1pritre",2,2212,TRUE,0.104166666666666,TRUE,0.115972222222222
"2213ukhealth.t1pritre",2,2213,TRUE,0.0769230769230769,TRUE,0.0852272727272726
"2214ukhealth.t1pritre",2,2214,FALSE,-0.0565972222222223,FALSE,-0.0793650793650795
"2201ukhealth.t1severi",2,2201,FALSE,-0.274305555555556,FALSE,-0.291666666666667
"2204ukhealth.t1severi",2,2204,FALSE,-0.147916666666667,FALSE,-0.15
"2205ukhealth.t1severi",2,2205,TRUE,0.14957264957265,TRUE,0.147727272727273
"2206ukhealth.t1severi",2,2206,TRUE,0.117673992673993,TRUE,0.168560606060606
"2207ukhealth.t1severi",2,2207,FALSE,-0.0795454545454548,FALSE,-0.0995370370370372
"2208ukhealth.t1severi",2,2208,FALSE,-0.0621794871794873,FALSE,-0.0416666666666669
"2209ukhealth.t1severi",2,2209,FALSE,-0.0494505494505495,FALSE,-0.0138888888888888
"2210ukhealth.t1severi",2,2210,FALSE,-0.119444444444444,FALSE,-0.1875
"2211ukhealth.t1severi",2,2211,FALSE,-0.159340659340659,FALSE,-0.0625
"2212ukhealth.t1severi",2,2212,FALSE,-0.00653594771241844,TRUE,0.00173611111111099
"2213ukhealth.t1severi",2,2213,FALSE,-0.0833333333333334,FALSE,-0.12012987012987
"2214ukhealth.t1severi",2,2214,FALSE,-0.151785714285715,FALSE,-0.156837606837607
"2201ukhealth.t1preven",2,2201,FALSE,-0.0721153846153846,FALSE,-0.0795454545454546
"2204ukhealth.t1preven",2,2204,FALSE,-0.101648351648352,FALSE,-0.117424242424242
"2205ukhealth.t1preven",2,2205,TRUE,0.030448717948718,TRUE,0.0340909090909091
"2206ukhealth.t1preven",2,2206,TRUE,0.0880952380952381,TRUE,0.123397435897436
"2207ukhealth.t1preven",2,2207,TRUE,0.0732323232323232,TRUE,0.075
"2208ukhealth.t1preven",2,2208,TRUE,0.0535714285714285,NA,NA
"2209ukhealth.t1preven",2,2209,TRUE,0.0714285714285714,FALSE,0
"2210ukhealth.t1preven",2,2210,FALSE,-0.0681818181818182,TRUE,0.03125
"2211ukhealth.t1preven",2,2211,FALSE,-0.342948717948718,FALSE,-0.1875
"2212ukhealth.t1preven",2,2212,FALSE,-0.0733173076923077,FALSE,-0.0743589743589744
"2213ukhealth.t1preven",2,2213,FALSE,-0.157342657342657,FALSE,-0.15
"2214ukhealth.t1preven",2,2214,FALSE,-0.0333333333333333,TRUE,0.0178571428571429
"2201ukhealth.t1dispub",2,2201,TRUE,0.00699300699300698,TRUE,0.0541666666666666
"2204ukhealth.t1dispub",2,2204,FALSE,-0.0178571428571429,TRUE,0.0227272727272727
"2205ukhealth.t1dispub",2,2205,FALSE,-0.0615384615384615,FALSE,-0.0763888888888888
"2206ukhealth.t1dispub",2,2206,FALSE,-0.115384615384615,FALSE,-0.141414141414141
"2207ukhealth.t1dispub",2,2207,FALSE,-0.0454545454545454,FALSE,-0.0527777777777778
"2208ukhealth.t1dispub",2,2208,FALSE,0,FALSE,0
"2209ukhealth.t1dispub",2,2209,FALSE,-0.0714285714285715,FALSE,-0.0277777777777778
"2210ukhealth.t1dispub",2,2210,FALSE,-0.166666666666667,FALSE,-0.194444444444445
"2211ukhealth.t1dispub",2,2211,TRUE,0.107142857142857,TRUE,0.0750000000000001
"2212ukhealth.t1dispub",2,2212,TRUE,0.122549019607843,TRUE,0.131696428571429
"2213ukhealth.t1dispub",2,2213,FALSE,-0.0625,FALSE,-0.0487012987012987
"2214ukhealth.t1dispub",2,2214,FALSE,-0.0958333333333333,FALSE,-0.0616883116883117
"2501ukbge.t1redist",4,2501,FALSE,-0.0993333319822947,FALSE,-0.110833334426085
"2502ukbge.t1redist",4,2502,TRUE,0.055238093648638,TRUE,0.0549999972184498
"2503ukbge.t1redist",4,2503,FALSE,-0.0237916696816683,TRUE,0.0192857121045773
"2504ukbge.t1redist",4,2504,FALSE,-0.0697619098992577,FALSE,-0.0602020211894104
"2505ukbge.t1redist",4,2505,TRUE,0.0336842034992417,TRUE,0.0476470501983866
"2506ukbge.t1redist",4,2506,FALSE,-0.0219999988873799,TRUE,0.01214285833495
"2507ukbge.t1redist",4,2507,TRUE,0.156250002793968,TRUE,0.166666669646899
"2508ukbge.t1redist",4,2508,FALSE,-0.0439999987681707,FALSE,-0.0253846175395526
"2509ukbge.t1redist",4,2509,FALSE,-0.043529408326482,FALSE,-0.081515147491838
"2511ukbge.t1redist",4,2511,TRUE,0.0702205904047279,TRUE,0.0966666679208479
"2512ukbge.t1redist",4,2512,FALSE,-0.0483333377374545,FALSE,-0.0411764742696987
"2513ukbge.t1redist",4,2513,FALSE,-0.167385618476307,FALSE,-0.168458331624667
"2514ukbge.t1redist",4,2514,TRUE,0.0431578920075767,TRUE,0.0193749945610759
"2515ukbge.t1redist",4,2515,FALSE,-0.153846153846154,FALSE,-0.132999999821186
"2501ukbge.t1tax",4,2501,TRUE,0.110666666428248,TRUE,0.159166666368643
"2502ukbge.t1tax",4,2502,TRUE,0.0276190468243189,TRUE,0.0461111101839277
"2503ukbge.t1tax",4,2503,TRUE,0.0579166645805042,TRUE,0.0949999988079071
"2504ukbge.t1tax",4,2504,TRUE,0.126238097463335,TRUE,0.174242424242424
"2505ukbge.t1tax",4,2505,TRUE,0.141666662274745,TRUE,0.143014700973735
"2506ukbge.t1tax",4,2506,TRUE,0.0268333375453951,TRUE,0.0364285750048502
"2507ukbge.t1tax",4,2507,FALSE,-0.139999996870756,FALSE,-0.132666663328807
"2508ukbge.t1tax",4,2508,FALSE,-0.0922380931320644,FALSE,-0.115641025778575
"2509ukbge.t1tax",4,2509,FALSE,-0.249669119715691,FALSE,-0.250833336263895
"2511ukbge.t1tax",4,2511,FALSE,-0.0672058804946787,FALSE,-0.0560416646922627
"2512ukbge.t1tax",4,2512,FALSE,-0.00888888703452206,FALSE,-0.00470588137121764
"2513ukbge.t1tax",4,2513,FALSE,-0.131805549065272,FALSE,-0.110357136598655
"2514ukbge.t1tax",4,2514,FALSE,-0.13879256702429,FALSE,-0.112678569342409
"2515ukbge.t1tax",4,2515,TRUE,0.13326923434551,TRUE,0.189555558893416
"2501ukbge.t1wage",4,2501,FALSE,-0.00609523696558811,TRUE,0.00606060727979196
"2502ukbge.t1wage",4,2502,FALSE,-0.158095236335482,FALSE,-0.138333331379625
"2503ukbge.t1wage",4,2503,TRUE,0.104642856200891,TRUE,0.117619044369175
"2504ukbge.t1wage",4,2504,TRUE,0.0886666675408682,TRUE,0.110833331942558
"2505ukbge.t1wage",4,2505,TRUE,0.125526319557463,TRUE,0.12055147581679
"2506ukbge.t1wage",4,2506,TRUE,0.0993333299954732,TRUE,0.106428567852293
"2507ukbge.t1wage",4,2507,TRUE,0.00250000115483995,TRUE,0.0256190477382569
"2508ukbge.t1wage",4,2508,FALSE,-0.0986190546126594,FALSE,-0.103461545247298
"2509ukbge.t1wage",4,2509,TRUE,0.0569411720130957,TRUE,0.0118333339691162
"2511ukbge.t1wage",4,2511,TRUE,0.0616862757533204,TRUE,0.0778571452413287
"2512ukbge.t1wage",4,2512,TRUE,0.000588239992366235,FALSE,-0.00999999605119217
"2513ukbge.t1wage",4,2513,FALSE,-0.0263071879257563,TRUE,0.00124999855955443
"2514ukbge.t1wage",4,2514,TRUE,0.0578070166166763,TRUE,0.0564583343764146
"2515ukbge.t1wage",4,2515,FALSE,-0.0297802252756371,FALSE,-0.0503636427901009
"2501ukbge.t1eu",4,2501,FALSE,-0.0124999980131784,TRUE,0.041444444987509
"2502ukbge.t1eu",4,2502,TRUE,0.116552632968677,TRUE,0.126838233814958
"2503ukbge.t1eu",4,2503,TRUE,0.0905769244791606,TRUE,0.0898181834004143
"2504ukbge.t1eu",4,2504,TRUE,0.239487184622349,TRUE,0.239833338061969
"2505ukbge.t1eu",4,2505,TRUE,0.184179566270058,TRUE,0.193921570392216
"2506ukbge.t1eu",4,2506,TRUE,0.112000000476837,TRUE,0.132142858845847
"2507ukbge.t1eu",4,2507,TRUE,0.199333330988884,TRUE,0.189999998680183
"2508ukbge.t1eu",4,2508,TRUE,0.188901097564907,TRUE,0.221439392390576
"2509ukbge.t1eu",4,2509,TRUE,0.201333325166328,TRUE,0.237999993065993
"2511ukbge.t1eu",4,2511,TRUE,0.092820514089022,TRUE,0.105714287076678
"2512ukbge.t1eu",4,2512,FALSE,-0.0670588165521621,FALSE,-0.0606249915435909
"2513ukbge.t1eu",4,2513,FALSE,-0.21000000461936,FALSE,-0.212738099552336
"2514ukbge.t1eu",4,2514,FALSE,-0.258699686580767,FALSE,-0.258749996578055
"2515ukbge.t1eu",4,2515,TRUE,0.0162878845903007,TRUE,0.0613888965712654
"2602aus.republican1",5,2602,TRUE,1.11022302462516e-16,TRUE,0.0064102564102565
"2603aus.republican1",5,2603,TRUE,0.141025641025641,TRUE,0.113636363636364
"2604aus.republican1",5,2604,TRUE,0.0222222222222221,TRUE,0.0583333333333333
"2605aus.republican1",5,2605,TRUE,0.25,TRUE,0.308333333333334
"2606aus.republican1",5,2606,TRUE,0.105769230769231,TRUE,0.100694444444444
"2607aus.republican1",5,2607,FALSE,-0.0833333333333334,TRUE,0.00757575757575768
"2608aus.republican1",5,2608,NA,NA,TRUE,1.11022302462516e-16
"2609aus.republican1",5,2609,FALSE,-0.0833333333333333,FALSE,-0.0499999999999999
"2610aus.republican1",5,2610,FALSE,-0.00595238095238115,FALSE,-0.0208333333333335
"2611aus.republican1",5,2611,TRUE,0.0378787878787876,TRUE,0.0138888888888887
"2612aus.republican1",5,2612,TRUE,0.0902777777777777,TRUE,0.0984848484848484
"2613aus.republican1",5,2613,FALSE,-0.109375,FALSE,-0.0238095238095238
"2614aus.republican1",5,2614,TRUE,0.0714285714285716,TRUE,0.0763888888888891
"2615aus.republican1",5,2615,FALSE,-0.0288461538461539,FALSE,-0.0125
"2616aus.republican1",5,2616,TRUE,0.166666666666667,TRUE,0.275
"2617aus.republican1",5,2617,FALSE,-0.013888888888889,FALSE,-0.03125
"2618aus.republican1",5,2618,TRUE,0.15,TRUE,0.152777777777778
"2619aus.republican1",5,2619,FALSE,-0.0833333333333334,TRUE,0.025
"2620aus.republican1",5,2620,FALSE,-0.0611111111111112,FALSE,-0.0654761904761907
"2621aus.republican1",5,2621,FALSE,-0.147435897435897,FALSE,-0.138888888888889
"2622aus.republican1",5,2622,TRUE,0.147435897435898,TRUE,0.185185185185185
"2623aus.republican1",5,2623,TRUE,0.121794871794872,TRUE,0.104166666666667
"2624aus.republican1",5,2624,TRUE,0.0576923076923076,TRUE,0.0530303030303031
"2602aus.popparl1",5,2602,TRUE,0.485714285714286,TRUE,0.538461538461538
"2603aus.popparl1",5,2603,TRUE,0.236263736263736,TRUE,0.236363636363636
"2604aus.popparl1",5,2604,TRUE,0.28030303030303,TRUE,0.183333333333333
"2605aus.popparl1",5,2605,TRUE,0.441666666666667,TRUE,0.488888888888889
"2606aus.popparl1",5,2606,TRUE,0.163461538461538,TRUE,0.190476190476191
"2607aus.popparl1",5,2607,FALSE,-0.255952380952381,FALSE,-0.237373737373737
"2608aus.popparl1",5,2608,TRUE,0.25,TRUE,0.25
"2609aus.popparl1",5,2609,FALSE,-0.358974358974359,FALSE,-0.319444444444444
"2610aus.popparl1",5,2610,FALSE,-0.0446428571428572,TRUE,0.0669642857142857
"2611aus.popparl1",5,2611,FALSE,-0.443181818181818,FALSE,-0.458333333333333
"2612aus.popparl1",5,2612,FALSE,-0.284722222222222,FALSE,-0.207386363636364
"2613aus.popparl1",5,2613,FALSE,-0.301136363636364,FALSE,-0.317460317460317
"2614aus.popparl1",5,2614,TRUE,0.339285714285714,TRUE,0.431547619047619
"2615aus.popparl1",5,2615,TRUE,0.251602564102564,TRUE,0.2
"2616aus.popparl1",5,2616,TRUE,0.516666666666667,TRUE,0.519444444444444
"2617aus.popparl1",5,2617,TRUE,0.270833333333333,TRUE,0.3125
"2618aus.popparl1",5,2618,TRUE,0.435714285714286,TRUE,0.479166666666667
"2619aus.popparl1",5,2619,TRUE,0.23489010989011,TRUE,0.283333333333333
"2620aus.popparl1",5,2620,TRUE,0.1,TRUE,0.0974025974025975
"2621aus.popparl1",5,2621,FALSE,0,FALSE,0
"2622aus.popparl1",5,2622,TRUE,0.217948717948718,TRUE,0.347222222222222
"2623aus.popparl1",5,2623,TRUE,0.495192307692308,TRUE,0.494318181818182
"2624aus.popparl1",5,2624,TRUE,0.217948717948718,TRUE,0.254545454545455
"29102cpl.t1res",8,29102,FALSE,-0.0458333333333333,FALSE,-0.0333333333333333
"29103cpl.t1res",8,29103,FALSE,-0.171969696969697,FALSE,-0.205
"29104cpl.t1res",8,29104,TRUE,0.1,TRUE,0.115
"29105cpl.t1res",8,29105,TRUE,0.172222222222222,TRUE,0.185714285714286
"29106cpl.t1res",8,29106,FALSE,-0.0333333333333333,FALSE,-0.0833333333333334
"29107cpl.t1res",8,29107,FALSE,-0.0727272727272728,FALSE,-0.0714285714285714
"29108cpl.t1res",8,29108,TRUE,0.103333333333333,TRUE,0.0750000000000001
"29109cpl.t1res",8,29109,TRUE,0.0409090909090909,TRUE,0.0812499999999999
"29110cpl.t1res",8,29110,FALSE,-0.0333333333333333,FALSE,-0.0388888888888889
"29111cpl.t1res",8,29111,FALSE,-0.1125,FALSE,-0.1625
"29112cpl.t1res",8,29112,TRUE,0.261538461538461,TRUE,0.266666666666667
"29113cpl.t1res",8,29113,FALSE,-0.167857142857143,FALSE,-0.157692307692308
"29114cpl.t1res",8,29114,FALSE,-0.0538461538461538,FALSE,-0.0222222222222223
"29115cpl.t1res",8,29115,TRUE,0.049047619047619,TRUE,0.0673076923076923
"29116cpl.t1res",8,29116,TRUE,0.181818181818182,TRUE,0.1875
"29102cpl.t1cons",8,29102,TRUE,0.00229266347687407,FALSE,-0.0326023391812865
"29103cpl.t1cons",8,29103,FALSE,-0.100657894736842,FALSE,-0.0786842105263159
"29104cpl.t1cons",8,29104,TRUE,0.0626794258373206,TRUE,0.0778947368421051
"29105cpl.t1cons",8,29105,TRUE,0.12953216374269,TRUE,0.136466165413534
"29106cpl.t1cons",8,29106,TRUE,0.0221491228070176,TRUE,0.0222222222222223
"29107cpl.t1cons",8,29107,TRUE,0.0320574162679427,TRUE,0.118045112781955
"29108cpl.t1cons",8,29108,TRUE,0.0128070175438596,TRUE,0.00964912280701746
"29109cpl.t1cons",8,29109,FALSE,-0.0629186602870813,FALSE,-0.019078947368421
"29110cpl.t1cons",8,29110,FALSE,-0.0214912280701754,TRUE,0.00233918128654964
"29111cpl.t1cons",8,29111,FALSE,-0.133552631578947,FALSE,-0.0963815789473684
"29112cpl.t1cons",8,29112,FALSE,-0.0593117408906882,FALSE,-0.0506578947368421
"29113cpl.t1cons",8,29113,TRUE,0.0157027183342973,TRUE,0.0380566801619433
"29114cpl.t1cons",8,29114,TRUE,0.0141700404858299,TRUE,0.0385964912280702
"29115cpl.t1cons",8,29115,TRUE,0.0589473684210526,TRUE,0.0676113360323887
"29116cpl.t1cons",8,29116,TRUE,0.050956937799043,TRUE,0.0674342105263157
"29102cpl.t1poor",8,29102,FALSE,-0.137689393939394,FALSE,-0.0996527777777778
"29103cpl.t1poor",8,29103,FALSE,-0.0958333333333333,FALSE,-0.0549999999999999
"29104cpl.t1poor",8,29104,TRUE,0.0431818181818181,TRUE,0.035
"29105cpl.t1poor",8,29105,TRUE,0.0166666666666667,TRUE,0.075
"29106cpl.t1poor",8,29106,TRUE,0.0375000000000001,TRUE,0.0666666666666667
"29107cpl.t1poor",8,29107,FALSE,-0.0454545454545454,TRUE,0.0571428571428572
"29108cpl.t1poor",8,29108,TRUE,0.0633333333333334,TRUE,0.122916666666667
"29109cpl.t1poor",8,29109,TRUE,0.0159090909090909,TRUE,0.0375
"29110cpl.t1poor",8,29110,FALSE,-0.0166666666666666,FALSE,-0.0083333333333333
"29111cpl.t1poor",8,29111,TRUE,0.122916666666667,TRUE,0.15625
"29112cpl.t1poor",8,29112,TRUE,0.0692307692307692,TRUE,0.0979166666666668
"29113cpl.t1poor",8,29113,TRUE,0.0230769230769231,TRUE,0.0333333333333333
"29114cpl.t1poor",8,29114,TRUE,0.0576923076923077,TRUE,0.0333333333333333
"29115cpl.t1poor",8,29115,FALSE,-0.0483333333333333,FALSE,-0.0134615384615384
"29116cpl.t1poor",8,29116,FALSE,-0.0454545454545454,FALSE,-0.109375
"29102cpl.t1renew",8,29102,TRUE,0.0761363636363636,TRUE,0.0486111111111112
"29103cpl.t1renew",8,29103,FALSE,-0.0125,NA,NA
"29104cpl.t1renew",8,29104,NA,NA,FALSE,0
"29105cpl.t1renew",8,29105,FALSE,-0.0611111111111111,FALSE,-0.0357142857142857
"29106cpl.t1renew",8,29106,TRUE,0.125,TRUE,0.111111111111111
"29107cpl.t1renew",8,29107,TRUE,0.0363636363636364,TRUE,0.0785714285714286
"29108cpl.t1renew",8,29108,TRUE,0.0266666666666666,TRUE,0.0333333333333333
"29109cpl.t1renew",8,29109,FALSE,-0.0181818181818182,TRUE,0.0375
"29110cpl.t1renew",8,29110,FALSE,-0.0166666666666667,FALSE,-0.05
"29111cpl.t1renew",8,29111,TRUE,0.00833333333333341,TRUE,0.00624999999999998
"29112cpl.t1renew",8,29112,FALSE,-0.0423076923076923,FALSE,-0.0166666666666666
"29113cpl.t1renew",8,29113,TRUE,0.075,TRUE,0.0807692307692308
"29114cpl.t1renew",8,29114,TRUE,0.0269230769230769,TRUE,0.116666666666667
"29115cpl.t1renew",8,29115,FALSE,-0.0399999999999999,FALSE,-0.0384615384615384
"29116cpl.t1renew",8,29116,FALSE,-0.0681818181818181,FALSE,-0.075
"29102cpl.t1fossil",8,29102,TRUE,0.157777777777778,TRUE,0.138800705467372
"29103cpl.t1fossil",8,29103,TRUE,0.148148148148148,TRUE,0.168888888888889
"29104cpl.t1fossil",8,29104,FALSE,-0.078787878787879,FALSE,-0.0855555555555557
"29105cpl.t1fossil",8,29105,FALSE,-0.0333333333333333,TRUE,0.046031746031746
"29106cpl.t1fossil",8,29106,FALSE,-0.24040404040404,FALSE,-0.276388888888889
"29107cpl.t1fossil",8,29107,FALSE,-0.0181818181818183,FALSE,-0.00317460317460327
"29108cpl.t1fossil",8,29108,TRUE,0.0162962962962963,TRUE,0.0203703703703705
"29109cpl.t1fossil",8,29109,TRUE,0.18989898989899,TRUE,0.195833333333333
"29110cpl.t1fossil",8,29110,FALSE,-0.116666666666667,FALSE,-0.0703703703703703
"29111cpl.t1fossil",8,29111,FALSE,-0.00370370370370365,FALSE,-0.0291666666666668
"29112cpl.t1fossil",8,29112,TRUE,0.11965811965812,TRUE,0.113888888888889
"29113cpl.t1fossil",8,29113,TRUE,0.0537606837606838,TRUE,0.0629629629629629
"29114cpl.t1fossil",8,29114,FALSE,-0.140683760683761,FALSE,-0.0576719576719577
"29115cpl.t1fossil",8,29115,TRUE,0.0925925925925926,TRUE,0.134188034188034
"29116cpl.t1fossil",8,29116,TRUE,0.00303030303030294,TRUE,0.0361111111111111
"29102cpl.t1buypwr",8,29102,TRUE,0.00530303030303025,TRUE,0.0541666666666667
"29103cpl.t1buypwr",8,29103,FALSE,-0.046969696969697,TRUE,0.02
"29104cpl.t1buypwr",8,29104,TRUE,0.0254545454545455,TRUE,0.103333333333333
"29105cpl.t1buypwr",8,29105,TRUE,0.144444444444444,TRUE,0.257142857142857
"29106cpl.t1buypwr",8,29106,TRUE,0.290909090909091,TRUE,0.256944444444444
"29107cpl.t1buypwr",8,29107,FALSE,-0.0181818181818182,FALSE,-0.0428571428571429
"29108cpl.t1buypwr",8,29108,FALSE,-0.213333333333333,FALSE,-0.141666666666667
"29109cpl.t1buypwr",8,29109,FALSE,-0.2,FALSE,-0.125
"29110cpl.t1buypwr",8,29110,TRUE,0.0356060606060606,TRUE,0.0611111111111111
"29111cpl.t1buypwr",8,29111,TRUE,0.0166666666666667,FALSE,-0.0625
"29112cpl.t1buypwr",8,29112,TRUE,0.00769230769230766,TRUE,0.00833333333333336
"29113cpl.t1buypwr",8,29113,FALSE,-0.166923076923077,FALSE,-0.172222222222222
"29114cpl.t1buypwr",8,29114,TRUE,0.130769230769231,TRUE,0.0666666666666667
"29115cpl.t1buypwr",8,29115,FALSE,-0.147692307692308,FALSE,-0.12027972027972
"29116cpl.t1buypwr",8,29116,TRUE,0.0481818181818182,TRUE,0.025
"5303bulgaria.bulgaria.t1tghpc",10,5303,FALSE,-0.0441433566433567,FALSE,-0.0104166646798451
"5304bulgaria.bulgaria.t1tghpc",10,5304,TRUE,0.115972220897675,TRUE,0.136790291621135
"5305bulgaria.bulgaria.t1tghpc",10,5305,TRUE,0.0208333345750967,TRUE,0.0123015886261351
"5306bulgaria.bulgaria.t1tghpc",10,5306,TRUE,0.245098040384405,TRUE,0.23307291790843
"5307bulgaria.bulgaria.t1tghpc",10,5307,TRUE,0.211111110448837,TRUE,0.199404761195183
"5310bulgaria.bulgaria.t1tghpc",10,5310,TRUE,0.12109375,TRUE,0.108333333333333
"5311bulgaria.bulgaria.t1tghpc",10,5311,TRUE,0.263020831160247,TRUE,0.264880949897425
"5312bulgaria.bulgaria.t1tghpc",10,5312,TRUE,0.227777779102325,TRUE,0.282051283579606
"5313bulgaria.bulgaria.t1tghpc",10,5313,TRUE,0.248842593696382,TRUE,0.24142156979617
"5314bulgaria.bulgaria.t1tghpc",10,5314,TRUE,0.0876736124356589,TRUE,0.0770833347524916
"5317bulgaria.bulgaria.t1tghpc",10,5317,TRUE,0.209635416045785,TRUE,0.226190475480897
"5303bulgaria.bulgaria.t1clibe",10,5303,FALSE,-0.0301282013264986,FALSE,-0.0159722190971177
"5304bulgaria.bulgaria.t1clibe",10,5304,FALSE,-0.0689483998254652,FALSE,-0.060508227119079
"5305bulgaria.bulgaria.t1clibe",10,5305,FALSE,-0.120312496554107,FALSE,-0.124999996523062
"5306bulgaria.bulgaria.t1clibe",10,5306,FALSE,-0.0698529451208955,FALSE,-0.0617187530733644
"5307bulgaria.bulgaria.t1clibe",10,5307,TRUE,0.121944440652927,TRUE,0.141369043982455
"5310bulgaria.bulgaria.t1clibe",10,5310,TRUE,0.191666665611168,TRUE,0.183432538257468
"5311bulgaria.bulgaria.t1clibe",10,5311,TRUE,0.0492187493946402,TRUE,0.0633928570896386
"5312bulgaria.bulgaria.t1clibe",10,5312,TRUE,0.0625000019868215,TRUE,0.0798076929954382
"5313bulgaria.bulgaria.t1clibe",10,5313,TRUE,0.0583333329608042,TRUE,0.0588235300691687
"5314bulgaria.bulgaria.t1clibe",10,5314,FALSE,-0.0124999994877726,FALSE,-0.0200000000496706
"5317bulgaria.bulgaria.t1clibe",10,5317,FALSE,-0.0343750016763805,TRUE,1.11022302462516e-16
"5303bulgaria.bulgaria.t1q8_7",10,5303,TRUE,0.0708333333333334,TRUE,0.0984848484848484
"5304bulgaria.bulgaria.t1q8_7",10,5304,FALSE,-0.175641025641026,FALSE,-0.169642857142857
"5305bulgaria.bulgaria.t1q8_7",10,5305,FALSE,-0.0238095238095237,FALSE,-0.00349650349650343
"5306bulgaria.bulgaria.t1q8_7",10,5306,FALSE,-0.143382352941177,FALSE,-0.0875
"5307bulgaria.bulgaria.t1q8_7",10,5307,TRUE,0.125,TRUE,0.153846153846154
"5310bulgaria.bulgaria.t1q8_7",10,5310,FALSE,-0.0961538461538461,FALSE,-0.0238095238095237
"5311bulgaria.bulgaria.t1q8_7",10,5311,FALSE,-0.111607142857143,FALSE,-0.130952380952381
"5312bulgaria.bulgaria.t1q8_7",10,5312,FALSE,-0.0404761904761904,FALSE,-0.0288461538461539
"5313bulgaria.bulgaria.t1q8_7",10,5313,TRUE,0.073529411764706,TRUE,0.0625
"5314bulgaria.bulgaria.t1q8_7",10,5314,FALSE,-0.0733173076923077,FALSE,-0.0583333333333333
"5317bulgaria.bulgaria.t1q8_7",10,5317,FALSE,-0.230952380952381,FALSE,-0.153846153846154
"5303bulgaria.bulgaria.t1q8_1",10,5303,TRUE,0.00961538461538458,TRUE,0.0321969696969697
"5304bulgaria.bulgaria.t1q8_1",10,5304,TRUE,0.0273809523809524,TRUE,0.0302197802197802
"5305bulgaria.bulgaria.t1q8_1",10,5305,TRUE,0.0397435897435898,TRUE,0.0625
"5306bulgaria.bulgaria.t1q8_1",10,5306,NA,NA,TRUE,0.015625
"5307bulgaria.bulgaria.t1q8_1",10,5307,FALSE,0,FALSE,0
"5310bulgaria.bulgaria.t1q8_1",10,5310,FALSE,-0.0385416666666667,TRUE,0.0261904761904762
"5311bulgaria.bulgaria.t1q8_1",10,5311,FALSE,-0.0927083333333333,FALSE,-0.0521978021978021
"5312bulgaria.bulgaria.t1q8_1",10,5312,TRUE,0.0666666666666667,TRUE,0.0961538461538463
"5313bulgaria.bulgaria.t1q8_1",10,5313,FALSE,-0.0138888888888888,FALSE,0
"5314bulgaria.bulgaria.t1q8_1",10,5314,NA,NA,FALSE,-0.0166666666666666
"5317bulgaria.bulgaria.t1q8_1",10,5317,FALSE,-0.046875,FALSE,-0.0535714285714285
"5303bulgaria.bulgaria.t1q8_8",10,5303,FALSE,-0.05,FALSE,-0.025
"5304bulgaria.bulgaria.t1q8_8",10,5304,FALSE,-0.0422077922077922,FALSE,-0.0480769230769231
"5305bulgaria.bulgaria.t1q8_8",10,5305,TRUE,0.116666666666667,TRUE,0.154040404040404
"5306bulgaria.bulgaria.t1q8_8",10,5306,FALSE,-0.120833333333333,FALSE,-0.111904761904762
"5307bulgaria.bulgaria.t1q8_8",10,5307,TRUE,0.0178571428571429,TRUE,0.0192307692307693
"5310bulgaria.bulgaria.t1q8_8",10,5310,FALSE,-0.151098901098901,FALSE,-0.161858974358974
"5311bulgaria.bulgaria.t1q8_8",10,5311,TRUE,0.00714285714285712,TRUE,0.00801282051282048
"5312bulgaria.bulgaria.t1q8_8",10,5312,TRUE,0.214285714285714,TRUE,0.270833333333333
"5313bulgaria.bulgaria.t1q8_8",10,5313,TRUE,0.015625,FALSE,0
"5314bulgaria.bulgaria.t1q8_8",10,5314,FALSE,-0.11025641025641,FALSE,-0.0982142857142857
"5317bulgaria.bulgaria.t1q8_8",10,5317,TRUE,0.109375,TRUE,0.125
"5303bulgaria.bulgaria.t1q8_11",10,5303,FALSE,-0.06993006993007,FALSE,-0.0791666666666666
"5304bulgaria.bulgaria.t1q8_11",10,5304,TRUE,0.194805194805195,TRUE,0.213461538461538
"5305bulgaria.bulgaria.t1q8_11",10,5305,FALSE,-0.0892857142857143,FALSE,-0.0769230769230769
"5306bulgaria.bulgaria.t1q8_11",10,5306,TRUE,0.284926470588235,TRUE,0.3125
"5307bulgaria.bulgaria.t1q8_11",10,5307,TRUE,0.267857142857143,TRUE,0.288461538461538
"5310bulgaria.bulgaria.t1q8_11",10,5310,TRUE,0.00384615384615383,TRUE,0.0297619047619048
"5311bulgaria.bulgaria.t1q8_11",10,5311,TRUE,0.0125,FALSE,-0.00549450549450547
"5312bulgaria.bulgaria.t1q8_11",10,5312,TRUE,0.0988095238095238,TRUE,0.113782051282051
"5313bulgaria.bulgaria.t1q8_11",10,5313,TRUE,0.136948529411765,TRUE,0.145833333333333
"5314bulgaria.bulgaria.t1q8_11",10,5314,FALSE,-0.00238095238095237,TRUE,0.0164835164835164
"5317bulgaria.bulgaria.t1q8_11",10,5317,FALSE,-0.116666666666667,FALSE,-0.107142857142857
"5303bulgaria.bulgaria.t1q10_3",10,5303,FALSE,-0.151515151515152,FALSE,-0.168181818181818
"5304bulgaria.bulgaria.t1q10_3",10,5304,FALSE,-0.179761904761905,FALSE,-0.193681318681319
"5305bulgaria.bulgaria.t1q10_3",10,5305,TRUE,0.120192307692308,TRUE,0.141666666666667
"5306bulgaria.bulgaria.t1q10_3",10,5306,FALSE,-0.269301470588235,FALSE,-0.2375
"5307bulgaria.bulgaria.t1q10_3",10,5307,FALSE,-0.316666666666667,FALSE,-0.277597402597403
"5310bulgaria.bulgaria.t1q10_3",10,5310,FALSE,-0.09375,FALSE,-0.05
"5311bulgaria.bulgaria.t1q10_3",10,5311,TRUE,0.25,TRUE,0.25
"5312bulgaria.bulgaria.t1q10_3",10,5312,TRUE,0.0511904761904762,TRUE,0.0977564102564102
"5313bulgaria.bulgaria.t1q10_3",10,5313,TRUE,0.139705882352941,TRUE,0.134375
"5314bulgaria.bulgaria.t1q10_3",10,5314,FALSE,-0.015625,FALSE,-0.0166666666666666
"5317bulgaria.bulgaria.t1q10_3",10,5317,FALSE,-0.291666666666667,FALSE,-0.18956043956044
"5303bulgaria.bulgaria.t1q16",10,5303,TRUE,0.225961538461538,TRUE,0.246212121212121
"5304bulgaria.bulgaria.t1q16",10,5304,TRUE,0.0863095238095237,TRUE,0.159090909090909
"5305bulgaria.bulgaria.t1q16",10,5305,FALSE,-0.04375,FALSE,-0.0630952380952381
"5306bulgaria.bulgaria.t1q16",10,5306,FALSE,-0.145220588235294,FALSE,-0.125
"5307bulgaria.bulgaria.t1q16",10,5307,FALSE,-0.0892857142857143,FALSE,-0.0961538461538463
"5310bulgaria.bulgaria.t1q16",10,5310,TRUE,0.091025641025641,TRUE,0.0952380952380952
"5311bulgaria.bulgaria.t1q16",10,5311,TRUE,0.00600961538461542,TRUE,0.0357142857142857
"5312bulgaria.bulgaria.t1q16",10,5312,FALSE,-0.2,FALSE,-0.173076923076923
"5313bulgaria.bulgaria.t1q16",10,5313,TRUE,0.0147058823529411,FALSE,0
"5314bulgaria.bulgaria.t1q16",10,5314,TRUE,0.0291666666666667,TRUE,0.0297619047619048
"5317bulgaria.bulgaria.t1q16",10,5317,TRUE,0.0491071428571429,TRUE,0.156593406593407
"5303bulgaria.bulgaria.t1q21",10,5303,TRUE,0.272727272727273,TRUE,0.3
"5304bulgaria.bulgaria.t1q21",10,5304,FALSE,-0.298701298701299,FALSE,-0.271428571428571
"5305bulgaria.bulgaria.t1q21",10,5305,TRUE,0.25974025974026,TRUE,0.292307692307692
"5306bulgaria.bulgaria.t1q21",10,5306,TRUE,0.266666666666667,TRUE,0.285714285714286
"5307bulgaria.bulgaria.t1q21",10,5307,TRUE,0.157142857142857,TRUE,0.17032967032967
"5310bulgaria.bulgaria.t1q21",10,5310,TRUE,0.142857142857143,TRUE,0.230769230769231
"5311bulgaria.bulgaria.t1q21",10,5311,TRUE,0.428571428571429,NA,NA
"5312bulgaria.bulgaria.t1q21",10,5312,TRUE,0.15,TRUE,0.2
"5313bulgaria.bulgaria.t1q21",10,5313,TRUE,0.1875,TRUE,0.2
"5314bulgaria.bulgaria.t1q21",10,5314,FALSE,-0.12987012987013,FALSE,-0.118881118881119
"5317bulgaria.bulgaria.t1q21",10,5317,TRUE,0.508928571428571,TRUE,0.511904761904762
"5303bulgaria.bulgaria.t1q22",10,5303,TRUE,0.28030303030303,TRUE,0.309090909090909
"5304bulgaria.bulgaria.t1q22",10,5304,TRUE,0.307692307692308,NA,NA
"5305bulgaria.bulgaria.t1q22",10,5305,FALSE,-0.462121212121212,FALSE,-0.409090909090909
"5306bulgaria.bulgaria.t1q22",10,5306,FALSE,-0.390476190476191,FALSE,-0.357142857142857
"5307bulgaria.bulgaria.t1q22",10,5307,TRUE,0.133333333333333,TRUE,0.142857142857143
"5310bulgaria.bulgaria.t1q22",10,5310,FALSE,-0.0892857142857143,FALSE,-0.0879120879120879
"5311bulgaria.bulgaria.t1q22",10,5311,TRUE,0.134615384615385,TRUE,0.24025974025974
"5312bulgaria.bulgaria.t1q22",10,5312,FALSE,-0.3,FALSE,-0.222222222222222
"5313bulgaria.bulgaria.t1q22",10,5313,TRUE,0.290196078431373,TRUE,0.3125
"5314bulgaria.bulgaria.t1q22",10,5314,TRUE,0.157142857142857,TRUE,0.17032967032967
"5317bulgaria.bulgaria.t1q22",10,5317,TRUE,0.208333333333333,TRUE,0.328571428571429
"5303bulgaria.bulgaria.t1q23",10,5303,FALSE,-0.0909090909090909,FALSE,-0.1
"5304bulgaria.bulgaria.t1q23",10,5304,FALSE,-0.0952380952380952,FALSE,-0.111888111888112
"5305bulgaria.bulgaria.t1q23",10,5305,FALSE,-0.0833333333333333,FALSE,-0.0727272727272727
"5306bulgaria.bulgaria.t1q23",10,5306,FALSE,-0.0627450980392157,FALSE,-0.0333333333333333
"5307bulgaria.bulgaria.t1q23",10,5307,FALSE,-0.482051282051282,FALSE,-0.44047619047619
"5310bulgaria.bulgaria.t1q23",10,5310,TRUE,0.25,TRUE,0.345454545454545
"5311bulgaria.bulgaria.t1q23",10,5311,TRUE,0.0166666666666667,TRUE,0.115384615384615
"5312bulgaria.bulgaria.t1q23",10,5312,FALSE,-0.205128205128205,FALSE,-0.170454545454545
"5313bulgaria.bulgaria.t1q23",10,5313,TRUE,0.0833333333333333,TRUE,0.103030303030303
"5314bulgaria.bulgaria.t1q23",10,5314,FALSE,-0.233333333333333,FALSE,-0.214285714285714
"5317bulgaria.bulgaria.t1q23",10,5317,FALSE,-0.0416666666666667,FALSE,-0.00649350649350644
"5303bulgaria.bulgaria.t1q19",10,5303,TRUE,0.0833333333333334,TRUE,0.113636363636364
"5304bulgaria.bulgaria.t1q19",10,5304,FALSE,-0.0357142857142857,FALSE,-0.0576923076923077
"5305bulgaria.bulgaria.t1q19",10,5305,FALSE,-0.00686813186813184,FALSE,-0.0240384615384616
"5306bulgaria.bulgaria.t1q19",10,5306,TRUE,0.315686274509804,TRUE,0.354910714285714
"5307bulgaria.bulgaria.t1q19",10,5307,TRUE,0.309065934065934,TRUE,0.307692307692308
"5310bulgaria.bulgaria.t1q19",10,5310,TRUE,0.260416666666667,TRUE,0.289393939393939
"5311bulgaria.bulgaria.t1q19",10,5311,TRUE,0.361607142857143,NA,NA
"5312bulgaria.bulgaria.t1q19",10,5312,TRUE,0.330357142857143,TRUE,0.388461538461538
"5313bulgaria.bulgaria.t1q19",10,5313,TRUE,0.190359477124183,NA,NA
"5314bulgaria.bulgaria.t1q19",10,5314,TRUE,0.0290178571428571,TRUE,0.032051282051282
"5317bulgaria.bulgaria.t1q19",10,5317,TRUE,0.0357142857142857,TRUE,0.0773809523809523
"9101nh.t1manvol",12,9101,TRUE,0.25,TRUE,0.1875
"9103nh.t1manvol",12,9103,FALSE,-0.229166666666667,FALSE,-0.1875
"9104nh.t1manvol",12,9104,TRUE,0.104166666666667,TRUE,0.104166666666667
"9108nh.t1manvol",12,9108,FALSE,-0.046875,FALSE,-0.03125
"9109nh.t1manvol",12,9109,TRUE,0.0859375,TRUE,0.125
"9110nh.t1manvol",12,9110,FALSE,0,FALSE,0
"9111nh.t1manvol",12,9111,TRUE,0.14375,TRUE,0.1953125
"9112nh.t1manvol",12,9112,TRUE,0.145833333333333,TRUE,0.1625
"9113nh.t1manvol",12,9113,FALSE,0,FALSE,0
"9114nh.t1manvol",12,9114,FALSE,-0.0089285714285714,TRUE,0.0625
"9115nh.t1manvol",12,9115,TRUE,0.0511363636363636,TRUE,0.0902777777777778
"9116nh.t1manvol",12,9116,TRUE,0.0875,TRUE,0.125
"9101nh.t1endexp",12,9101,TRUE,0.0812499970197678,FALSE,-0.175000011920929
"9103nh.t1endexp",12,9103,FALSE,-0.0333333313465118,FALSE,0
"9104nh.t1endexp",12,9104,FALSE,-0.0277777777777778,FALSE,-0.0833333333333334
"9108nh.t1endexp",12,9108,TRUE,0.146875001490116,TRUE,0.293750002980232
"9109nh.t1endexp",12,9109,FALSE,-0.015625,FALSE,-0.0357142857142857
"9110nh.t1endexp",12,9110,TRUE,0.0249999999999999,TRUE,0.287499994039536
"9111nh.t1endexp",12,9111,TRUE,0.0324999988079071,TRUE,0.0249999985098839
"9112nh.t1endexp",12,9112,FALSE,-0.0291666686534882,FALSE,-0.0350000023841858
"9113nh.t1endexp",12,9113,TRUE,0.0749999980131786,TRUE,0.0899999976158141
"9114nh.t1endexp",12,9114,FALSE,-0.285714285714286,FALSE,-0.025
"9115nh.t1endexp",12,9115,FALSE,-0.125,FALSE,-0.152777777777778
"9116nh.t1endexp",12,9116,TRUE,0.0649999976158142,TRUE,0.10833332935969
"9201nic2.t1envir",13,9201,FALSE,-0.0618055512507756,FALSE,-0.010185182094574
"9202nic2.t1envir",13,9202,TRUE,0.0761111120382946,TRUE,0.0946969687938691
"9203nic2.t1envir",13,9203,FALSE,-0.00937499827705324,FALSE,-0.00416666393478704
"9204nic2.t1envir",13,9204,FALSE,-0.0461538502803216,FALSE,-0.0300000101327897
"9205nic2.t1envir",13,9205,FALSE,-0.0166666651001344,FALSE,-0.0113636363636364
"9206nic2.t1envir",13,9206,FALSE,-0.0250000028560559,FALSE,-0.00909091125835071
"9207nic2.t1envir",13,9207,TRUE,0.0505208317190409,TRUE,0.0416666631187711
"9208nic2.t1envir",13,9208,FALSE,-0.0645833400388559,FALSE,-0.0325000032782554
"9209nic2.t1envir",13,9209,FALSE,-0.0527777795990308,FALSE,-0.0511904784611295
"9211nic2.t1envir",13,9211,TRUE,0.0401515161449258,TRUE,0.0712962994972864
"9212nic2.t1envir",13,9212,FALSE,-0.0280303088101475,FALSE,-0.00583333969116218
"9213nic2.t1envir",13,9213,TRUE,0.0113095194101334,TRUE,0.0141025575307699
"9214nic2.t1envir",13,9214,TRUE,0.00333333412806203,FALSE,-0.0181818170980973
"9215nic2.t1envir",13,9215,FALSE,-0.0285714375121253,FALSE,-0.0416666799121433
"9216nic2.t1envir",13,9216,FALSE,-0.0130952319928578,TRUE,0.00972222785154975
"9217nic2.t1envir",13,9217,FALSE,-0.0250000009934106,FALSE,-0.0268518527348836
"9218nic2.t1envir",13,9218,TRUE,0.00512820539566183,TRUE,0.00347222449878859
"9219nic2.t1envir",13,9219,FALSE,-0.0211111128330231,FALSE,-0.00512821169999944
"9220nic2.t1envir",13,9220,FALSE,-0.0738095236676081,FALSE,-0.0881944472591082
"9221nic2.t1envir",13,9221,TRUE,0.0115384562657429,TRUE,0.00499999076127999
"9222nic2.t1envir",13,9222,FALSE,-0.025,TRUE,0.00312499701976776
"9223nic2.t1envir",13,9223,FALSE,-0.0148809467043195,FALSE,-0.00984848629344592
"9224nic2.t1envir",13,9224,FALSE,-0.118939390236681,FALSE,-0.104761900646346
"9201nic2.t1usseca",13,9201,TRUE,0.00291667381922411,TRUE,0.00666667355431461
"9202nic2.t1usseca",13,9202,TRUE,0.0183333297570546,TRUE,0.00318181785670191
"9203nic2.t1usseca",13,9203,TRUE,0.0403124913573263,TRUE,0.0362499952316283
"9204nic2.t1usseca",13,9204,TRUE,0.00192307967406058,TRUE,0.0289999961853029
"9205nic2.t1usseca",13,9205,TRUE,0.0688461546714489,TRUE,0.0863636325706135
"9206nic2.t1usseca",13,9206,FALSE,-0.00416666766007745,FALSE,-0.00545454567128978
"9207nic2.t1usseca",13,9207,TRUE,0.0300781223922968,TRUE,0.026517853140831
"9208nic2.t1usseca",13,9208,TRUE,0.0370833314955233,TRUE,0.0575000032782554
"9209nic2.t1usseca",13,9209,TRUE,0.00124999880790699,TRUE,0.0600000023841857
"9211nic2.t1usseca",13,9211,FALSE,-0.0481818101622842,TRUE,0.0194444523917304
"9212nic2.t1usseca",13,9212,FALSE,-0.0190909071402114,FALSE,-0.00500000119209276
"9213nic2.t1usseca",13,9213,FALSE,-0.0360714282308306,FALSE,-0.0388461534793562
"9214nic2.t1usseca",13,9214,TRUE,0.047333331902822,TRUE,0.0677272731607611
"9215nic2.t1usseca",13,9215,FALSE,-0.0264285675116949,FALSE,-0.0561111105812921
"9216nic2.t1usseca",13,9216,TRUE,0.00892857355730881,TRUE,0.0187499995032947
"9217nic2.t1usseca",13,9217,FALSE,-0.0145833392937978,FALSE,-0.00333334339989566
"9218nic2.t1usseca",13,9218,TRUE,0.0165384595210737,TRUE,0.0154166618982953
"9219nic2.t1usseca",13,9219,TRUE,0.0267777820428211,TRUE,0.034358975978998
"9220nic2.t1usseca",13,9220,TRUE,0.0407142894608632,TRUE,0.0395833402872084
"9221nic2.t1usseca",13,9221,TRUE,0.0628846104328447,TRUE,0.0762499928474425
"9222nic2.t1usseca",13,9222,FALSE,-0.0189999938011169,FALSE,-0.000624999403953441
"9223nic2.t1usseca",13,9223,TRUE,0.0505357044083732,TRUE,0.0652272592891345
"9224nic2.t1usseca",13,9224,TRUE,0.00272728096355079,TRUE,0.0221428615706306
"9201nic2.t1humrh2",13,9201,FALSE,-0.0333333412806194,FALSE,-0.0222222341431513
"9202nic2.t1humrh2",13,9202,FALSE,-1.98682148511153e-09,TRUE,0.0454545427452435
"9203nic2.t1humrh2",13,9203,FALSE,-0.0250000022351742,FALSE,-0.0250000009934107
"9204nic2.t1humrh2",13,9204,FALSE,-0.0153846213450799,FALSE,-0.0400000065565109
"9205nic2.t1humrh2",13,9205,FALSE,-0.123076927203398,FALSE,-0.154545456171036
"9206nic2.t1humrh2",13,9206,FALSE,-0.0249999935428301,FALSE,-0.00909090313044458
"9207nic2.t1humrh2",13,9207,FALSE,-4.65661287307739e-09,TRUE,0.0285714215465954
"9208nic2.t1humrh2",13,9208,TRUE,0.0833333302289248,TRUE,0.109999992698431
"9209nic2.t1humrh2",13,9209,FALSE,-1.24176358085037e-09,TRUE,0.0285714268684387
"9211nic2.t1humrh2",13,9211,TRUE,2.70930200496622e-09,FALSE,-0.0333333313465118
"9212nic2.t1humrh2",13,9212,FALSE,-0.0636363503607837,FALSE,-0.0599999889731407
"9213nic2.t1humrh2",13,9213,FALSE,-0.0214285765375409,FALSE,-0.0307692358127006
"9214nic2.t1humrh2",13,9214,TRUE,0.0933333237965901,TRUE,0.145454536784779
"9215nic2.t1humrh2",13,9215,FALSE,-0.0857142901846342,FALSE,-0.033333334657881
"9216nic2.t1humrh2",13,9216,FALSE,-0.0714285799435208,FALSE,-0.0500000069538754
"9217nic2.t1humrh2",13,9217,TRUE,0.0333333214124043,TRUE,0.0666666560702853
"9218nic2.t1humrh2",13,9218,FALSE,-0.0769230746305906,FALSE,-0.0833333308498064
"9219nic2.t1humrh2",13,9219,FALSE,-0.0199999988079071,FALSE,-0.0230769217014313
"9220nic2.t1humrh2",13,9220,FALSE,-0.0714285671710968,FALSE,-0.0666666626930237
"9221nic2.t1humrh2",13,9221,FALSE,-0.0230769222745528,TRUE,0.00999999865889556
"9222nic2.t1humrh2",13,9222,FALSE,-0.129999992251396,FALSE,-0.112499991431832
"9223nic2.t1humrh2",13,9223,TRUE,0.0500000012772425,TRUE,0.0909090909090908
"9224nic2.t1humrh2",13,9224,FALSE,-0.00909090313044469,FALSE,-0.0285714226109641
"9201nic2.t1multi",13,9201,FALSE,-0.0761491507291797,FALSE,-0.0761849747763742
"9202nic2.t1multi",13,9202,FALSE,-0.0536904851595564,FALSE,-0.0650162425908177
"9203nic2.t1multi",13,9203,TRUE,0.0871961805969477,TRUE,0.101157406965892
"9204nic2.t1multi",13,9204,TRUE,0.0628968362624828,TRUE,0.0781200498342512
"9205nic2.t1multi",13,9205,FALSE,-0.0479326890065118,FALSE,-0.0621401505036786
"9206nic2.t1multi",13,9206,FALSE,-0.0321428577105207,FALSE,-0.00215097449042612
"9207nic2.t1multi",13,9207,TRUE,0.0543433874845508,TRUE,0.0743835142680579
"9208nic2.t1multi",13,9208,FALSE,-0.0696345989902816,FALSE,-0.0794990152120593
"9209nic2.t1multi",13,9209,FALSE,-0.0587177524964015,FALSE,-0.014902208532606
"9211nic2.t1multi",13,9211,FALSE,-0.0714556303891269,FALSE,-0.0567790998352899
"9212nic2.t1multi",13,9212,FALSE,-0.0263861742886631,FALSE,-0.0260039567947387
"9213nic2.t1multi",13,9213,TRUE,0.0402423441410066,TRUE,0.0505494475364687
"9214nic2.t1multi",13,9214,TRUE,0.0508961598078411,TRUE,0.0750856670466337
"9215nic2.t1multi",13,9215,FALSE,-0.00592049317700516,TRUE,0.00963954461945438
"9216nic2.t1multi",13,9216,FALSE,-0.0744154027530127,FALSE,-0.0550595372915269
"9217nic2.t1multi",13,9217,FALSE,-0.0618179688851042,FALSE,-0.054183211591509
"9218nic2.t1multi",13,9218,FALSE,-0.0226381237690265,FALSE,-0.0117642184098563
"9219nic2.t1multi",13,9219,TRUE,0.0446064929167432,TRUE,0.055715824549015
"9220nic2.t1multi",13,9220,FALSE,-0.0731753025736126,FALSE,-0.0611069699128468
"9221nic2.t1multi",13,9221,TRUE,0.0736950653103683,TRUE,0.0813690565526486
"9222nic2.t1multi",13,9222,TRUE,0.0173115134239198,TRUE,0.033618561923504
"9223nic2.t1multi",13,9223,TRUE,0.0939944812229703,TRUE,0.0960497964512221
"9224nic2.t1multi",13,9224,TRUE,0.0626028153029355,TRUE,0.0605782313006266
"9201nic2.t1inter",13,9201,TRUE,0.208333333333333,TRUE,0.222222222222222
"9202nic2.t1inter",13,9202,TRUE,0.0845238095238096,TRUE,0.0863636363636363
"9203nic2.t1inter",13,9203,TRUE,0.046875,TRUE,0.0833333333333333
"9204nic2.t1inter",13,9204,TRUE,0.107371794871795,TRUE,0.175
"9205nic2.t1inter",13,9205,FALSE,-0.173076923076923,FALSE,-0.159090909090909
"9206nic2.t1inter",13,9206,TRUE,0.0208333333333334,TRUE,0.0454545454545454
"9207nic2.t1inter",13,9207,TRUE,0.171875,NA,NA
"9208nic2.t1inter",13,9208,TRUE,0.0833333333333334,TRUE,0.125
"9209nic2.t1inter",13,9209,FALSE,-0.0416666666666667,TRUE,0.0714285714285714
"9211nic2.t1inter",13,9211,TRUE,0.0227272727272727,TRUE,0.0833333333333334
"9212nic2.t1inter",13,9212,FALSE,-0.181818181818182,FALSE,-0.15
"9213nic2.t1inter",13,9213,TRUE,0.160714285714286,TRUE,0.173076923076923
"9214nic2.t1inter",13,9214,FALSE,-0.108333333333333,FALSE,-0.106818181818182
"9215nic2.t1inter",13,9215,TRUE,0.0357142857142858,TRUE,0.0555555555555556
"9216nic2.t1inter",13,9216,TRUE,0.107142857142857,NA,NA
"9217nic2.t1inter",13,9217,TRUE,0.166666666666667,TRUE,0.222222222222222
"9218nic2.t1inter",13,9218,NA,NA,FALSE,0
"9219nic2.t1inter",13,9219,TRUE,0.0166666666666666,TRUE,0.0192307692307692
"9220nic2.t1inter",13,9220,FALSE,-0.0934065934065934,FALSE,-0.106060606060606
"9221nic2.t1inter",13,9221,TRUE,0.153846153846154,TRUE,0.175
"9222nic2.t1inter",13,9222,FALSE,-0.1,FALSE,-0.0625
"9223nic2.t1inter",13,9223,TRUE,0.125,TRUE,0.113636363636364
"9224nic2.t1inter",13,9224,FALSE,-0.0636363636363636,FALSE,-0.0595238095238095
"9201nic2.t1global",13,9201,TRUE,0.128703698515892,TRUE,0.155864192379846
"9202nic2.t1global",13,9202,FALSE,-0.0479444364706675,FALSE,-0.0372474681247364
"9203nic2.t1global",13,9203,FALSE,-0.0521527845412495,FALSE,-0.0567361190915111
"9204nic2.t1global",13,9204,FALSE,-0.070512817456172,FALSE,-0.0652777671813964
"9205nic2.t1global",13,9205,FALSE,-0.140064108830232,FALSE,-0.153787881135941
"9206nic2.t1global",13,9206,FALSE,-0.143124997615814,FALSE,-0.146969692273573
"9207nic2.t1global",13,9207,TRUE,0.0966145759448408,TRUE,0.0929563439318111
"9208nic2.t1global",13,9208,FALSE,-0.0831018437941868,FALSE,-0.0886111080646514
"9209nic2.t1global",13,9209,TRUE,0.0797916663189728,TRUE,0.0584127136639186
"9211nic2.t1global",13,9211,FALSE,-0.121590904214166,FALSE,-0.118981473975712
"9212nic2.t1global",13,9212,TRUE,0.10151516307484,TRUE,0.110555565357208
"9213nic2.t1global",13,9213,TRUE,0.158611099501806,TRUE,0.16226494527207
"9214nic2.t1global",13,9214,TRUE,0.148129634062449,TRUE,0.166388893669302
"9215nic2.t1global",13,9215,FALSE,-0.0638888925313947,FALSE,-0.0624999999999999
"9216nic2.t1global",13,9216,FALSE,-0.0482142865657806,FALSE,-0.0476851910352707
"9217nic2.t1global",13,9217,FALSE,-0.0876851727565131,FALSE,-0.0714197423723009
"9218nic2.t1global",13,9218,TRUE,0.0210042687562796,TRUE,0.0279629578193028
"9219nic2.t1global",13,9219,TRUE,0.0474073966344196,TRUE,0.0467948638475857
"9220nic2.t1global",13,9220,TRUE,0.140476190618106,TRUE,0.139814811448256
"9221nic2.t1global",13,9221,TRUE,0.0843162479308935,TRUE,0.106555561721325
"9222nic2.t1global",13,9222,FALSE,-0.160583325475454,FALSE,-0.13128471467644
"9223nic2.t1global",13,9223,FALSE,-0.0702380921159471,FALSE,-0.0404545420950109
"9224nic2.t1global",13,9224,TRUE,0.0164141465317117,TRUE,0.0563492008617945
"9201nic2.t1demo",13,9201,TRUE,0.0412037049730618,TRUE,0.0604938235547807
"9202nic2.t1demo",13,9202,TRUE,0.0675925960143405,TRUE,0.0527777793732555
"9203nic2.t1demo",13,9203,TRUE,0.0520138889551165,TRUE,0.061481480797132
"9204nic2.t1demo",13,9204,FALSE,-0.0317094050920925,FALSE,-0.0167777895927429
"9205nic2.t1demo",13,9205,FALSE,-0.0435897432840786,FALSE,-0.0585858605124733
"9206nic2.t1demo",13,9206,FALSE,-0.046527775625388,FALSE,-0.0446969677101483
"9207nic2.t1demo",13,9207,TRUE,0.115625001490116,TRUE,0.119841271213123
"9208nic2.t1demo",13,9208,TRUE,0.093981470912695,TRUE,0.114999993145466
"9209nic2.t1demo",13,9209,FALSE,-0.0217592616875967,FALSE,-0.00317460298538197
"9211nic2.t1demo",13,9211,TRUE,0.0138888873837212,TRUE,0.0145061711470287
"9212nic2.t1demo",13,9212,FALSE,-0.0290404016321356,FALSE,-0.00194444358348844
"9213nic2.t1demo",13,9213,TRUE,0.0755952330572264,TRUE,0.0878205058666376
"9214nic2.t1demo",13,9214,TRUE,0.111481476823489,TRUE,0.121717164462263
"9215nic2.t1demo",13,9215,FALSE,-0.0413888841867445,TRUE,0.0229629675547283
"9216nic2.t1demo",13,9216,TRUE,0.0158730106694358,TRUE,0.0240740701556207
"9217nic2.t1demo",13,9217,TRUE,0.0634259233872095,TRUE,0.0675925943586561
"9218nic2.t1demo",13,9218,TRUE,0.0651709506144891,TRUE,0.0706018581986428
"9219nic2.t1demo",13,9219,TRUE,0.114592576026917,TRUE,0.123461521588839
"9220nic2.t1demo",13,9220,TRUE,0.106746032834053,TRUE,0.129629629353682
"9221nic2.t1demo",13,9221,TRUE,0.0851282110581032,TRUE,0.121222230792046
"9222nic2.t1demo",13,9222,FALSE,-0.119388879835606,FALSE,-0.104791656136513
"9223nic2.t1demo",13,9223,FALSE,-0.0450992158481053,FALSE,-0.0195202123035084
"9224nic2.t1demo",13,9224,FALSE,-0.00202020189978869,FALSE,-0.0468253961631231
"9201nic2.t1forai1",13,9201,TRUE,0.375,TRUE,0.333333333333333
"9202nic2.t1forai1",13,9202,FALSE,-0.126190476190476,FALSE,-0.168181818181818
"9203nic2.t1forai1",13,9203,FALSE,-0.3125,FALSE,-0.246212121212121
"9204nic2.t1forai1",13,9204,TRUE,0.346153846153846,TRUE,0.35
"9205nic2.t1forai1",13,9205,FALSE,-0.373076923076923,FALSE,-0.392045454545455
"9206nic2.t1forai1",13,9206,FALSE,-0.390151515151515,FALSE,-0.377272727272727
"9207nic2.t1forai1",13,9207,FALSE,-0.15625,FALSE,-0.142857142857143
"9208nic2.t1forai1",13,9208,TRUE,0.291666666666667,TRUE,0.3
"9209nic2.t1forai1",13,9209,TRUE,0.170454545454545,TRUE,0.30952380952381
"9211nic2.t1forai1",13,9211,TRUE,0.272727272727273,TRUE,0.277777777777778
"9212nic2.t1forai1",13,9212,TRUE,0.372727272727273,TRUE,0.361111111111111
"9213nic2.t1forai1",13,9213,TRUE,0.107142857142857,TRUE,0.115384615384615
"9214nic2.t1forai1",13,9214,TRUE,0.282967032967033,TRUE,0.328282828282828
"9215nic2.t1forai1",13,9215,FALSE,-0.25,FALSE,-0.150793650793651
"9216nic2.t1forai1",13,9216,FALSE,-0.285714285714286,FALSE,-0.333333333333333
"9217nic2.t1forai1",13,9217,TRUE,0.15530303030303,TRUE,0.159722222222222
"9218nic2.t1forai1",13,9218,FALSE,-0.00769230769230766,FALSE,0
"9219nic2.t1forai1",13,9219,FALSE,-0.161538461538462,FALSE,-0.108391608391608
"9220nic2.t1forai1",13,9220,FALSE,-0.211538461538462,FALSE,-0.162878787878788
"9221nic2.t1forai1",13,9221,TRUE,0.198717948717949,TRUE,0.161111111111111
"9222nic2.t1forai1",13,9222,FALSE,-0.2,FALSE,-0.125
"9223nic2.t1forai1",13,9223,TRUE,0.307692307692308,TRUE,0.290909090909091
"9224nic2.t1forai1",13,9224,TRUE,0.236363636363636,TRUE,0.25
"9201nic2.t1trade_b",13,9201,TRUE,0.0625,NA,NA
"9202nic2.t1trade_b",13,9202,FALSE,-0.00714285714285712,FALSE,-0.00909090909090904
"9203nic2.t1trade_b",13,9203,TRUE,0.116666666666667,TRUE,0.0757575757575757
"9204nic2.t1trade_b",13,9204,FALSE,-0.115384615384615,FALSE,-0.0499999999999999
"9205nic2.t1trade_b",13,9205,TRUE,0.0811965811965811,TRUE,0.136363636363636
"9206nic2.t1trade_b",13,9206,TRUE,0.185606060606061,TRUE,0.204545454545455
"9207nic2.t1trade_b",13,9207,FALSE,-0.177083333333333,FALSE,-0.164285714285714
"9208nic2.t1trade_b",13,9208,TRUE,0.106060606060606,TRUE,0.134920634920635
"9209nic2.t1trade_b",13,9209,TRUE,0.104545454545455,TRUE,0.166666666666667
"9211nic2.t1trade_b",13,9211,FALSE,-0.0555555555555556,FALSE,0
"9212nic2.t1trade_b",13,9212,FALSE,-0.267676767676768,FALSE,-0.2875
"9213nic2.t1trade_b",13,9213,FALSE,-0.104895104895105,FALSE,-0.108333333333333
"9214nic2.t1trade_b",13,9214,TRUE,0.240384615384615,TRUE,0.298611111111111
"9215nic2.t1trade_b",13,9215,FALSE,-0.0209790209790209,TRUE,0.125
"9216nic2.t1trade_b",13,9216,FALSE,-0.178030303030303,FALSE,-0.161111111111111
"9217nic2.t1trade_b",13,9217,TRUE,0.2,TRUE,0.284722222222222
"9218nic2.t1trade_b",13,9218,FALSE,-0.0104895104895105,TRUE,0.0833333333333334
"9219nic2.t1trade_b",13,9219,TRUE,0.233333333333333,TRUE,0.284615384615385
"9220nic2.t1trade_b",13,9220,TRUE,0.119047619047619,NA,NA
"9221nic2.t1trade_b",13,9221,FALSE,-0.166666666666667,FALSE,-0.192857142857143
"9222nic2.t1trade_b",13,9222,FALSE,-0.155555555555556,FALSE,-0.125
"9223nic2.t1trade_b",13,9223,TRUE,0.0884615384615384,TRUE,0.0170454545454545
"9224nic2.t1trade_b",13,9224,FALSE,-0.0858585858585859,FALSE,-0.0571428571428572
"9301btp03.olt1usseca",14,9301,TRUE,0.0107142861400332,TRUE,0.00444445013999928
"9302btp03.olt1usseca",14,9302,TRUE,0.011125010251999,TRUE,0.0635416905085247
"9303btp03.olt1usseca",14,9303,TRUE,0.0391176553333507,TRUE,0.0195833444595337
"9304btp03.olt1usseca",14,9304,TRUE,0.0245454528115011,TRUE,0.0164285727909632
"9305btp03.olt1usseca",14,9305,TRUE,0.0108333329359688,FALSE,-0.00687500089406989
"9306btp03.olt1usseca",14,9306,FALSE,-0.0265686266562519,FALSE,-0.026212117888711
"9307btp03.olt1usseca",14,9307,TRUE,0.0189052264090457,FALSE,-0.00606060908599337
"9308btp03.olt1usseca",14,9308,TRUE,0.0157142962728227,FALSE,-0.0114999890327454
"9309btp03.olt1usseca",14,9309,TRUE,0.00499999026457476,FALSE,-0.0122222304344175
"9310btp03.olt1usseca",14,9310,FALSE,-0.0269444336493811,FALSE,-0.0337499951322876
"9312btp03.olt1usseca",14,9312,FALSE,-0.0271739117477249,FALSE,-0.0269047632103873
"9313btp03.olt1usseca",14,9313,FALSE,-0.0302380990414393,FALSE,-0.0303571415799005
"9314btp03.olt1usseca",14,9314,FALSE,-0.00899999886751179,FALSE,-0.00333333181010342
"9315btp03.olt1usseca",14,9315,FALSE,-0.0255882371874415,FALSE,-0.0330000023047129
"9301btp03.olt1humrh2",14,9301,FALSE,-0.028571424207517,FALSE,-0.0444444351726109
"9302btp03.olt1humrh2",14,9302,FALSE,-0.0322222164935535,TRUE,0.0266666690508525
"9303btp03.olt1humrh2",14,9303,TRUE,3.9444250088394e-09,TRUE,0.0750000011175871
"9304btp03.olt1humrh2",14,9304,FALSE,-0.0181818225167014,FALSE,-6.38621189263944e-09
"9305btp03.olt1humrh2",14,9305,TRUE,0.116666667163372,TRUE,0.149999998509884
"9306btp03.olt1humrh2",14,9306,TRUE,0.105882348821444,TRUE,0.154545451429757
"9307btp03.olt1humrh2",14,9307,FALSE,-0.0614379029842763,FALSE,-0.00833332470872183
"9308btp03.olt1humrh2",14,9308,FALSE,-0.0642857157758304,FALSE,-0.100000002980232
"9309btp03.olt1humrh2",14,9309,FALSE,-0.100000003973643,FALSE,-0.100000000662274
"9310btp03.olt1humrh2",14,9310,TRUE,0.0166666698124674,TRUE,0.0500000057121118
"9312btp03.olt1humrh2",14,9312,TRUE,0.00434782323629967,TRUE,0.0285714247397014
"9313btp03.olt1humrh2",14,9313,FALSE,-0.0285714222561745,FALSE,-0.00714284979871338
"9314btp03.olt1humrh2",14,9314,FALSE,-0.0599999956786632,FALSE,-0.0611111058129205
"9315btp03.olt1humrh2",14,9315,FALSE,-0.0470588242306429,FALSE,-0.0200000007947285
"9301btp03.olt1envir",14,9301,TRUE,0.048214286964919,TRUE,0.0944444437821707
"9302btp03.olt1envir",14,9302,TRUE,0.0425000056624413,TRUE,0.141666668156783
"9303btp03.olt1envir",14,9303,FALSE,-0.0196078406537281,FALSE,-0.00902777413527189
"9304btp03.olt1envir",14,9304,FALSE,-0.0310606103051794,FALSE,-0.0773809509617942
"9305btp03.olt1envir",14,9305,FALSE,-0.0118055626129111,FALSE,-0.0020833439193666
"9306btp03.olt1envir",14,9306,FALSE,-0.0166666640297455,FALSE,-0.0454545442692258
"9307btp03.olt1envir",14,9307,TRUE,0.0550381213767466,TRUE,0.0208333308498064
"9308btp03.olt1envir",14,9308,TRUE,0.0261904756937708,TRUE,0.0450000002980231
"9309btp03.olt1envir",14,9309,TRUE,0.0243055547277133,TRUE,0.0361111064751943
"9310btp03.olt1envir",14,9310,FALSE,-0.0796296281947029,FALSE,-0.036111108958721
"9312btp03.olt1envir",14,9312,FALSE,-0.0583333321239637,FALSE,-0.0626984125091916
"9313btp03.olt1envir",14,9313,TRUE,0.019841275754429,TRUE,0.0297619093741689
"9314btp03.olt1envir",14,9314,TRUE,0.0283333390951157,TRUE,0.0342592630121443
"9315btp03.olt1envir",14,9315,TRUE,0.0470588207244873,TRUE,0.0516666650772095
"9301btp03.olt1inter",14,9301,FALSE,-0.0892857142857143,FALSE,-0.111111111111111
"9302btp03.olt1inter",14,9302,FALSE,-0.075,FALSE,-0.125
"9303btp03.olt1inter",14,9303,FALSE,-0.161764705882353,FALSE,-0.145833333333333
"9304btp03.olt1inter",14,9304,TRUE,0.0909090909090909,TRUE,0.142857142857143
"9305btp03.olt1inter",14,9305,TRUE,0.15719696969697,TRUE,0.209821428571429
"9306btp03.olt1inter",14,9306,FALSE,0,FALSE,0
"9307btp03.olt1inter",14,9307,TRUE,0.0939542483660131,TRUE,0.0738636363636364
"9308btp03.olt1inter",14,9308,FALSE,-0.0357142857142857,FALSE,0
"9309btp03.olt1inter",14,9309,TRUE,0.160984848484848,TRUE,0.215277777777778
"9310btp03.olt1inter",14,9310,TRUE,0.111111111111111,TRUE,0.145833333333333
"9312btp03.olt1inter",14,9312,TRUE,0.0597826086956522,TRUE,0.0541666666666666
"9313btp03.olt1inter",14,9313,TRUE,0.107738095238095,TRUE,0.123626373626374
"9314btp03.olt1inter",14,9314,TRUE,0.0625,TRUE,0.0972222222222222
"9315btp03.olt1inter",14,9315,FALSE,-0.0294117647058824,FALSE,-0.0499999999999999
"9301btp03.olt1multi",14,9301,FALSE,-0.0245287588664462,FALSE,-0.0380401081509059
"9302btp03.olt1multi",14,9302,TRUE,0.0479166746139527,TRUE,0.0970486203829447
"9303btp03.olt1multi",14,9303,TRUE,0.0318306491655461,TRUE,0.0440228134393691
"9304btp03.olt1multi",14,9304,FALSE,-0.0272321430119602,FALSE,-0.0271683675902231
"9305btp03.olt1multi",14,9305,FALSE,-0.00187664975722635,TRUE,0.0207899399101735
"9306btp03.olt1multi",14,9306,FALSE,-0.0702404230833052,FALSE,-0.0791531300002878
"9307btp03.olt1multi",14,9307,TRUE,0.00494572958525497,FALSE,-0.00402800490458788
"9308btp03.olt1multi",14,9308,TRUE,0.0309700816869733,TRUE,0.0118204265832899
"9309btp03.olt1multi",14,9309,FALSE,-0.0498511865735054,TRUE,0.00401785969734203
"9310btp03.olt1multi",14,9310,FALSE,-0.0458746684922112,FALSE,-0.0137772758801777
"9312btp03.olt1multi",14,9312,FALSE,-0.0383902723374575,FALSE,-0.0389710920197625
"9313btp03.olt1multi",14,9313,TRUE,0.0284235633554912,TRUE,0.0523079655000142
"9314btp03.olt1multi",14,9314,TRUE,0.0224057540297506,TRUE,0.0232749134302138
"9315btp03.olt1multi",14,9315,TRUE,0.0454423497704898,TRUE,0.0498346646626789
"9301btp03.olt1demo",14,9301,TRUE,0.06269842173372,TRUE,0.0993827283382415
"9302btp03.olt1demo",14,9302,FALSE,-0.00444444566965108,TRUE,0.0759259164333344
"9303btp03.olt1demo",14,9303,TRUE,0.0351307216812583,TRUE,0.0442129634320736
"9304btp03.olt1demo",14,9304,TRUE,0.027777767994187,TRUE,0.00317459447043278
"9305btp03.olt1demo",14,9305,TRUE,0.0467592601974805,TRUE,0.0923611149191856
"9306btp03.olt1demo",14,9306,FALSE,-0.0519607864758548,FALSE,-0.0535353557630019
"9307btp03.olt1demo",14,9307,FALSE,-0.0159404468205239,TRUE,0.0424242472332536
"9308btp03.olt1demo",14,9308,FALSE,-0.0585317441395352,FALSE,-0.028611108660698
"9309btp03.olt1demo",14,9309,TRUE,0.0312962979078292,TRUE,0.041728397210439
"9310btp03.olt1demo",14,9310,FALSE,-0.0486111119389534,FALSE,-0.0770833355685075
"9312btp03.olt1demo",14,9312,TRUE,0.000845412197320261,FALSE,-0.00304232679662259
"9313btp03.olt1demo",14,9313,FALSE,-0.0327513175351281,FALSE,-0.0173809485776085
"9314btp03.olt1demo",14,9314,TRUE,0.0658333361148835,TRUE,0.0824074099461238
"9315btp03.olt1demo",14,9315,TRUE,0.00424836838946607,TRUE,0.00629629890123995
"9301btp03.olt1forai1",14,9301,TRUE,0.0741758241758241,TRUE,0.125
"9302btp03.olt1forai1",14,9302,FALSE,-0.15,FALSE,-0.25
"9303btp03.olt1forai1",14,9303,TRUE,0.125,TRUE,0.0909090909090909
"9304btp03.olt1forai1",14,9304,TRUE,0.0454545454545455,FALSE,0
"9305btp03.olt1forai1",14,9305,TRUE,0.0083333333333333,FALSE,0
"9306btp03.olt1forai1",14,9306,FALSE,0,FALSE,0
"9307btp03.olt1forai1",14,9307,TRUE,0.0214285714285715,TRUE,0.0454545454545455
"9308btp03.olt1forai1",14,9308,FALSE,-0.032051282051282,TRUE,0.00555555555555554
"9309btp03.olt1forai1",14,9309,TRUE,0.222222222222222,TRUE,0.25
"9310btp03.olt1forai1",14,9310,TRUE,0.289583333333333,TRUE,0.4
"9312btp03.olt1forai1",14,9312,TRUE,0.182539682539683,TRUE,0.175986842105263
"9313btp03.olt1forai1",14,9313,TRUE,0.0833333333333333,TRUE,0.181818181818182
"9314btp03.olt1forai1",14,9314,FALSE,-0.223684210526316,FALSE,-0.2
"9315btp03.olt1forai1",14,9315,TRUE,0.0666666666666667,TRUE,0.0769230769230769
"9301btp03.olt1global",14,9301,TRUE,0.0468253950987543,TRUE,0.050308636493153
"9302btp03.olt1global",14,9302,FALSE,-0.0213888898491859,TRUE,0.0486111094554263
"9303btp03.olt1global",14,9303,FALSE,-0.0333333357292062,FALSE,-0.0182870378096897
"9304btp03.olt1global",14,9304,TRUE,0.0249999978325582,TRUE,0.00396825160298997
"9305btp03.olt1global",14,9305,TRUE,0.0722222266097863,TRUE,0.082638895139098
"9306btp03.olt1global",14,9306,TRUE,0.0610457544817645,TRUE,0.0610101019794291
"9307btp03.olt1global",14,9307,FALSE,-0.035012703754154,FALSE,-0.0159090901866104
"9308btp03.olt1global",14,9308,FALSE,-0.0255952243294035,FALSE,-0.0272222101688384
"9309btp03.olt1global",14,9309,FALSE,-0.0349537115544082,FALSE,-0.0435185217195089
"9310btp03.olt1global",14,9310,FALSE,-0.0597222199042638,FALSE,-0.0759259214003881
"9312btp03.olt1global",14,9312,FALSE,-0.0135748849614806,TRUE,0.00126983509177264
"9313btp03.olt1global",14,9313,FALSE,-0.000595231850942013,FALSE,-0.00287697996412012
"9314btp03.olt1global",14,9314,FALSE,-0.0472916617989542,FALSE,-0.0596450567245485
"9315btp03.olt1global",14,9315,FALSE,-0.0214052235378939,FALSE,-0.0270370324452718
"9301btp03.olt1trade",14,9301,TRUE,0.192857142857143,TRUE,0.311111111111111
"9302btp03.olt1trade",14,9302,FALSE,-0.104166666666667,FALSE,-0.133333333333333
"9303btp03.olt1trade",14,9303,FALSE,-0.0297619047619048,FALSE,-0.0476190476190477
"9304btp03.olt1trade",14,9304,TRUE,0.05,TRUE,0.125
"9305btp03.olt1trade",14,9305,TRUE,0.305555555555556,TRUE,0.525
"9306btp03.olt1trade",14,9306,FALSE,-0.2,FALSE,-0.133928571428571
"9307btp03.olt1trade",14,9307,NA,NA,TRUE,0.0267857142857143
"9308btp03.olt1trade",14,9308,FALSE,0,FALSE,0
"9309btp03.olt1trade",14,9309,TRUE,0.298611111111111,NA,NA
"9310btp03.olt1trade",14,9310,TRUE,0.186813186813187,TRUE,0.25
"9312btp03.olt1trade",14,9312,TRUE,0.0833333333333333,TRUE,0.139423076923077
"9313btp03.olt1trade",14,9313,FALSE,-0.0686813186813187,TRUE,0.011904761904762
"9314btp03.olt1trade",14,9314,TRUE,0.0730769230769231,TRUE,0.0511363636363636
"9315btp03.olt1trade",14,9315,FALSE,-0.104166666666667,FALSE,-0.116666666666667
"9401btp04.w4b42",15,9401,FALSE,-0.0127184427098224,FALSE,-0.0134916179236911
"9402btp04.w4b42",15,9402,TRUE,8.6945036192887e-07,TRUE,0.039215880281785
"9403btp04.w4b42",15,9403,TRUE,0.066269330964202,TRUE,0.0648146199378353
"9404btp04.w4b42",15,9404,FALSE,-0.0520825013518333,FALSE,-6.62273824669768e-09
"9405btp04.w4b42",15,9405,FALSE,-0.0217386898787126,FALSE,-0.030302720991048
"9406btp04.w4b42",15,9406,TRUE,0.00753935646443138,TRUE,0.00183764658868302
"9407btp04.w4b42",15,9407,FALSE,-0.0262250719480139,FALSE,-0.0062501699974139
"9408btp04.w4b42",15,9408,TRUE,0.166668009757996,TRUE,0.208335012197495
"9409btp04.w4b42",15,9409,TRUE,0.0238099992275239,FALSE,0
"9410btp04.w4b42",15,9410,FALSE,-0.0128192190940564,TRUE,9.184533898976e-07
"9411btp04.w4b42",15,9411,TRUE,5.87281058894717e-07,TRUE,0.0128207642298479
"9412btp04.w4b42",15,9412,TRUE,3.56031315706939e-07,FALSE,0
"9413btp04.w4b42",15,9413,FALSE,-0.130953335336277,FALSE,-0.111111669739087
"9414btp04.w4b42",15,9414,TRUE,0.128206156767332,TRUE,0.125000836948554
"9415btp04.w4b42",15,9415,FALSE,-0.060606371272694,FALSE,-0.074074453777737
"9401btp04.w4b45",15,9401,TRUE,0.00833299458026893,TRUE,0.011111330986023
"9402btp04.w4b45",15,9402,FALSE,-0.00595238361330253,TRUE,0.0111115568213993
"9403btp04.w4b45",15,9403,FALSE,-0.0350878928837023,TRUE,3.50615547706212e-09
"9404btp04.w4b45",15,9404,TRUE,0.0849204250744411,TRUE,0.0624974891543387
"9405btp04.w4b45",15,9405,FALSE,-0.0310239377733948,FALSE,-0.0317454030825978
"9406btp04.w4b45",15,9406,TRUE,0.0659097292206504,TRUE,0.0659734116246303
"9407btp04.w4b45",15,9407,FALSE,-0.00527051833307324,FALSE,-0.0645837550361951
"9408btp04.w4b45",15,9408,TRUE,0.0833324939012527,TRUE,0.111109991868337
"9409btp04.w4b45",15,9409,FALSE,-0.0357135640723365,FALSE,-0.0833324901759624
"9410btp04.w4b45",15,9410,FALSE,-0.035715000970023,FALSE,-0.0138900031646093
"9411btp04.w4b45",15,9411,TRUE,0.0555553257465363,TRUE,0.0454554530707274
"9412btp04.w4b45",15,9412,TRUE,0.0624999925494195,TRUE,0.083333323399226
"9413btp04.w4b45",15,9413,TRUE,4.96705365726768e-09,TRUE,0.0333340048789978
"9414btp04.w4b45",15,9414,TRUE,0.0384614901555763,TRUE,0.0427350071378242
"9415btp04.w4b45",15,9415,TRUE,0.0666680037975312,TRUE,0.104168754070997
"9401btp04.w4b48",15,9401,TRUE,0.0425924465060233,TRUE,0.0598295462437165
"9402btp04.w4b48",15,9402,TRUE,0.050504660290299,TRUE,0.0266206272774273
"9403btp04.w4b48",15,9403,FALSE,-0.04051817038603,FALSE,-0.0263162243292427
"9404btp04.w4b48",15,9404,TRUE,0.00833307765424252,FALSE,-0.00926000914639902
"9405btp04.w4b48",15,9405,FALSE,-0.0876629468682525,FALSE,-0.092064122288
"9406btp04.w4b48",15,9406,TRUE,0.0634914253439223,TRUE,0.0588235311648425
"9407btp04.w4b48",15,9407,TRUE,0.101119720770908,TRUE,0.0624999962747097
"9408btp04.w4b48",15,9408,TRUE,0.133336007595062,TRUE,0.125002510845661
"9409btp04.w4b48",15,9409,FALSE,-0.0833342905555453,FALSE,-0.125001255422831
"9410btp04.w4b48",15,9410,TRUE,0.0448706971529202,TRUE,0.0696959929032759
"9411btp04.w4b48",15,9411,TRUE,0.0490182649855521,TRUE,0.00932334457244088
"9412btp04.w4b48",15,9412,TRUE,0.119048574673278,TRUE,0.200000005960464
"9413btp04.w4b48",15,9413,FALSE,-0.0277783324321111,FALSE,-0.0333339989185334
"9414btp04.w4b48",15,9414,TRUE,0.0238087878122434,TRUE,0.0106826890737581
"9415btp04.w4b48",15,9415,FALSE,-0.10151353939013,FALSE,-0.120369577573405
"9401btp04.w4b51",15,9401,TRUE,0.0500000014901161,TRUE,0.0888886710007984
"9402btp04.w4b51",15,9402,FALSE,-0.0609361884504439,FALSE,-0.0281874997650877
"9403btp04.w4b51",15,9403,FALSE,-0.0468253809071723,FALSE,-0.0506822514777993
"9404btp04.w4b51",15,9404,TRUE,0.0548609629273414,TRUE,0.0925923660397529
"9405btp04.w4b51",15,9405,FALSE,-0.00559900848290662,TRUE,0.00216467659194752
"9406btp04.w4b51",15,9406,TRUE,0.0555566705408551,TRUE,0.0588241184459014
"9407btp04.w4b51",15,9407,FALSE,-0.00793666499001644,TRUE,0.0111106673876444
"9408btp04.w4b51",15,9408,FALSE,-0.0333319902420044,FALSE,-0.0416649878025055
"9409btp04.w4b51",15,9409,FALSE,-0.0833335710423333,TRUE,3.72529029846191e-09
"9410btp04.w4b51",15,9410,TRUE,0.115384613092129,TRUE,0.181818181818182
"9411btp04.w4b51",15,9411,FALSE,-0.0661770632380949,FALSE,-0.0726493000984191
"9412btp04.w4b51",15,9412,FALSE,-0.145835540656533,FALSE,-0.0888899981975556
"9413btp04.w4b51",15,9413,TRUE,0.250001019239426,TRUE,0.29166701734066
"9414btp04.w4b51",15,9414,TRUE,0.03479850767078,TRUE,0.0395298623121704
"9415btp04.w4b51",15,9415,FALSE,-0.0272723639553243,FALSE,-0.0277773617870277
"9401btp04.w4b54",15,9401,TRUE,0.149123157325544,TRUE,0.202381425670215
"9402btp04.w4b54",15,9402,FALSE,-0.0374390563887098,FALSE,-0.011981039752368
"9403btp04.w4b54",15,9403,FALSE,-0.039682381209873,FALSE,-0.043859473968807
"9404btp04.w4b54",15,9404,TRUE,0.0104162525385618,TRUE,0.0370366705788505
"9405btp04.w4b54",15,9405,FALSE,-0.116930473993418,FALSE,-0.122655432590675
"9406btp04.w4b54",15,9406,FALSE,-0.00984850295565337,FALSE,-0.0289347923050324
"9407btp04.w4b54",15,9407,TRUE,0.0198417372646786,TRUE,0.0468258542673929
"9408btp04.w4b54",15,9408,TRUE,0.0416649878025055,FALSE,-0.0555566747983297
"9409btp04.w4b54",15,9409,TRUE,0.107141424502645,TRUE,0.145831245929003
"9410btp04.w4b54",15,9410,FALSE,-0.0256423147825095,FALSE,-1.82606957183085e-06
"9411btp04.w4b54",15,9411,FALSE,-0.0784315455924062,FALSE,-0.0769227569301923
"9412btp04.w4b54",15,9412,FALSE,-0.0625012554228306,FALSE,-0.0277783373991649
"9413btp04.w4b54",15,9413,TRUE,0.0952385749135699,TRUE,0.111111670732498
"9414btp04.w4b54",15,9414,TRUE,0.0128192282640016,TRUE,0.0277766659855843
"9415btp04.w4b54",15,9415,TRUE,0.0757563493468545,TRUE,0.0740733212894864
"9401btp04.w4b57",15,9401,FALSE,-0.0350873658531591,FALSE,-0.0357142835855484
"9402btp04.w4b57",15,9402,FALSE,-0.105429013005712,FALSE,-0.134258260122604
"9403btp04.w4b57",15,9403,FALSE,-0.00635019327913022,FALSE,-0.00633637737809578
"9404btp04.w4b57",15,9404,TRUE,0.0222213288148244,TRUE,0.0416649915277957
"9405btp04.w4b57",15,9405,FALSE,-0.0566536202261099,FALSE,-0.0588024497290195
"9406btp04.w4b57",15,9406,FALSE,-0.0269849344378427,FALSE,-0.00612846137407952
"9407btp04.w4b57",15,9407,FALSE,-0.106059995564547,FALSE,-0.144443996747335
"9408btp04.w4b57",15,9408,TRUE,0.0416675046086312,TRUE,0.0555566723148028
"9409btp04.w4b57",15,9409,TRUE,0.0302192819314999,TRUE,0.0267857142857143
"9410btp04.w4b57",15,9410,FALSE,-0.0256407742316905,FALSE,-0.0151509127833626
"9411btp04.w4b57",15,9411,TRUE,0.0741423543761758,TRUE,0.0908127574202343
"9412btp04.w4b57",15,9412,FALSE,-0.172619463609798,FALSE,-0.211111665765444
"9413btp04.w4b57",15,9413,FALSE,-0.0158730951093492,FALSE,-0.0388889998197557
"9414btp04.w4b57",15,9414,FALSE,-0.0694433301687241,FALSE,-0.0757563601840625
"9415btp04.w4b57",15,9415,TRUE,0.151513633402911,TRUE,0.148146662447188
"9501btp04pr.t1trade",16,9501,FALSE,-0.251988095187006,FALSE,-0.18680808158836
"9502btp04pr.t1trade",16,9502,FALSE,-0.0079809518087478,TRUE,0.0469641031363072
"9503btp04pr.t1trade",16,9503,FALSE,-0.0862999975681308,FALSE,-0.106006407202819
"9504btp04pr.t1trade",16,9504,TRUE,0.0214666653902105,TRUE,0.0667666653792064
"9505btp04pr.t1trade",16,9505,FALSE,-0.0745804197304732,FALSE,-0.0792249992489816
"9506btp04pr.t1trade",16,9506,FALSE,-0.122266666094462,FALSE,-0.151545454155315
"9507btp04pr.t1trade",16,9507,FALSE,-0.00427499860525149,TRUE,0.0474857160023279
"9508btp04pr.t1trade",16,9508,FALSE,-0.145791667203108,FALSE,-0.142857142857143
"9509btp04pr.t1trade",16,9509,FALSE,-0.0585497066988583,FALSE,-0.0556166658798855
"9510btp04pr.t1trade",16,9510,FALSE,-0.117902779744731,FALSE,0
"9511btp04pr.t1trade",16,9511,FALSE,-0.0746223772322382,FALSE,-0.0791749998927116
"9512btp04pr.t1trade",16,9512,TRUE,0.00694444444444442,FALSE,-0.116650000214577
"9513btp04pr.t1trade",16,9513,FALSE,-0.0390817010714336,TRUE,0.0150384604930879
"9515btp04pr.t1trade",16,9515,TRUE,0.0502307690106906,FALSE,-0.0238571422440665
"9516btp04pr.t1trade",16,9516,TRUE,0.182791667679946,TRUE,0.214285714285714
"9501btp04pr.t1mindex",16,9501,FALSE,-0.0843809491821699,FALSE,-0.0795909044417468
"9502btp04pr.t1mindex",16,9502,FALSE,-0.0320937586948273,FALSE,-0.0194333414236703
"9503btp04pr.t1mindex",16,9503,TRUE,0.0849895789287983,TRUE,0.106756404615365
"9504btp04pr.t1mindex",16,9504,FALSE,-0.0490777748326461,FALSE,-0.038180551181237
"9505btp04pr.t1mindex",16,9505,TRUE,0.0673333440835661,TRUE,0.0875000104308129
"9506btp04pr.t1mindex",16,9506,FALSE,-0.095377779006958,FALSE,-0.112363639202985
"9507btp04pr.t1mindex",16,9507,TRUE,0.0126060599630531,FALSE,-0.0173750072717666
"9508btp04pr.t1mindex",16,9508,FALSE,-0.0486333280801772,FALSE,-0.0330416597425938
"9509btp04pr.t1mindex",16,9509,TRUE,0.0570526366171084,TRUE,0.0816250070929527
"9510btp04pr.t1mindex",16,9510,TRUE,0.0194666706025601,TRUE,0.0324444423119228
"9511btp04pr.t1mindex",16,9511,TRUE,0.0654999975647246,TRUE,0.0909090881997889
"9512btp04pr.t1mindex",16,9512,TRUE,0.0555925961169933,TRUE,0.105533333867788
"9513btp04pr.t1mindex",16,9513,TRUE,0.0145555539500146,FALSE,-0.00170833570882667
"9515btp04pr.t1mindex",16,9515,TRUE,0.0171025641835653,FALSE,-0.0238571390509607
"9516btp04pr.t1mindex",16,9516,FALSE,-0.0391515114090659,FALSE,-0.0478518472777473
"9501btp04pr.t1services",16,9501,TRUE,7.14276518141155e-05,TRUE,0.0151818177916787
"9502btp04pr.t1services",16,9502,TRUE,0.0333333333333333,TRUE,0.0333333333333333
"9503btp04pr.t1services",16,9503,TRUE,0.0250416661302248,TRUE,0.0438782041653609
"9504btp04pr.t1services",16,9504,FALSE,-0.0222000002861023,FALSE,-0.0278333326180776
"9505btp04pr.t1services",16,9505,TRUE,0.013833334048589,FALSE,0
"9506btp04pr.t1services",16,9506,FALSE,-0.0183523796853566,FALSE,-0.0348909085447138
"9507btp04pr.t1services",16,9507,TRUE,0.0500999987125398,TRUE,0.0239999975476949
"9508btp04pr.t1services",16,9508,FALSE,-0.00925555560323921,FALSE,-0.0089285714285714
"9509btp04pr.t1services",16,9509,FALSE,-0.00928104547114161,TRUE,0.0157523825055076
"9510btp04pr.t1services",16,9510,FALSE,-0.0333999991416932,FALSE,-0.0555000007152556
"9511btp04pr.t1services",16,9511,TRUE,0.0204102549797451,TRUE,0.0483333309491478
"9512btp04pr.t1services",16,9512,FALSE,-0.0503015868247502,FALSE,-0.0556666652361554
"9513btp04pr.t1services",16,9513,TRUE,0.0713809529940286,TRUE,0.114500001072884
"9515btp04pr.t1services",16,9515,TRUE,0.0211794896003524,FALSE,-0.127023809012913
"9516btp04pr.t1services",16,9516,FALSE,-0.0304545435038482,FALSE,-0.018777774439918
"9601sm.t1more",17,9601,TRUE,0.266666662693024,TRUE,0.333333328366279
"9602sm.t1more",17,9602,FALSE,-2.98023217215615e-09,TRUE,0.299999997019768
"9603sm.t1more",17,9603,FALSE,-0.400000011920929,FALSE,-0.250000014901162
"9605sm.t1more",17,9605,TRUE,3.72529018743961e-09,TRUE,5.9604644553346e-09
"9606sm.t1more",17,9606,TRUE,0.351851852196786,TRUE,0.483333326379458
"9607sm.t1more",17,9607,TRUE,0.280092579830024,TRUE,0.273809511746679
"9610sm.t1more",17,9610,FALSE,-0.0238095266478403,TRUE,0.0333333253860472
"9611sm.t1more",17,9611,FALSE,-0.0851851787832046,FALSE,-0.0555555505885017
"9613sm.t1more",17,9613,TRUE,0.0333333358168601,TRUE,0.0208333414047956
"9614sm.t1more",17,9614,TRUE,0.138888873159885,TRUE,0.166666653007269
"9615sm.t1more",17,9615,FALSE,-0.138888905445735,FALSE,-0.133333349227906
"9616sm.t1more",17,9616,TRUE,0.33333332836628,TRUE,0.333333331346512
"9617sm.t1more",17,9617,TRUE,0.0833333246409892,TRUE,0.111111099521319
"9619sm.t1more",17,9619,TRUE,0.0238095074892041,TRUE,0.111111092070738
"9620sm.t1more",17,9620,TRUE,0.333333337306976,TRUE,0.333333339956072
"9622sm.t1more",17,9622,TRUE,0.0952380895614623,TRUE,0.13888888557752
"9623sm.t1more",17,9623,FALSE,-0.311111098031203,FALSE,-0.299999988079071
"9624sm.t1more",17,9624,FALSE,-0.205555562178294,FALSE,-0.166666671633721
"9625sm.t1more",17,9625,FALSE,-0.214285703287238,FALSE,-0.194444435338179
"9601sm.t1belowmrkt",17,9601,FALSE,-0.1,FALSE,-0.125
"9602sm.t1belowmrkt",17,9602,FALSE,-0.199999992549419,FALSE,-0.0333333253860473
"9603sm.t1belowmrkt",17,9603,FALSE,-0.166666662693024,FALSE,-0.208333328366279
"9605sm.t1belowmrkt",17,9605,TRUE,0.0416666734963655,TRUE,0.0333333373069764
"9606sm.t1belowmrkt",17,9606,TRUE,0.037037045798368,TRUE,0.188888891537984
"9607sm.t1belowmrkt",17,9607,TRUE,0.129629631837209,TRUE,0.14583333581686
"9610sm.t1belowmrkt",17,9610,FALSE,-0.0714285714285714,FALSE,-0.1
"9611sm.t1belowmrkt",17,9611,TRUE,0.0499999940395354,TRUE,0.0925925837622746
"9613sm.t1belowmrkt",17,9613,TRUE,0.21666666418314,TRUE,0.250000001862645
"9614sm.t1belowmrkt",17,9614,FALSE,-0.249999997516473,FALSE,-0.24999999627471
"9615sm.t1belowmrkt",17,9615,FALSE,-0.0388888855775197,FALSE,0
"9616sm.t1belowmrkt",17,9616,FALSE,-0.027777781089147,FALSE,-0.0333333373069764
"9617sm.t1belowmrkt",17,9617,FALSE,-0.125,FALSE,-0.166666666666667
"9619sm.t1belowmrkt",17,9619,TRUE,0.0238095287765775,FALSE,0
"9620sm.t1belowmrkt",17,9620,TRUE,0.316666668653488,TRUE,0.333333333333333
"9622sm.t1belowmrkt",17,9622,FALSE,-0.142857134342193,FALSE,-0.138888875643412
"9623sm.t1belowmrkt",17,9623,FALSE,-0.0499999910593033,TRUE,0.0500000089406968
"9624sm.t1belowmrkt",17,9624,FALSE,-0.277777781089147,FALSE,-0.25
"9625sm.t1belowmrkt",17,9625,FALSE,-0.0912698354749452,FALSE,-0.105555549263954
"9601sm.t1openspace",17,9601,FALSE,-0.233333337306976,FALSE,-0.291666671633721
"9602sm.t1openspace",17,9602,TRUE,0.300000001490116,TRUE,0.233333325386047
"9603sm.t1openspace",17,9603,FALSE,-2.98023219991173e-09,FALSE,-3.72529024295076e-09
"9605sm.t1openspace",17,9605,TRUE,0.184523801984531,TRUE,0.233333322405815
"9606sm.t1openspace",17,9606,TRUE,1.158979212601e-08,TRUE,0.0833333358168601
"9607sm.t1openspace",17,9607,TRUE,0.166666662320495,TRUE,0.214285714285714
"9610sm.t1openspace",17,9610,FALSE,-0.0238095181328909,FALSE,-2.98023217215615e-09
"9611sm.t1openspace",17,9611,FALSE,-0.122222220069832,FALSE,-0.134259256844719
"9613sm.t1openspace",17,9613,TRUE,0.133333338797093,TRUE,0.166666673496366
"9614sm.t1openspace",17,9614,TRUE,0.0277777661879857,FALSE,-2.60770322557669e-08
"9615sm.t1openspace",17,9615,NA,NA,FALSE,0
"9616sm.t1openspace",17,9616,TRUE,0.111111102004846,TRUE,0.133333322405815
"9617sm.t1openspace",17,9617,TRUE,0.166666693985462,TRUE,0.222222258647283
"9619sm.t1openspace",17,9619,TRUE,0.289682536252907,TRUE,0.283333335320155
"9620sm.t1openspace",17,9620,FALSE,-0.0666666552424429,FALSE,-0.0740740613804921
"9622sm.t1openspace",17,9622,FALSE,-0.119047616209303,FALSE,-0.0833333333333333
"9623sm.t1openspace",17,9623,FALSE,-0.127777764201164,FALSE,-0.183333325386047
"9624sm.t1openspace",17,9624,TRUE,0.249999982615312,TRUE,0.291666649281978
"9625sm.t1openspace",17,9625,FALSE,-0.0952380895614623,FALSE,-0.111111104488373
"9601sm.t1countyl",17,9601,FALSE,-0.174999994039535,FALSE,-0.208333324640989
"9602sm.t1countyl",17,9602,FALSE,-0.116666661037339,TRUE,0.0583333373069764
"9603sm.t1countyl",17,9603,FALSE,-0.0999999850988386,TRUE,0.125000018626452
"9605sm.t1countyl",17,9605,TRUE,0.169642859271595,TRUE,0.241666665673256
"9606sm.t1countyl",17,9606,FALSE,-0.0717592404948338,TRUE,0.0277777984738352
"9607sm.t1countyl",17,9607,TRUE,0.055555545621448,TRUE,0.0416666623204947
"9610sm.t1countyl",17,9610,TRUE,0.285714272941862,TRUE,0.433333319425583
"9611sm.t1countyl",17,9611,FALSE,-0.129629631174935,FALSE,-0.0833333349890178
"9613sm.t1countyl",17,9613,FALSE,-0.257407397031784,FALSE,-0.238095232418605
"9614sm.t1countyl",17,9614,FALSE,-0.0833333159486452,TRUE,0.0833333469927313
"9615sm.t1countyl",17,9615,FALSE,0,FALSE,0
"9616sm.t1countyl",17,9616,FALSE,-0.277777781089147,FALSE,-0.3
"9617sm.t1countyl",17,9617,FALSE,-0.125000018626452,FALSE,-2.48352689524722e-08
"9619sm.t1countyl",17,9619,FALSE,-0.0714285735573086,TRUE,0.0833333308498065
"9620sm.t1countyl",17,9620,TRUE,0.233333331346512,TRUE,0.25925925705168
"9622sm.t1countyl",17,9622,FALSE,-0.190476185509137,FALSE,-0.222222216427326
"9623sm.t1countyl",17,9623,TRUE,0.250000009934108,TRUE,0.266666674613953
"9624sm.t1countyl",17,9624,TRUE,0.283333337306976,TRUE,0.305555562178294
"9625sm.t1countyl",17,9625,TRUE,0.261904759066445,TRUE,0.36111111442248
