"dimension","measure","outcome","estimate","null","se","df","p","conf_low","conf_high","se_two_way","df_two_way","p_two_way","two_way_variance_nonnegative","n_pairs","n_groups","n_issues","n_polls","mean_absolute","proportion_abs_gt_10","proportion_abs_gt_20","leave_one_poll_min","leave_one_poll_max","p_holm_24","p_bh_24","p_bonferroni_24"
"Gender","D","ext_grp",0.00175429996191233,0,0.00352039543651967,13.9207751201194,0.62603574051083,-0.00580023066433894,0.0093088305881636,0.00321463236351876,128,0.58620591877533,TRUE,2436,396,129,21,0.0888863651052671,0.318144499178982,0.100985221674877,-0.00042785364141318,0.00301212958551055,1,0.682948080557269,1
"Gender","dM","ext_dis",0.0394701201723524,0,0.00665408528687109,13.9132672702898,3.75663245812484e-05,0.0251901756028626,0.0537500647418422,0.0044725661470739,128,6.97343136973956e-15,TRUE,2437,396,129,21,0.113255676546327,0.415675010258515,0.153057037340993,0.0342362593141085,0.0414662004984175,0.000676193842462471,0.000128798827135709,0.000901591789949961
"Gender","aM","ext_adv",-0.0366507324375659,0,0.00549600717208086,13.9132672702898,1.09727597396707e-05,-0.0484453930689353,-0.0248560718061964,0.00440274996270036,128,1.10251263035026e-13,TRUE,2437,396,129,21,0.109015547770556,0.40500615510874,0.156750102585146,-0.0389169245476831,-0.0342501410780254,0.000230427954533084,6.5836558438024e-05,0.000263346233752096
"Gender","Db","freqgrp_grp",0.471264367816092,0.5,0.0141952527007765,13.9207751201194,0.0625657877377022,0.44080231512652,0.501726420505664,0.0122680574278733,128,0.0207076057071125,TRUE,2436,396,129,21,NA,NA,NA,0.465435606060606,0.479281767955801,0.437960514163916,0.0815970685273917,1
"Gender","dMb","freqdis_grp",0.571604431678293,0.5,0.0119889341756492,13.9132672702898,3.50210705498743e-05,0.545875678875361,0.597333184481225,0.0118443383198121,128,1.52047971145605e-08,TRUE,2437,396,129,21,NA,NA,NA,0.563825183903072,0.575086805555556,0.000665400340447611,0.000128798827135709,0.000840505693196983
"Gender","aMb","freqadv_grp",0.361920393926957,0.5,0.0134364767605066,13.9132672702898,7.05042324820973e-08,0.333085154359492,0.390755633494422,0.0118514284527282,128,7.84282580287531e-22,TRUE,2437,396,129,21,NA,NA,NA,0.356903765690377,0.36878453038674,1.69210157957034e-06,1.69210157957034e-06,1.69210157957034e-06
"Education","D","ext_grp",0.0100425158300509,0,0.00313244695460156,14.0098249877648,0.00633996623012214,0.00332452729815974,0.016760504361942,0.00352922284713132,128,0.00516480653622737,TRUE,2385,392,129,21,0.0896440448209119,0.325366876310273,0.10314465408805,0.007759033036404,0.0111577433679912,0.0697396285313436,0.0108685135373522,0.152159189522931
"Education","dM","ext_dis",0.0522423478471193,0,0.00665721671593478,13.9883995721346,1.72142270759994e-06,0.0379629271111371,0.0665217685831014,0.00538670954251036,128,5.21321102111434e-17,TRUE,2386,392,129,21,0.119617841782532,0.431265716680637,0.173931265716681,0.0479944725485779,0.0548590863699724,3.95927222747985e-05,2.06570724911992e-05,4.13141449823985e-05
"Education","aM","ext_adv",-0.0301129667083291,0,0.00849395481971419,13.9940219365647,0.00323336701828681,-0.0483314180743205,-0.0118945153423377,0.00536298739633408,128,1.16632028006262e-07,TRUE,2387,392,129,21,0.112376848316046,0.408043569333892,0.161290322580645,-0.0333753209098203,-0.0240152399567244,0.0485005052743022,0.00775944333238204,0.0776008084388836
"Education","Db","freqgrp_grp",0.523270440251572,0.5,0.0171456010664876,14.0098249877648,0.196173370360819,0.486499202619651,0.560041677883494,0.0134352434192903,128,0.0856746104966231,TRUE,2385,392,129,21,NA,NA,NA,0.518613607188703,0.537629350893697,0.980866851804097,0.235408044432983,1
"Education","dMb","freqdis_grp",0.593461860854988,0.5,0.012782312867015,13.9883995721346,3.85763537656681e-06,0.56604439328627,0.620879328423705,0.0123614304031101,128,6.81017875110578e-12,TRUE,2386,392,129,21,NA,NA,NA,0.588047445255474,0.59951573849879,8.48679782844699e-05,3.08610830125345e-05,9.25832490376035e-05
"Education","aMb","freqadv_grp",0.390448261416003,0.5,0.0226120489493644,13.9940219365647,0.000260072719702042,0.341948296109703,0.438948226722302,0.0156278815344101,128,1.22104908011623e-10,TRUE,2387,392,129,21,NA,NA,NA,0.381668946648426,0.404515522107244,0.00442123623493471,0.000780218159106126,0.006241745272849
"Income","D","ext_grp",0.00150626359145496,0,0.00418917325863058,7.39939491719995,0.72921930245543,-0.00829219077858364,0.0113047179614936,0.00406533966634719,65,0.712204556733408,TRUE,1144,197,66,11,0.095662676714219,0.346153846153846,0.120629370629371,-0.000442482845342186,0.0044997692500711,1,0.76092448951871,1
"Income","dM","ext_dis",0.0489862534780055,0,0.0146400670489663,7.39939491719995,0.011354446435816,0.0147432131219961,0.083229293834015,0.00739520065337791,65,7.96398988235897e-09,TRUE,1144,197,66,11,0.124768242638903,0.451048951048951,0.193181818181818,0.0350302961973082,0.0548503364056737,0.102190017922344,0.0170316696537239,0.272506714459583
"Income","aM","ext_adv",-0.0325556519693918,0,0.00800787706349784,7.39939491719995,0.00424938394922974,-0.0512860345922418,-0.0138252693465418,0.00638872618744869,65,3.21373975776441e-06,TRUE,1144,197,66,11,0.118697713333708,0.407342657342657,0.173076923076923,-0.0357460423615079,-0.025696352048941,0.0531693813618248,0.00784501652165491,0.101985214781514
"Income","Db","freqgrp_grp",0.505244755244755,0.5,0.0175306357671474,7.39939491719995,0.773034706985812,0.464240689755635,0.546248820733876,0.0161377796345271,65,0.746225907643511,TRUE,1144,197,66,11,NA,NA,NA,0.496204933586338,0.514008620689655,1,0.773034706985812,1
"Income","dMb","freqdis_grp",0.567307692307692,0.5,0.023146675281288,7.39939491719995,0.0213820403664832,0.513167739730047,0.621447644885338,0.015246669456346,65,3.9047778680697e-05,TRUE,1144,197,66,11,NA,NA,NA,0.548625792811839,0.577290076335878,0.171056322931865,0.0301864099291527,0.513168968795596
"Income","aMb","freqadv_grp",0.412587412587412,0.5,0.0169508747167866,7.39939491719995,0.0011065561257483,0.372939405166738,0.452235420008086,0.018793423683066,65,1.66800143524852e-05,TRUE,1144,197,66,11,NA,NA,NA,0.404174573055028,0.420801526717557,0.0177048980119728,0.0029508163353288,0.0265573470179592
"Gender, education, and income","D","ext_grp",0.0128518499469044,0,0.00593830842749608,7.50415982653461,0.0645976792508518,-0.00100102047783196,0.0267047203716408,0.00594461325537314,65,0.0343104566475967,TRUE,983,173,66,11,0.0945687055714464,0.34587995930824,0.120040691759919,0.00920991927661815,0.0159097411494637,0.437960514163916,0.0815970685273917,1
"Gender, education, and income","dM","ext_dis",0.0294512513677183,0,0.00723268923832714,7.50415982653461,0.00408995241244806,0.0125788527605651,0.0463236499748716,0.00649941683899154,65,2.57255513315603e-05,TRUE,983,173,66,11,0.10202144280614,0.391658189216684,0.136317395727365,0.0254114479771132,0.0327711225037513,0.0531693813618248,0.00784501652165491,0.0981588578987535
"Gender, education, and income","aM","ext_adv",-0.0641275881127158,0,0.0153468508742958,7.50198069605272,0.00355641152734177,-0.0999306286634876,-0.028324547561944,0.0106834726214076,65,9.58806113460424e-08,TRUE,973,173,66,11,0.144399131554018,0.457348406988695,0.247687564234327,-0.0711459838403448,-0.0519537959009942,0.0497897613827847,0.00775944333238204,0.0853538766562024
"Gender, education, and income","Db","freqgrp_grp",0.51881993896236,0.5,0.0152819092069643,7.50415982653461,0.255323694409537,0.483170340988224,0.554469536936497,0.0206120695005035,65,0.364588275926651,TRUE,983,173,66,11,NA,NA,NA,0.510514018691589,0.527061855670103,1,0.291798507896614,1
"Gender, education, and income","dMb","freqdis_grp",0.552390640895219,0.5,0.0149329520997189,7.50415982653461,0.00883596894336692,0.5175550891515,0.587226192638938,0.0183551744939472,65,0.00578175062973815,TRUE,983,173,66,11,NA,NA,NA,0.544776119402985,0.559726962457338,0.0883596894336692,0.0141375503093871,0.212063254640806
"Gender, education, and income","aMb","freqadv_grp",0.303186022610484,0.5,0.0216141429434521,7.50198069605272,2.5678059271176e-05,0.252761864415873,0.353610180805094,0.0174695801431012,65,6.28432522860358e-17,TRUE,973,173,66,11,NA,NA,NA,0.290588235294117,0.318823529411765,0.000513561185423519,0.000123254684501645,0.000616273422508223
